"ImeL0","ImeL1","ImeL2","MotherIdL3","ImeL3","L0-L1-L2-L3"
"-","Audio & Video","Televizori","38","Plazma TV","- -> Audio & Video -> Televizori -> Plazma TV"
"-","Audio & Video","Televizori","122","Satelitska TV","- -> Audio & Video -> Televizori -> Satelitska TV"
"-","Audio & Video","Televizori","367","OLED TV","- -> Audio & Video -> Televizori -> OLED TV"
"-","Audio & Video","Televizori","1689","LCD / LED TV","- -> Audio & Video -> Televizori -> LCD / LED TV"
"-","Audio & Video","Kućni bioskop","13","DVD plejeri","- -> Audio & Video -> Kućni bioskop -> DVD plejeri"
"-","Audio & Video","Kućni bioskop","14","DVD rekorderi","- -> Audio & Video -> Kućni bioskop -> DVD rekorderi"
"-","Audio & Video","Kućni bioskop","54","Zvučnici za kućni bioskop","- -> Audio & Video -> Kućni bioskop -> Zvučnici za kućni bioskop"
"-","Audio & Video","Kućni bioskop","96","Projektori","- -> Audio & Video -> Kućni bioskop -> Projektori"
"-","Audio & Video","Kućni bioskop","97","Dodaci za kućni bioskop","- -> Audio & Video -> Kućni bioskop -> Dodaci za kućni bioskop"
"-","Audio & Video","Kućni bioskop","123","Kompleti za kućni bioskop","- -> Audio & Video -> Kućni bioskop -> Kompleti za kućni bioskop"
"-","Audio & Video","Kućni bioskop","137","Projekciona platna","- -> Audio & Video -> Kućni bioskop -> Projekciona platna"
"-","Audio & Video","Kućni bioskop","365","Digitalni plejeri","- -> Audio & Video -> Kućni bioskop -> Digitalni plejeri"
"-","Audio & Video","Muzički plejeri","124","Muzičke linije","- -> Audio & Video -> Muzički plejeri -> Muzičke linije"
"-","Audio & Video","Muzički plejeri","125","Prenosni CD / plejeri","- -> Audio & Video -> Muzički plejeri -> Prenosni CD / plejeri"
"-","Audio & Video","Muzički plejeri","132","Mp3 plejeri","- -> Audio & Video -> Muzički plejeri -> Mp3 plejeri"
"-","Audio & Video","Muzički plejeri","135","Diktafoni","- -> Audio & Video -> Muzički plejeri -> Diktafoni"
"-","Audio & Video","Muzički plejeri","2959","Karaoke","- -> Audio & Video -> Muzički plejeri -> Karaoke"
"-","Audio & Video","Dodatna oprema za audio i video","41","Za televizore","- -> Audio & Video -> Dodatna oprema za audio i video -> Za televizore"
"-","Audio & Video","Dodatna oprema za audio i video","55","Kablovi i produžeci","- -> Audio & Video -> Dodatna oprema za audio i video -> Kablovi i produžeci"
"-","Audio & Video","Dodatna oprema za audio i video","56","Konektori","- -> Audio & Video -> Dodatna oprema za audio i video -> Konektori"
"-","Audio & Video","Dodatna oprema za audio i video","131","Za MP3 plejere","- -> Audio & Video -> Dodatna oprema za audio i video -> Za MP3 plejere"
"-","Audio & Video","Hi-Fi","128","CD plejeri","- -> Audio & Video -> Hi-Fi -> CD plejeri"
"-","Audio & Video","Hi-Fi","129","Gramofoni","- -> Audio & Video -> Hi-Fi -> Gramofoni"
"-","Audio & Video","Hi-Fi","130","Pojačala i risiveri","- -> Audio & Video -> Hi-Fi -> Pojačala i risiveri"
"-","Audio & Video","Hi-Fi","136","Slušalice","- -> Audio & Video -> Hi-Fi -> Slušalice"
"-","Audio & Video","Hi-Fi","171","Zvučnici","- -> Audio & Video -> Hi-Fi -> Zvučnici"
"-","Audio & Video","Muzički instrumenti","174","Gitare","- -> Audio & Video -> Muzički instrumenti -> Gitare"
"-","Audio & Video","Muzički instrumenti","175","Klavijature","- -> Audio & Video -> Muzički instrumenti -> Klavijature"
"-","Audio & Video","Muzički instrumenti","176","Bubnjevi i udaraljke","- -> Audio & Video -> Muzički instrumenti -> Bubnjevi i udaraljke"
"-","Audio & Video","Muzički instrumenti","177","Duhački","- -> Audio & Video -> Muzički instrumenti -> Duhački"
"-","Audio & Video","Muzički instrumenti","178","Trube","- -> Audio & Video -> Muzički instrumenti -> Trube"
"-","Audio & Video","Muzički instrumenti","179","Harmonike","- -> Audio & Video -> Muzički instrumenti -> Harmonike"
"-","Audio & Video","Muzički instrumenti","180","Ostali muzički instrumenti","- -> Audio & Video -> Muzički instrumenti -> Ostali muzički instrumenti"
"-","Audio & Video","Muzički instrumenti","515","Gudački instrumenti","- -> Audio & Video -> Muzički instrumenti -> Gudački instrumenti"
"-","Audio & Video","Muzička oprema","181","Pojačala","- -> Audio & Video -> Muzička oprema -> Pojačala"
"-","Audio & Video","Muzička oprema","182","Zvučni sistemi i zvučnici","- -> Audio & Video -> Muzička oprema -> Zvučni sistemi i zvučnici"
"-","Audio & Video","Muzička oprema","184","Mikrofoni","- -> Audio & Video -> Muzička oprema -> Mikrofoni"
"-","Audio & Video","Muzička oprema","185","Koferi i torbe","- -> Audio & Video -> Muzička oprema -> Koferi i torbe"
"-","Audio & Video","Muzička oprema","186","Stalci","- -> Audio & Video -> Muzička oprema -> Stalci"
"-","Audio & Video","Muzička oprema","187","Efekti i pedala","- -> Audio & Video -> Muzička oprema -> Efekti i pedala"
"-","Audio & Video","Muzička oprema","188","Dodatna oprema","- -> Audio & Video -> Muzička oprema -> Dodatna oprema"
"-","Audio & Video","Muzička oprema","189","Ostalo","- -> Audio & Video -> Muzička oprema -> Ostalo"
"-","Audio & Video","Muzička oprema","516","Svetlosni efekti (light show)","- -> Audio & Video -> Muzička oprema -> Svetlosni efekti (light show)"
"-","Audio & Video","Muzička oprema","518","Procesori, efekti, konvertori,...","- -> Audio & Video -> Muzička oprema -> Procesori, efekti, konvertori,..."
"-","Audio & Video","Muzička oprema","519","Studijska i oprema za snimanje","- -> Audio & Video -> Muzička oprema -> Studijska i oprema za snimanje"
"-","Audio & Video","Muzička oprema","529","Notna literatura","- -> Audio & Video -> Muzička oprema -> Notna literatura"
"-","Audio & Video","Muzička oprema","517","DJ uređaji","- -> Audio & Video -> Muzička oprema -> DJ uređaji"
"-","Audio & Video","Muzika i film","2955","CD","- -> Audio & Video -> Muzika i film -> CD"
"-","Audio & Video","Muzika i film","2956","Gramofonska ploča","- -> Audio & Video -> Muzika i film -> Gramofonska ploča"
"-","Audio & Video","Muzika i film","2957","DVD","- -> Audio & Video -> Muzika i film -> DVD"
"-","Audio & Video","Muzika i film","2958","Blu-ray filmovi","- -> Audio & Video -> Muzika i film -> Blu-ray filmovi"
"-","Auto-Moto","Auto akustika","1","Auto radio","- -> Auto-Moto -> Auto akustika -> Auto radio"
"-","Auto-Moto","Auto akustika","2","Auto pojačala","- -> Auto-Moto -> Auto akustika -> Auto pojačala"
"-","Auto-Moto","Auto akustika","3","Auto zvučnici","- -> Auto-Moto -> Auto akustika -> Auto zvučnici"
"-","Auto-Moto","Auto akustika","223","Subwooferi","- -> Auto-Moto -> Auto akustika -> Subwooferi"
"-","Auto-Moto","Auto akustika","225","Oprema za autoakustiku","- -> Auto-Moto -> Auto akustika -> Oprema za autoakustiku"
"-","Auto-Moto","Felne","198","ALU felne do 15''","- -> Auto-Moto -> Felne -> ALU felne do 15""
"-","Auto-Moto","Felne","199","ALU felne 15''","- -> Auto-Moto -> Felne -> ALU felne 15""
"-","Auto-Moto","Felne","200","ALU felne 16''","- -> Auto-Moto -> Felne -> ALU felne 16""
"-","Auto-Moto","Felne","201","ALU felne 17''","- -> Auto-Moto -> Felne -> ALU felne 17""
"-","Auto-Moto","Felne","202","ALU felne 18''","- -> Auto-Moto -> Felne -> ALU felne 18""
"-","Auto-Moto","Felne","203","ALU felne iznad 19''","- -> Auto-Moto -> Felne -> ALU felne iznad 19""
"-","Auto-Moto","Felne","204","Čelične felne","- -> Auto-Moto -> Felne -> Čelične felne"
"-","Auto-Moto","Felne","205","Plastični poklopci","- -> Auto-Moto -> Felne -> Plastični poklopci"
"-","Auto-Moto","Felne","271","ALU felne 19''","- -> Auto-Moto -> Felne -> ALU felne 19""
"-","Auto-Moto","Kamperi, prikolice i oprema","476","Autodomovi i prikolice","- -> Auto-Moto -> Kamperi, prikolice i oprema -> Autodomovi i prikolice"
"-","Auto-Moto","Kamperi, prikolice i oprema","477","Unutrašnja oprema","- -> Auto-Moto -> Kamperi, prikolice i oprema -> Unutrašnja oprema"
"-","Auto-Moto","Kamperi, prikolice i oprema","478","Spoljna oprema","- -> Auto-Moto -> Kamperi, prikolice i oprema -> Spoljna oprema"
"-","Auto-Moto","Kamperi, prikolice i oprema","479","Sigurnost i zaštita","- -> Auto-Moto -> Kamperi, prikolice i oprema -> Sigurnost i zaštita"
"-","Auto-Moto","Kamperi, prikolice i oprema","480","Šatori i oprema","- -> Auto-Moto -> Kamperi, prikolice i oprema -> Šatori i oprema"
"-","Auto-Moto","Kamperi, prikolice i oprema","481","Prozori i oprema","- -> Auto-Moto -> Kamperi, prikolice i oprema -> Prozori i oprema"
"-","Auto-Moto","Kamperi, prikolice i oprema","482","Voda i sanitarije","- -> Auto-Moto -> Kamperi, prikolice i oprema -> Voda i sanitarije"
"-","Auto-Moto","Kamperi, prikolice i oprema","484","Hlađenje i zagrejavanje","- -> Auto-Moto -> Kamperi, prikolice i oprema -> Hlađenje i zagrejavanje"
"-","Auto-Moto","Moto delovi i oprema","316","Kacige","- -> Auto-Moto -> Moto delovi i oprema -> Kacige"
"-","Auto-Moto","Moto delovi i oprema","586","Tuning","- -> Auto-Moto -> Moto delovi i oprema -> Tuning"
"-","Auto-Moto","Moto delovi i oprema","512","Moto oprema","- -> Auto-Moto -> Moto delovi i oprema -> Moto oprema"
"-","Auto-Moto","Moto delovi i oprema","587","Styling","- -> Auto-Moto -> Moto delovi i oprema -> Styling"
"-","Auto-Moto","Moto delovi i oprema","589","Rezervni delovi i održavanje","- -> Auto-Moto -> Moto delovi i oprema -> Rezervni delovi i održavanje"
"-","Auto-Moto","Moto delovi i oprema","588","Amortizeri i kočnice","- -> Auto-Moto -> Moto delovi i oprema -> Amortizeri i kočnice"
"-","Auto-Moto","Moto delovi i oprema","656","Moto felne","- -> Auto-Moto -> Moto delovi i oprema -> Moto felne"
"-","Auto-Moto","Auto oprema i GPS","145","GPS oprema","- -> Auto-Moto -> Auto oprema i GPS -> GPS oprema"
"-","Auto-Moto","Auto oprema i GPS","190","Krovne kutije i nosači","- -> Auto-Moto -> Auto oprema i GPS -> Krovne kutije i nosači"
"-","Auto-Moto","Auto oprema i GPS","192","Naslon za ruku","- -> Auto-Moto -> Auto oprema i GPS -> Naslon za ruku"
"-","Auto-Moto","Auto oprema i GPS","196","Brisači","- -> Auto-Moto -> Auto oprema i GPS -> Brisači"
"-","Auto-Moto","Auto oprema i GPS","197","Druga auto oprema","- -> Auto-Moto -> Auto oprema i GPS -> Druga auto oprema"
"-","Auto-Moto","Auto oprema i GPS","322","GPS uređaji (drumski)","- -> Auto-Moto -> Auto oprema i GPS -> GPS uređaji (drumski)"
"-","Auto-Moto","Auto oprema i GPS","455","Akumulatori","- -> Auto-Moto -> Auto oprema i GPS -> Akumulatori"
"-","Auto-Moto","Auto delovi","195","Svetla","- -> Auto-Moto -> Auto delovi -> Svetla"
"-","Auto-Moto","Auto delovi","601","Auto klime","- -> Auto-Moto -> Auto delovi -> Auto klime"
"-","Auto-Moto","Auto delovi","602","Auto stakla","- -> Auto-Moto -> Auto delovi -> Auto stakla"
"-","Auto-Moto","Auto delovi","603","Sistemi hlađenja","- -> Auto-Moto -> Auto delovi -> Sistemi hlađenja"
"-","Auto-Moto","Auto delovi","604","Izduvni sistemi","- -> Auto-Moto -> Auto delovi -> Izduvni sistemi"
"-","Auto-Moto","Auto delovi","605","Delovi za karoseriju","- -> Auto-Moto -> Auto delovi -> Delovi za karoseriju"
"-","Auto-Moto","Auto delovi","606","Retrovizori","- -> Auto-Moto -> Auto delovi -> Retrovizori"
"-","Auto-Moto","Auto delovi","607","Šasija","- -> Auto-Moto -> Auto delovi -> Šasija"
"-","Auto-Moto","Auto delovi","608","Lamele","- -> Auto-Moto -> Auto delovi -> Lamele"
"-","Auto-Moto","Gume","657","Letnje gume","- -> Auto-Moto -> Gume -> Letnje gume"
"-","Auto-Moto","Gume","658","Zimske gume","- -> Auto-Moto -> Gume -> Zimske gume"
"-","Auto-Moto","Gume","659","Univerzalne gume","- -> Auto-Moto -> Gume -> Univerzalne gume"
"-","Auto-Moto","Gume","660","Moto gume","- -> Auto-Moto -> Gume -> Moto gume"
"-","Auto-Moto","Gume","2951","Traktorske, građevinske i teretne gume","- -> Auto-Moto -> Gume -> Traktorske, građevinske i teretne gume"
"-","Auto-Moto","Nova vozila","508","Skuteri","- -> Auto-Moto -> Nova vozila -> Skuteri"
"-","Auto-Moto","Nova vozila","507","Motocikli","- -> Auto-Moto -> Nova vozila -> Motocikli"
"-","Auto-Moto","Nova vozila","1667","Avtomobili","- -> Auto-Moto -> Nova vozila -> Avtomobili"
"-","Erotika","Erotski uređaji","401","Erekcioni prsteni","- -> Erotika -> Erotski uređaji -> Erekcioni prsteni"
"-","Erotika","Erotski uređaji","402","Masturbatori","- -> Erotika -> Erotski uređaji -> Masturbatori"
"-","Erotika","Erotski uređaji","403","Vaginalne kuglice","- -> Erotika -> Erotski uređaji -> Vaginalne kuglice"
"-","Erotika","Erotski uređaji","404","Vibratori","- -> Erotika -> Erotski uređaji -> Vibratori"
"-","Erotika","Erotski uređaji","405","Dildo","- -> Erotika -> Erotski uređaji -> Dildo"
"-","Erotika","Erotski uređaji","406","Seks lutke","- -> Erotika -> Erotski uređaji -> Seks lutke"
"-","Erotika","Erotski uređaji","407","Erekcijske pumpe","- -> Erotika -> Erotski uređaji -> Erekcijske pumpe"
"-","Erotika","Erotski uređaji","408","Analni pribor","- -> Erotika -> Erotski uređaji -> Analni pribor"
"-","Erotika","Erotski uređaji","409","Kompleti erotskog pribora","- -> Erotika -> Erotski uređaji -> Kompleti erotskog pribora"
"-","Erotika","Erotski uređaji","410","Povećavanje penisa","- -> Erotika -> Erotski uređaji -> Povećavanje penisa"
"-","Erotika","Erotski uređaji","411","Ostala erotska pomagala i pribor","- -> Erotika -> Erotski uređaji -> Ostala erotska pomagala i pribor"
"-","Erotika","Erotski uređaji","424","Fetiš (S & M) erotski uređaji","- -> Erotika -> Erotski uređaji -> Fetiš (S & M) erotski uređaji"
"-","Erotika","Erotska kozmetika","412","Erotski stimulatori","- -> Erotika -> Erotska kozmetika -> Erotski stimulatori"
"-","Erotika","Erotska kozmetika","413","Lubrikanti","- -> Erotika -> Erotska kozmetika -> Lubrikanti"
"-","Erotika","Erotska kozmetika","414","Masažna ulja","- -> Erotika -> Erotska kozmetika -> Masažna ulja"
"-","Erotika","Erotska kozmetika","415","Nakit, piercing, tattoo, body paint","- -> Erotika -> Erotska kozmetika -> Nakit, piercing, tattoo, body paint"
"-","Erotika","Erotska kozmetika","416","Parfemi, njega tijela","- -> Erotika -> Erotska kozmetika -> Parfemi, njega tijela"
"-","Erotika","Erotska kozmetika","417","Kondomi","- -> Erotika -> Erotska kozmetika -> Kondomi"
"-","Erotika","Erotska odeća i donji veš","418","Erotska odeća, kostimi i maske","- -> Erotika -> Erotska odeća i donji veš -> Erotska odeća, kostimi i maske"
"-","Erotika","Erotska odeća i donji veš","419","Erotski donji veš za žene","- -> Erotika -> Erotska odeća i donji veš -> Erotski donji veš za žene"
"-","Erotika","Erotska odeća i donji veš","420","Erotski donji veš za muškarce","- -> Erotika -> Erotska odeća i donji veš -> Erotski donji veš za muškarce"
"-","Erotika","Erotska odeća i donji veš","421","Čarape, podvezice, pribor","- -> Erotika -> Erotska odeća i donji veš -> Čarape, podvezice, pribor"
"-","Erotika","Erotska odeća i donji veš","422","Steznik, bodi, negliže","- -> Erotika -> Erotska odeća i donji veš -> Steznik, bodi, negliže"
"-","Erotika","Erotska odeća i donji veš","423","Cipele i čizme","- -> Erotika -> Erotska odeća i donji veš -> Cipele i čizme"
"-","Erotika","Erotska odeća i donji veš","425","Kožna i latex odjeća","- -> Erotika -> Erotska odeća i donji veš -> Kožna i latex odjeća"
"-","Erotika","Erotski filmovi i revije","439","Erotski časopisi i knjige","- -> Erotika -> Erotski filmovi i revije -> Erotski časopisi i knjige"
"-","Erotika","Erotski filmovi i revije","1675","Erotski filmovi","- -> Erotika -> Erotski filmovi i revije -> Erotski filmovi"
"-","Erotika","Erotske igre i pokloni","440","Erotski pokloni","- -> Erotika -> Erotske igre i pokloni -> Erotski pokloni"
"-","Erotika","Erotske igre i pokloni","1676","Erotske igre","- -> Erotika -> Erotske igre i pokloni -> Erotske igre"
"-","Foto","Digitalni fotoaparati","273","D-SLR fotoaparati","- -> Foto -> Digitalni fotoaparati -> D-SLR fotoaparati"
"-","Foto","Digitalni fotoaparati","600","Kompaktni digitalni fotoaparati","- -> Foto -> Digitalni fotoaparati -> Kompaktni digitalni fotoaparati"
"-","Foto","Memorijske kartice i čitači","31","Compact Flash (CF)","- -> Foto -> Memorijske kartice i čitači -> Compact Flash (CF)"
"-","Foto","Memorijske kartice i čitači","33","Memory Stick (MS)","- -> Foto -> Memorijske kartice i čitači -> Memory Stick (MS)"
"-","Foto","Memorijske kartice i čitači","34","Secure Digital (SD)","- -> Foto -> Memorijske kartice i čitači -> Secure Digital (SD)"
"-","Foto","Memorijske kartice i čitači","35","Ostale memorijske kartice","- -> Foto -> Memorijske kartice i čitači -> Ostale memorijske kartice"
"-","Foto","Memorijske kartice i čitači","62","Čitači memorijskih kartica","- -> Foto -> Memorijske kartice i čitači -> Čitači memorijskih kartica"
"-","Foto","Foto oprema","6","Stativi","- -> Foto -> Foto oprema -> Stativi"
"-","Foto","Foto oprema","7","Objektivi","- -> Foto -> Foto oprema -> Objektivi"
"-","Foto","Foto oprema","8","Blicevi","- -> Foto -> Foto oprema -> Blicevi"
"-","Foto","Foto oprema","10","Baterije za fotoaparate","- -> Foto -> Foto oprema -> Baterije za fotoaparate"
"-","Foto","Foto oprema","12","Ostala foto oprema","- -> Foto -> Foto oprema -> Ostala foto oprema"
"-","Foto","Foto oprema","63","Filteri","- -> Foto -> Foto oprema -> Filteri"
"-","Foto","Foto oprema","99","Foto papir","- -> Foto -> Foto oprema -> Foto papir"
"-","Foto","Foto oprema","100","Dvogledi","- -> Foto -> Foto oprema -> Dvogledi"
"-","Foto","Foto oprema","317","Torbice i rančevi","- -> Foto -> Foto oprema -> Torbice i rančevi"
"-","Foto","Foto oprema","366","Digitalni foto ramovi","- -> Foto -> Foto oprema -> Digitalni foto ramovi"
"-","Foto","Video kamere","50","Kamere sa memorijom / memorijskom karticom","- -> Foto -> Video kamere -> Kamere sa memorijom / memorijskom karticom"
"-","Foto","Video kamere","60","Baterije za video kamere","- -> Foto -> Video kamere -> Baterije za video kamere"
"-","Foto","Video kamere","666","Ostale kamere","- -> Foto -> Video kamere -> Ostale kamere"
"-","Foto","Video kamere","667","Dodaci za video kamere","- -> Foto -> Video kamere -> Dodaci za video kamere"
"-","Foto","Video kamere","1668","Sportske kamere","- -> Foto -> Video kamere -> Sportske kamere"
"-","Lepota i zdravlje","Aparati za ličnu negu","64","Aparati za brijanje","- -> Lepota i zdravlje -> Aparati za ličnu negu -> Aparati za brijanje"
"-","Lepota i zdravlje","Aparati za ličnu negu","66","Četkice za zube","- -> Lepota i zdravlje -> Aparati za ličnu negu -> Četkice za zube"
"-","Lepota i zdravlje","Aparati za ličnu negu","69","Ostalo za ličnu negu","- -> Lepota i zdravlje -> Aparati za ličnu negu -> Ostalo za ličnu negu"
"-","Lepota i zdravlje","Aparati za ličnu negu","139","Trimeri (mašinice za šišanje)","- -> Lepota i zdravlje -> Aparati za ličnu negu -> Trimeri (mašinice za šišanje)"
"-","Lepota i zdravlje","Aparati za ličnu negu","140","Depilatori","- -> Lepota i zdravlje -> Aparati za ličnu negu -> Depilatori"
"-","Lepota i zdravlje","Aparati za ličnu negu","141","Fenovi za kosu","- -> Lepota i zdravlje -> Aparati za ličnu negu -> Fenovi za kosu"
"-","Lepota i zdravlje","Aparati za ličnu negu","173","Prese za kosu","- -> Lepota i zdravlje -> Aparati za ličnu negu -> Prese za kosu"
"-","Lepota i zdravlje","Kozmetika i higijena","456","Perike","- -> Lepota i zdravlje -> Kozmetika i higijena -> Perike"
"-","Lepota i zdravlje","Kozmetika i higijena","465","Nega lica","- -> Lepota i zdravlje -> Kozmetika i higijena -> Nega lica"
"-","Lepota i zdravlje","Kozmetika i higijena","466","Nega tela","- -> Lepota i zdravlje -> Kozmetika i higijena -> Nega tela"
"-","Lepota i zdravlje","Kozmetika i higijena","467","Nega kose","- -> Lepota i zdravlje -> Kozmetika i higijena -> Nega kose"
"-","Lepota i zdravlje","Kozmetika i higijena","527","Ostalo za negu i higijenu","- -> Lepota i zdravlje -> Kozmetika i higijena -> Ostalo za negu i higijenu"
"-","Lepota i zdravlje","Aparati za zdravlje","65","Vage","- -> Lepota i zdravlje -> Aparati za zdravlje -> Vage"
"-","Lepota i zdravlje","Aparati za zdravlje","67","Aparati za masažu","- -> Lepota i zdravlje -> Aparati za zdravlje -> Aparati za masažu"
"-","Lepota i zdravlje","Aparati za zdravlje","313","Merači pritiska","- -> Lepota i zdravlje -> Aparati za zdravlje -> Merači pritiska"
"-","Lepota i zdravlje","Aparati za zdravlje","489","Ostali aparati za zdravlje","- -> Lepota i zdravlje -> Aparati za zdravlje -> Ostali aparati za zdravlje"
"-","Lepota i zdravlje","Aparati za zdravlje","528","Eko proizvod","- -> Lepota i zdravlje -> Aparati za zdravlje -> Eko proizvod"
"-","Lepota i zdravlje","Aparati za zdravlje","611","Inhalatori","- -> Lepota i zdravlje -> Aparati za zdravlje -> Inhalatori"
"-","Lepota i zdravlje","Aparati za zdravlje","1669","Toplomeri","- -> Lepota i zdravlje -> Aparati za zdravlje -> Toplomeri"
"-","Lepota i zdravlje","Hrana i piće","463","Hrana iz konoplje","- -> Lepota i zdravlje -> Hrana i piće -> Hrana iz konoplje"
"-","Lepota i zdravlje","Hrana i piće","509","Osnovne namirnice","- -> Lepota i zdravlje -> Hrana i piće -> Osnovne namirnice"
"-","Lepota i zdravlje","Hrana i piće","511","Poslastice","- -> Lepota i zdravlje -> Hrana i piće -> Poslastice"
"-","Lepota i zdravlje","Apoteka","537","Povrede i nega","- -> Lepota i zdravlje -> Apoteka -> Povrede i nega"
"-","Lepota i zdravlje","Apoteka","536","Lekovi, lečenje","- -> Lepota i zdravlje -> Apoteka -> Lekovi, lečenje"
"-","Lepota i zdravlje","Optika","534","Kontaktna sočiva","- -> Lepota i zdravlje -> Optika -> Kontaktna sočiva"
"-","Lepota i zdravlje","Optika","1674","Naočare za vid","- -> Lepota i zdravlje -> Optika -> Naočare za vid"
"-","Lepota i zdravlje","Parfimerija","1677","Parfemi","- -> Lepota i zdravlje -> Parfimerija -> Parfemi"
"-","Lepota i zdravlje","Parfimerija","1678","Dezodoransi","- -> Lepota i zdravlje -> Parfimerija -> Dezodoransi"
"-","Lepota i zdravlje","Parfimerija","1679","Toaletne vode","- -> Lepota i zdravlje -> Parfimerija -> Toaletne vode"
"-","Lepota i zdravlje","Parfimerija","1680","Ostali mirisi","- -> Lepota i zdravlje -> Parfimerija -> Ostali mirisi"
"-","Lepota i zdravlje","Šminke","1681","Maskare","- -> Lepota i zdravlje -> Šminke -> Maskare"
"-","Lepota i zdravlje","Šminke","1682","Lakovi za nokte","- -> Lepota i zdravlje -> Šminke -> Lakovi za nokte"
"-","Lepota i zdravlje","Šminke","1683","Senke / rumenila","- -> Lepota i zdravlje -> Šminke -> Senke / rumenila"
"-","Lepota i zdravlje","Šminke","1684","Puderi","- -> Lepota i zdravlje -> Šminke -> Puderi"
"-","Lepota i zdravlje","Šminke","1685","Lajneri / ajlajneri","- -> Lepota i zdravlje -> Šminke -> Lajneri / ajlajneri"
"-","Lepota i zdravlje","Šminke","1686","Karmini","- -> Lepota i zdravlje -> Šminke -> Karmini"
"-","Lepota i zdravlje","Šminke","1687","Sjaj za usne","- -> Lepota i zdravlje -> Šminke -> Sjaj za usne"
"-","Lepota i zdravlje","Šminke","1688","Dodaci za šminkanje","- -> Lepota i zdravlje -> Šminke -> Dodaci za šminkanje"
"-","Lepota i zdravlje","Dodaci ishrani","2152","Dodaci za energiju","- -> Lepota i zdravlje -> Dodaci ishrani -> Dodaci za energiju"
"-","Lepota i zdravlje","Dodaci ishrani","2153","Dodaci za mršavljenje","- -> Lepota i zdravlje -> Dodaci ishrani -> Dodaci za mršavljenje"
"-","Lepota i zdravlje","Dodaci ishrani","2154","Dodaci za lepotu","- -> Lepota i zdravlje -> Dodaci ishrani -> Dodaci za lepotu"
"-","Lepota i zdravlje","Dodaci ishrani","2155","Dodaci za zdravlje / imunitet","- -> Lepota i zdravlje -> Dodaci ishrani -> Dodaci za zdravlje / imunitet"
"-","Lepota i zdravlje","Dodaci ishrani","2156","Vitamini i minerali","- -> Lepota i zdravlje -> Dodaci ishrani -> Vitamini i minerali"
"-","Lepota i zdravlje","Dodaci ishrani","2157","Superhrana","- -> Lepota i zdravlje -> Dodaci ishrani -> Superhrana"
"-","Kancelarija i škola","Arhiviranje","622","Mape","- -> Kancelarija i škola -> Arhiviranje -> Mape"
"-","Kancelarija i škola","Arhiviranje","624","Pregrade, kutije","- -> Kancelarija i škola -> Arhiviranje -> Pregrade, kutije"
"-","Kancelarija i škola","Arhiviranje","623","Registratori","- -> Kancelarija i škola -> Arhiviranje -> Registratori"
"-","Kancelarija i škola","Obrasci i dokumenti","497","Posao i zaposlenje","- -> Kancelarija i škola -> Obrasci i dokumenti -> Posao i zaposlenje"
"-","Kancelarija i škola","Obrasci i dokumenti","498","Dopisi","- -> Kancelarija i škola -> Obrasci i dokumenti -> Dopisi"
"-","Kancelarija i škola","Obrasci i dokumenti","501","Porodica i nasledstvo","- -> Kancelarija i škola -> Obrasci i dokumenti -> Porodica i nasledstvo"
"-","Kancelarija i škola","Obrasci i dokumenti","500","Privreda i domaćinstvo","- -> Kancelarija i škola -> Obrasci i dokumenti -> Privreda i domaćinstvo"
"-","Kancelarija i škola","Obrasci i dokumenti","502","Prinudna naplata","- -> Kancelarija i škola -> Obrasci i dokumenti -> Prinudna naplata"
"-","Kancelarija i škola","Obrasci i dokumenti","653","Postupak za razvod braka","- -> Kancelarija i škola -> Obrasci i dokumenti -> Postupak za razvod braka"
"-","Kancelarija i škola","Obrasci i dokumenti","504","Nekretnine","- -> Kancelarija i škola -> Obrasci i dokumenti -> Nekretnine"
"-","Kancelarija i škola","Obrasci i dokumenti","499","Ostali dokumeti","- -> Kancelarija i škola -> Obrasci i dokumenti -> Ostali dokumeti"
"-","Kancelarija i škola","Obrasci i dokumenti","506","Nagodbe","- -> Kancelarija i škola -> Obrasci i dokumenti -> Nagodbe"
"-","Kancelarija i škola","Obrasci i dokumenti","652","Stečaj i likvidacija","- -> Kancelarija i škola -> Obrasci i dokumenti -> Stečaj i likvidacija"
"-","Kancelarija i škola","Obrasci i dokumenti","503","Zaštita ličnih podataka","- -> Kancelarija i škola -> Obrasci i dokumenti -> Zaštita ličnih podataka"
"-","Kancelarija i škola","Papir i papirna konfekcija","619","Koverte","- -> Kancelarija i škola -> Papir i papirna konfekcija -> Koverte"
"-","Kancelarija i škola","Papir i papirna konfekcija","621","Nalepnice i etikete","- -> Kancelarija i škola -> Papir i papirna konfekcija -> Nalepnice i etikete"
"-","Kancelarija i škola","Papir i papirna konfekcija","618","Papir","- -> Kancelarija i škola -> Papir i papirna konfekcija -> Papir"
"-","Kancelarija i škola","Papir i papirna konfekcija","620","Samolepljivi listići","- -> Kancelarija i škola -> Papir i papirna konfekcija -> Samolepljivi listići"
"-","Kancelarija i škola","Pribor za pisanje","632","Hemijske olovke","- -> Kancelarija i škola -> Pribor za pisanje -> Hemijske olovke"
"-","Kancelarija i škola","Pribor za pisanje","635","Markeri, flomasteri","- -> Kancelarija i škola -> Pribor za pisanje -> Markeri, flomasteri"
"-","Kancelarija i škola","Pribor za pisanje","636","Nalivpero","- -> Kancelarija i škola -> Pribor za pisanje -> Nalivpero"
"-","Kancelarija i škola","Pribor za pisanje","633","Olovke gel - roleri","- -> Kancelarija i škola -> Pribor za pisanje -> Olovke gel - roleri"
"-","Kancelarija i škola","Pribor za pisanje","634","Tehničke i grafitne olovke","- -> Kancelarija i škola -> Pribor za pisanje -> Tehničke i grafitne olovke"
"-","Kancelarija i škola","Kancelarijski uređaji","319","Kopir mašine","- -> Kancelarija i škola -> Kancelarijski uređaji -> Kopir mašine"
"-","Kancelarija i škola","Kancelarijski uređaji","625","Uređaji za spiralni povez","- -> Kancelarija i škola -> Kancelarijski uređaji -> Uređaji za spiralni povez"
"-","Kancelarija i škola","Kancelarijski uređaji","626","Uređaji za termo povez","- -> Kancelarija i škola -> Kancelarijski uređaji -> Uređaji za termo povez"
"-","Kancelarija i škola","Kancelarijski uređaji","584","Digitroni","- -> Kancelarija i škola -> Kancelarijski uređaji -> Digitroni"
"-","Kancelarija i škola","Kancelarijski uređaji","627","Plastifikatori","- -> Kancelarija i škola -> Kancelarijski uređaji -> Plastifikatori"
"-","Kancelarija i škola","Kancelarijski uređaji","630","POS oprema","- -> Kancelarija i škola -> Kancelarijski uređaji -> POS oprema"
"-","Kancelarija i škola","Kancelarijski uređaji","629","Rezači papira","- -> Kancelarija i škola -> Kancelarijski uređaji -> Rezači papira"
"-","Kancelarija i škola","Kancelarijski uređaji","631","Štampači za štampu etiketa","- -> Kancelarija i škola -> Kancelarijski uređaji -> Štampači za štampu etiketa"
"-","Kancelarija i škola","Kancelarijski uređaji","628","Uništivač dokumenata","- -> Kancelarija i škola -> Kancelarijski uređaji -> Uništivač dokumenata"
"-","Kancelarija i škola","Kancelarijski pribor","640","Lepkovi, trake, selotejpi","- -> Kancelarija i škola -> Kancelarijski pribor -> Lepkovi, trake, selotejpi"
"-","Kancelarija i škola","Kancelarijski pribor","638","Bušilice za papir","- -> Kancelarija i škola -> Kancelarijski pribor -> Bušilice za papir"
"-","Kancelarija i škola","Kancelarijski pribor","649","Ostali pribor","- -> Kancelarija i škola -> Kancelarijski pribor -> Ostali pribor"
"-","Kancelarija i škola","Kancelarijski pribor","637","Heftalica","- -> Kancelarija i škola -> Kancelarijski pribor -> Heftalica"
"-","Kancelarija i škola","Kancelarijski pribor","641","Spajalice i čavlići","- -> Kancelarija i škola -> Kancelarijski pribor -> Spajalice i čavlići"
"-","Kancelarija i škola","Kancelarijski pribor","642","Rezači i lenjiri","- -> Kancelarija i škola -> Kancelarijski pribor -> Rezači i lenjiri"
"-","Kancelarija i škola","Kancelarijski pribor","639","Makaze, skalpeli","- -> Kancelarija i škola -> Kancelarijski pribor -> Makaze, skalpeli"
"-","Kancelarija i škola","Kancelarijski pribor","643","Pečati i jastučići za pečate","- -> Kancelarija i škola -> Kancelarijski pribor -> Pečati i jastučići za pečate"
"-","Kancelarija i škola","Kancelarijski pribor","644","Ploče","- -> Kancelarija i škola -> Kancelarijski pribor -> Ploče"
"-","Kancelarija i škola","Kancelarijski nameštaj","647","Ormari i komode","- -> Kancelarija i škola -> Kancelarijski nameštaj -> Ormari i komode"
"-","Kancelarija i škola","Kancelarijski nameštaj","646","Pisaći stolovi","- -> Kancelarija i škola -> Kancelarijski nameštaj -> Pisaći stolovi"
"-","Kancelarija i škola","Kancelarijski nameštaj","650","Ostali kancelarijski nameštaj","- -> Kancelarija i škola -> Kancelarijski nameštaj -> Ostali kancelarijski nameštaj"
"-","Kancelarija i škola","Kancelarijski nameštaj","645","Kancelarijske stolice","- -> Kancelarija i škola -> Kancelarijski nameštaj -> Kancelarijske stolice"
"-","Kancelarija i škola","Školski pribor","617","Ostali školski pribor","- -> Kancelarija i škola -> Školski pribor -> Ostali školski pribor"
"-","Kancelarija i škola","Školski pribor","615","Likovni pribor","- -> Kancelarija i škola -> Školski pribor -> Likovni pribor"
"-","Kancelarija i škola","Školski pribor","612","Pernice","- -> Kancelarija i škola -> Školski pribor -> Pernice"
"-","Kancelarija i škola","Školski pribor","614","Školske torbe i rančevi","- -> Kancelarija i škola -> Školski pribor -> Školske torbe i rančevi"
"-","Kancelarija i škola","Školski pribor","616","Školski digitroni","- -> Kancelarija i škola -> Školski pribor -> Školski digitroni"
"-","Kancelarija i škola","Školski pribor","613","Sveske","- -> Kancelarija i škola -> Školski pribor -> Sveske"
"-","Kancelarija i škola","Knjige i literatura","661","Knjige","- -> Kancelarija i škola -> Knjige i literatura -> Knjige"
"-","Računari i oprema","Gotovi računari","111","Kompleti","- -> Računari i oprema -> Gotovi računari -> Kompleti"
"-","Računari i oprema","Gotovi računari","112","Samo računar","- -> Računari i oprema -> Gotovi računari -> Samo računar"
"-","Računari i oprema","Gotovi računari","368","All-in-One PC","- -> Računari i oprema -> Gotovi računari -> All-in-One PC"
"-","Računari i oprema","Prenosni računari (laptopi)","30","Oprema za prenosne računare","- -> Računari i oprema -> Prenosni računari (laptopi) -> Oprema za prenosne računare"
"-","Računari i oprema","Prenosni računari (laptopi)","1696","Prenosnici","- -> Računari i oprema -> Prenosni računari (laptopi) -> Prenosnici"
"-","Računari i oprema","Štampači, skeneri","42","Ink-jet štampači","- -> Računari i oprema -> Štampači, skeneri -> Ink-jet štampači"
"-","Računari i oprema","Štampači, skeneri","43","Laserski štampači","- -> Računari i oprema -> Štampači, skeneri -> Laserski štampači"
"-","Računari i oprema","Štampači, skeneri","44","Matrični štampači","- -> Računari i oprema -> Štampači, skeneri -> Matrični štampači"
"-","Računari i oprema","Štampači, skeneri","45","Multifunkcijski","- -> Računari i oprema -> Štampači, skeneri -> Multifunkcijski"
"-","Računari i oprema","Štampači, skeneri","46","Foto štampači","- -> Računari i oprema -> Štampači, skeneri -> Foto štampači"
"-","Računari i oprema","Štampači, skeneri","47","Skeneri","- -> Računari i oprema -> Štampači, skeneri -> Skeneri"
"-","Računari i oprema","Štampači, skeneri","49","Dodaci","- -> Računari i oprema -> Štampači, skeneri -> Dodaci"
"-","Računari i oprema","Štampači, skeneri","3041","3D štampači","- -> Računari i oprema -> Štampači, skeneri -> 3D štampači"
"-","Računari i oprema","PC komponente","16","Procesori","- -> Računari i oprema -> PC komponente -> Procesori"
"-","Računari i oprema","PC komponente","17","Memorije (RAM)","- -> Računari i oprema -> PC komponente -> Memorije (RAM)"
"-","Računari i oprema","PC komponente","19","Grafičke kartice","- -> Računari i oprema -> PC komponente -> Grafičke kartice"
"-","Računari i oprema","PC komponente","20","Optički uređaji (rekorderi)","- -> Računari i oprema -> PC komponente -> Optički uređaji (rekorderi)"
"-","Računari i oprema","PC komponente","22","TV / DV kartice","- -> Računari i oprema -> PC komponente -> TV / DV kartice"
"-","Računari i oprema","PC komponente","23","Ostale komponente","- -> Računari i oprema -> PC komponente -> Ostale komponente"
"-","Računari i oprema","PC komponente","58","Hard diskovi","- -> Računari i oprema -> PC komponente -> Hard diskovi"
"-","Računari i oprema","PC komponente","115","Kućišta","- -> Računari i oprema -> PC komponente -> Kućišta"
"-","Računari i oprema","PC komponente","116","Matične ploče","- -> Računari i oprema -> PC komponente -> Matične ploče"
"-","Računari i oprema","PC komponente","121","Zvučne kartice","- -> Računari i oprema -> PC komponente -> Zvučne kartice"
"-","Računari i oprema","PC komponente","609","SSD diskovi","- -> Računari i oprema -> PC komponente -> SSD diskovi"
"-","Računari i oprema","PC komponente","2952","Napajanja","- -> Računari i oprema -> PC komponente -> Napajanja"
"-","Računari i oprema","PC periferija","18","USB memorija","- -> Računari i oprema -> PC periferija -> USB memorija"
"-","Računari i oprema","PC periferija","24","Igre","- -> Računari i oprema -> PC periferija -> Igre"
"-","Računari i oprema","PC periferija","25","Džojstici i volani","- -> Računari i oprema -> PC periferija -> Džojstici i volani"
"-","Računari i oprema","PC periferija","26","DVD / CD diskovi","- -> Računari i oprema -> PC periferija -> DVD / CD diskovi"
"-","Računari i oprema","PC periferija","27","Softver","- -> Računari i oprema -> PC periferija -> Softver"
"-","Računari i oprema","PC periferija","28","Konzole za igranje","- -> Računari i oprema -> PC periferija -> Konzole za igranje"
"-","Računari i oprema","PC periferija","29","Serveri","- -> Računari i oprema -> PC periferija -> Serveri"
"-","Računari i oprema","PC periferija","98","Oprema za konzole za igranje","- -> Računari i oprema -> PC periferija -> Oprema za konzole za igranje"
"-","Računari i oprema","PC periferija","114","Miševi","- -> Računari i oprema -> PC periferija -> Miševi"
"-","Računari i oprema","PC periferija","119","Tastature","- -> Računari i oprema -> PC periferija -> Tastature"
"-","Računari i oprema","PC periferija","120","Tastature + miševi","- -> Računari i oprema -> PC periferija -> Tastature + miševi"
"-","Računari i oprema","PC periferija","318","UPS - neprekidni izvor napajanja","- -> Računari i oprema -> PC periferija -> UPS - neprekidni izvor napajanja"
"-","Računari i oprema","PC periferija","610","Eksterni hard diskovi","- -> Računari i oprema -> PC periferija -> Eksterni hard diskovi"
"-","Računari i oprema","PC periferija","581","Kodovi za igre","- -> Računari i oprema -> PC periferija -> Kodovi za igre"
"-","Računari i oprema","PC periferija","665","NAS uređaji","- -> Računari i oprema -> PC periferija -> NAS uređaji"
"-","Računari i oprema","PC periferija","2631","VR naočare","- -> Računari i oprema -> PC periferija -> VR naočare"
"-","Računari i oprema","Mrežna oprema","101","Bežični ruteri","- -> Računari i oprema -> Mrežna oprema -> Bežični ruteri"
"-","Računari i oprema","Mrežna oprema","102","Bežične mrežne kartice","- -> Računari i oprema -> Mrežna oprema -> Bežične mrežne kartice"
"-","Računari i oprema","Mrežna oprema","103","Bežični svičevi","- -> Računari i oprema -> Mrežna oprema -> Bežični svičevi"
"-","Računari i oprema","Mrežna oprema","104","Mrežne kartice","- -> Računari i oprema -> Mrežna oprema -> Mrežne kartice"
"-","Računari i oprema","Mrežna oprema","105","Svičevi","- -> Računari i oprema -> Mrežna oprema -> Svičevi"
"-","Računari i oprema","Mrežna oprema","106","Kablovi, konektori ...","- -> Računari i oprema -> Mrežna oprema -> Kablovi, konektori ..."
"-","Računari i oprema","Mrežna oprema","107","Ostala mrežna oprema","- -> Računari i oprema -> Mrežna oprema -> Ostala mrežna oprema"
"-","Računari i oprema","Mrežna oprema","108","Ruteri","- -> Računari i oprema -> Mrežna oprema -> Ruteri"
"-","Računari i oprema","Slika i zvuk","21","Zvučnici","- -> Računari i oprema -> Slika i zvuk -> Zvučnici"
"-","Računari i oprema","Slika i zvuk","118","Slušalice i mikrofoni","- -> Računari i oprema -> Slika i zvuk -> Slušalice i mikrofoni"
"-","Računari i oprema","Slika i zvuk","144","Web kamere","- -> Računari i oprema -> Slika i zvuk -> Web kamere"
"-","Računari i oprema","Slika i zvuk","1690","Monitori","- -> Računari i oprema -> Slika i zvuk -> Monitori"
"-","Računari i oprema","Tableti","113","Tablet računari","- -> Računari i oprema -> Tableti -> Tablet računari"
"-","Računari i oprema","Tableti","1694","Dodaci za tablete","- -> Računari i oprema -> Tableti -> Dodaci za tablete"
"-","Računari i oprema","Tableti","1695","Čitači (e-book)","- -> Računari i oprema -> Tableti -> Čitači (e-book)"
"-","Računari i oprema","Kertridži i toneri","48","Ketridži","- -> Računari i oprema -> Kertridži i toneri -> Ketridži"
"-","Računari i oprema","Kertridži i toneri","138","Toneri","- -> Računari i oprema -> Kertridži i toneri -> Toneri"
"-","Računari i oprema","Kertridži i toneri","1697","Bubnjevi","- -> Računari i oprema -> Kertridži i toneri -> Bubnjevi"
"-","Računari i oprema","Kertridži i toneri","1698","Trake","- -> Računari i oprema -> Kertridži i toneri -> Trake"
"-","Telefoni","Mobilni telefoni i oprema","146","Mobilni telefoni","- -> Telefoni -> Mobilni telefoni i oprema -> Mobilni telefoni"
"-","Telefoni","Mobilni telefoni i oprema","149","Slušalice","- -> Telefoni -> Mobilni telefoni i oprema -> Slušalice"
"-","Telefoni","Mobilni telefoni i oprema","150","Dodaci","- -> Telefoni -> Mobilni telefoni i oprema -> Dodaci"
"-","Telefoni","Mobilni telefoni i oprema","1691","Navlake, kutijice i torbice","- -> Telefoni -> Mobilni telefoni i oprema -> Navlake, kutijice i torbice"
"-","Telefoni","Mobilni telefoni i oprema","1692","Zaštitne folije","- -> Telefoni -> Mobilni telefoni i oprema -> Zaštitne folije"
"-","Telefoni","Mobilni telefoni i oprema","1693","Baterije i (auto) punjači","- -> Telefoni -> Mobilni telefoni i oprema -> Baterije i (auto) punjači"
"-","Telefoni","Mobilni telefoni i oprema","2060","Prenosivi bluetooth zvučnici","- -> Telefoni -> Mobilni telefoni i oprema -> Prenosivi bluetooth zvučnici"
"-","Telefoni","Fiksna telefonija","151","Fiksni telefoni","- -> Telefoni -> Fiksna telefonija -> Fiksni telefoni"
"-","Telefoni","Fiksna telefonija","152","Bežični telefoni","- -> Telefoni -> Fiksna telefonija -> Bežični telefoni"
"-","Telefoni","Fiksna telefonija","153","Faks uređaji","- -> Telefoni -> Fiksna telefonija -> Faks uređaji"
"-","Telefoni","Fiksna telefonija","154","Ostalo","- -> Telefoni -> Fiksna telefonija -> Ostalo"
"-","Telefoni","VoIP telefonija","155","VOIP telefoni","- -> Telefoni -> VoIP telefonija -> VOIP telefoni"
"-","Telefoni","VoIP telefonija","156","Bežični telefoni","- -> Telefoni -> VoIP telefonija -> Bežični telefoni"
"-","Telefoni","VoIP telefonija","157","Adapteri","- -> Telefoni -> VoIP telefonija -> Adapteri"
"-","Telefoni","VoIP telefonija","158","Ostalo","- -> Telefoni -> VoIP telefonija -> Ostalo"
"-","Telefoni","Tarife i opcije","147","Klasični paketi","- -> Telefoni -> Tarife i opcije -> Klasični paketi"
"-","Telefoni","Tarife i opcije","148","Prepaid","- -> Telefoni -> Tarife i opcije -> Prepaid"
"-","Supermarket","Voće i povrće","2961","Sveže voće","- -> Supermarket -> Voće i povrće -> Sveže voće"
"-","Supermarket","Voće i povrće","2962","Sveže povrće","- -> Supermarket -> Voće i povrće -> Sveže povrće"
"-","Supermarket","Voće i povrće","2963","Suvo voće","- -> Supermarket -> Voće i povrće -> Suvo voće"
"-","Supermarket","Voće i povrće","2964","Orašasti plodovi","- -> Supermarket -> Voće i povrće -> Orašasti plodovi"
"-","Supermarket","Voće i povrće","2965","Mahunarke i semenke","- -> Supermarket -> Voće i povrće -> Mahunarke i semenke"
"-","Supermarket","Zamrznuta i ohlađena hrana","2966","Meso","- -> Supermarket -> Zamrznuta i ohlađena hrana -> Meso"
"-","Supermarket","Zamrznuta i ohlađena hrana","2967","Morska hrana","- -> Supermarket -> Zamrznuta i ohlađena hrana -> Morska hrana"
"-","Supermarket","Zamrznuta i ohlađena hrana","2968","Pekarski proizvodi","- -> Supermarket -> Zamrznuta i ohlađena hrana -> Pekarski proizvodi"
"-","Supermarket","Zamrznuta i ohlađena hrana","2969","Voće i povrće","- -> Supermarket -> Zamrznuta i ohlađena hrana -> Voće i povrće"
"-","Supermarket","Zamrznuta i ohlađena hrana","2970","Sladoled","- -> Supermarket -> Zamrznuta i ohlađena hrana -> Sladoled"
"-","Supermarket","Zamrznuta i ohlađena hrana","2971","Tijesto i pripravci od tijesta","- -> Supermarket -> Zamrznuta i ohlađena hrana -> Tijesto i pripravci od tijesta"
"-","Supermarket","Zamrznuta i ohlađena hrana","2973","Gotova jela","- -> Supermarket -> Zamrznuta i ohlađena hrana -> Gotova jela"
"-","Supermarket","Meso i riba","2972","Sveže meso","- -> Supermarket -> Meso i riba -> Sveže meso"
"-","Supermarket","Meso i riba","2979","Kobasice, salame i suhomesnati proizvodi","- -> Supermarket -> Meso i riba -> Kobasice, salame i suhomesnati proizvodi"
"-","Supermarket","Meso i riba","2983","Riba","- -> Supermarket -> Meso i riba -> Riba"
"-","Supermarket","Meso i riba","2984","Riblji namazi","- -> Supermarket -> Meso i riba -> Riblji namazi"
"-","Supermarket","Meso i riba","2985","Plodovi mora","- -> Supermarket -> Meso i riba -> Plodovi mora"
"-","Supermarket","Slani zalogaji","2981","Čips i flips","- -> Supermarket -> Slani zalogaji -> Čips i flips"
"-","Supermarket","Slani zalogaji","2982","Štapići, pereci, krekeri","- -> Supermarket -> Slani zalogaji -> Štapići, pereci, krekeri"
"-","Supermarket","Slani zalogaji","2987","Kikiriki i orašasto voće","- -> Supermarket -> Slani zalogaji -> Kikiriki i orašasto voće"
"-","Supermarket","Slani zalogaji","2989","Slana peciva","- -> Supermarket -> Slani zalogaji -> Slana peciva"
"-","Supermarket","Osnovne namirnice","2992","Brašno","- -> Supermarket -> Osnovne namirnice -> Brašno"
"-","Supermarket","Osnovne namirnice","2993","Kaše, krupice i žitarice","- -> Supermarket -> Osnovne namirnice -> Kaše, krupice i žitarice"
"-","Supermarket","Osnovne namirnice","2994","Šećer","- -> Supermarket -> Osnovne namirnice -> Šećer"
"-","Supermarket","Osnovne namirnice","2995","Ulje","- -> Supermarket -> Osnovne namirnice -> Ulje"
"-","Supermarket","Osnovne namirnice","2997","Ocat","- -> Supermarket -> Osnovne namirnice -> Ocat"
"-","Supermarket","Konzervirana hrana","2974","Umaci","- -> Supermarket -> Konzervirana hrana -> Umaci"
"-","Supermarket","Konzervirana hrana","2975","Paštete","- -> Supermarket -> Konzervirana hrana -> Paštete"
"-","Supermarket","Konzervirana hrana","2976","Konzervirana riba","- -> Supermarket -> Konzervirana hrana -> Konzervirana riba"
"-","Supermarket","Konzervirana hrana","2977","Kompoti","- -> Supermarket -> Konzervirana hrana -> Kompoti"
"-","Supermarket","Konzervirana hrana","2978","Povrće","- -> Supermarket -> Konzervirana hrana -> Povrće"
"-","Supermarket","Konzervirana hrana","2980","Gotova jela","- -> Supermarket -> Konzervirana hrana -> Gotova jela"
"-","Supermarket","Sve za doručak i užinu","3003","Začini, mešavine i so","- -> Supermarket -> Sve za doručak i užinu -> Začini, mešavine i so"
"-","Supermarket","Sve za doručak i užinu","3004","Muesli i pahuljice","- -> Supermarket -> Sve za doručak i užinu -> Muesli i pahuljice"
"-","Supermarket","Sve za doručak i užinu","3005","Čajevi","- -> Supermarket -> Sve za doručak i užinu -> Čajevi"
"-","Supermarket","Sve za doručak i užinu","3006","Marmelade, pekmezi i džemovi","- -> Supermarket -> Sve za doručak i užinu -> Marmelade, pekmezi i džemovi"
"-","Supermarket","Sve za doručak i užinu","3007","Čokoladni i krem namazi","- -> Supermarket -> Sve za doručak i užinu -> Čokoladni i krem namazi"
"-","Supermarket","Sve za doručak i užinu","3008","Med","- -> Supermarket -> Sve za doručak i užinu -> Med"
"-","Supermarket","Sve za doručak i užinu","3009","Kafa","- -> Supermarket -> Sve za doručak i užinu -> Kafa"
"-","Supermarket","Sve za doručak i užinu","3010","Kakao i ostali napici","- -> Supermarket -> Sve za doručak i užinu -> Kakao i ostali napici"
"-","Supermarket","Mleko, mlečni proizvodi i jaja","2986","Mleko","- -> Supermarket -> Mleko, mlečni proizvodi i jaja -> Mleko"
"-","Supermarket","Mleko, mlečni proizvodi i jaja","2988","Namazi","- -> Supermarket -> Mleko, mlečni proizvodi i jaja -> Namazi"
"-","Supermarket","Mleko, mlečni proizvodi i jaja","2990","Sirevi","- -> Supermarket -> Mleko, mlečni proizvodi i jaja -> Sirevi"
"-","Supermarket","Mleko, mlečni proizvodi i jaja","2991","Maslac i margarin","- -> Supermarket -> Mleko, mlečni proizvodi i jaja -> Maslac i margarin"
"-","Supermarket","Mleko, mlečni proizvodi i jaja","2996","Jogurti, pudinzi, deserti","- -> Supermarket -> Mleko, mlečni proizvodi i jaja -> Jogurti, pudinzi, deserti"
"-","Supermarket","Mleko, mlečni proizvodi i jaja","2998","Pavlaka","- -> Supermarket -> Mleko, mlečni proizvodi i jaja -> Pavlaka"
"-","Supermarket","Mleko, mlečni proizvodi i jaja","2999","Jaja","- -> Supermarket -> Mleko, mlečni proizvodi i jaja -> Jaja"
"-","Supermarket","Testenina, pirinač i supe","3000","Testenine","- -> Supermarket -> Testenina, pirinač i supe -> Testenine"
"-","Supermarket","Testenina, pirinač i supe","3001","Pirinač","- -> Supermarket -> Testenina, pirinač i supe -> Pirinač"
"-","Supermarket","Testenina, pirinač i supe","3002","Supe","- -> Supermarket -> Testenina, pirinač i supe -> Supe"
"-","Supermarket","Testenina, pirinač i supe","3040","Koncentrati / kocka","- -> Supermarket -> Testenina, pirinač i supe -> Koncentrati / kocka"
"-","Supermarket","Hleb i pekarski proizvodi","3011","Hleb i peciva","- -> Supermarket -> Hleb i pekarski proizvodi -> Hleb i peciva"
"-","Supermarket","Hleb i pekarski proizvodi","3012","Dvopek i hrskavi hleb","- -> Supermarket -> Hleb i pekarski proizvodi -> Dvopek i hrskavi hleb"
"-","Supermarket","Hleb i pekarski proizvodi","3013","Tost i trajni hleb","- -> Supermarket -> Hleb i pekarski proizvodi -> Tost i trajni hleb"
"-","Supermarket","Hleb i pekarski proizvodi","3014","Torte, peciva, poslastice","- -> Supermarket -> Hleb i pekarski proizvodi -> Torte, peciva, poslastice"
"-","Supermarket","Slatki zalogaji","3015","Pločice s voćem i žitaricama","- -> Supermarket -> Slatki zalogaji -> Pločice s voćem i žitaricama"
"-","Supermarket","Slatki zalogaji","3016","Keks i napolitanke","- -> Supermarket -> Slatki zalogaji -> Keks i napolitanke"
"-","Supermarket","Slatki zalogaji","3018","Bombone","- -> Supermarket -> Slatki zalogaji -> Bombone"
"-","Supermarket","Slatki zalogaji","3019","Bombonijere","- -> Supermarket -> Slatki zalogaji -> Bombonijere"
"-","Supermarket","Slatki zalogaji","3020","Čokolade i čokoladni proizvodi","- -> Supermarket -> Slatki zalogaji -> Čokolade i čokoladni proizvodi"
"-","Supermarket","Slatki zalogaji","3021","Peciva, rolati i biskviti","- -> Supermarket -> Slatki zalogaji -> Peciva, rolati i biskviti"
"-","Supermarket","Slatki zalogaji","3022","Žvakaće gume","- -> Supermarket -> Slatki zalogaji -> Žvakaće gume"
"-","Supermarket","Slatki zalogaji","3025","Sitni slatki proizvodi","- -> Supermarket -> Slatki zalogaji -> Sitni slatki proizvodi"
"-","Supermarket","Alkoholna pića","648","Pivo","- -> Supermarket -> Alkoholna pića -> Pivo"
"-","Supermarket","Alkoholna pića","599","Vina","- -> Supermarket -> Alkoholna pića -> Vina"
"-","Supermarket","Alkoholna pića","3017","Kokteli","- -> Supermarket -> Alkoholna pića -> Kokteli"
"-","Supermarket","Alkoholna pića","3038","Žestoka i druga alkoholna pića","- -> Supermarket -> Alkoholna pića -> Žestoka i druga alkoholna pića"
"-","Supermarket","Bezalkoholna pića","3023","Gazirana pića","- -> Supermarket -> Bezalkoholna pića -> Gazirana pića"
"-","Supermarket","Bezalkoholna pića","3024","Voda","- -> Supermarket -> Bezalkoholna pića -> Voda"
"-","Supermarket","Bezalkoholna pića","3026","Sirupi i instant napici","- -> Supermarket -> Bezalkoholna pića -> Sirupi i instant napici"
"-","Supermarket","Bezalkoholna pića","3027","Energetska i izotonična pića","- -> Supermarket -> Bezalkoholna pića -> Energetska i izotonična pića"
"-","Supermarket","Bezalkoholna pića","3028","Ledeni čajevi","- -> Supermarket -> Bezalkoholna pića -> Ledeni čajevi"
"-","Supermarket","Bezalkoholna pića","3029","Povrtni sokovi","- -> Supermarket -> Bezalkoholna pića -> Povrtni sokovi"
"-","Supermarket","Bezalkoholna pića","3039","Voćni sokovi i pića","- -> Supermarket -> Bezalkoholna pića -> Voćni sokovi i pića"
"-","Supermarket","Sve za kolače","3030","Kvasac","- -> Supermarket -> Sve za kolače -> Kvasac"
"-","Supermarket","Sve za kolače","3031","Čokolade i kakao","- -> Supermarket -> Sve za kolače -> Čokolade i kakao"
"-","Supermarket","Sve za kolače","3032","Orasi, voće, mak","- -> Supermarket -> Sve za kolače -> Orasi, voće, mak"
"-","Supermarket","Sve za kolače","3033","Dodaci i ukrasi za kolače","- -> Supermarket -> Sve za kolače -> Dodaci i ukrasi za kolače"
"-","Supermarket","Sve za kolače","3034","Slatki preljevi i sirupi","- -> Supermarket -> Sve za kolače -> Slatki preljevi i sirupi"
"-","Supermarket","Sve za kolače","3035","Vanilin šećer, prašak za pecivo","- -> Supermarket -> Sve za kolače -> Vanilin šećer, prašak za pecivo"
"-","Supermarket","Sve za kolače","3036","Pudinzi i kreme","- -> Supermarket -> Sve za kolače -> Pudinzi i kreme"
"-","Supermarket","Sve za kolače","3037","Oblande, vafli, korneti","- -> Supermarket -> Sve za kolače -> Oblande, vafli, korneti"
"Odeća i obuća","Ženska odeća","Ženska odeća za slobodno vreme","1817","Ženske pantalone i farmerke","Odeća i obuća -> Ženska odeća -> Ženska odeća za slobodno vreme -> Ženske pantalone i farmerke"
"Odeća i obuća","Ženska odeća","Ženska odeća za slobodno vreme","1818","Ženski kombinezoni","Odeća i obuća -> Ženska odeća -> Ženska odeća za slobodno vreme -> Ženski kombinezoni"
"Odeća i obuća","Ženska odeća","Ženska odeća za slobodno vreme","1819","Ženske jakne i prsluci","Odeća i obuća -> Ženska odeća -> Ženska odeća za slobodno vreme -> Ženske jakne i prsluci"
"Odeća i obuća","Ženska odeća","Ženska odeća za slobodno vreme","1820","Ženski kupaći kostimi","Odeća i obuća -> Ženska odeća -> Ženska odeća za slobodno vreme -> Ženski kupaći kostimi"
"Odeća i obuća","Ženska odeća","Ženska odeća za slobodno vreme","1821","Ženske suknje","Odeća i obuća -> Ženska odeća -> Ženska odeća za slobodno vreme -> Ženske suknje"
"Odeća i obuća","Ženska odeća","Ženska odeća za slobodno vreme","1822","Ženske majice i tunike","Odeća i obuća -> Ženska odeća -> Ženska odeća za slobodno vreme -> Ženske majice i tunike"
"Odeća i obuća","Ženska odeća","Ženska odeća za slobodno vreme","1823","Odeća za trudnice","Odeća i obuća -> Ženska odeća -> Ženska odeća za slobodno vreme -> Odeća za trudnice"
"Odeća i obuća","Ženska odeća","Ženska odeća za slobodno vreme","1824","Ženske haljine","Odeća i obuća -> Ženska odeća -> Ženska odeća za slobodno vreme -> Ženske haljine"
"Odeća i obuća","Ženska odeća","Ženska odeća za slobodno vreme","1825","Ženski džemperi i duksevi","Odeća i obuća -> Ženska odeća -> Ženska odeća za slobodno vreme -> Ženski džemperi i duksevi"
"Odeća i obuća","Ženska odeća","Ženska odeća za slobodno vreme","1826","Ženske košulje i bluze","Odeća i obuća -> Ženska odeća -> Ženska odeća za slobodno vreme -> Ženske košulje i bluze"
"Odeća i obuća","Ženska odeća","Ženski donji veš i pidžame","1904","Ženski bademantili","Odeća i obuća -> Ženska odeća -> Ženski donji veš i pidžame -> Ženski bademantili"
"Odeća i obuća","Ženska odeća","Ženski donji veš i pidžame","1828","Ženske čarape","Odeća i obuća -> Ženska odeća -> Ženski donji veš i pidžame -> Ženske čarape"
"Odeća i obuća","Ženska odeća","Ženski donji veš i pidžame","1829","Ženske pidžame","Odeća i obuća -> Ženska odeća -> Ženski donji veš i pidžame -> Ženske pidžame"
"Odeća i obuća","Ženska odeća","Ženski donji veš i pidžame","1830","Ženske gaće","Odeća i obuća -> Ženska odeća -> Ženski donji veš i pidžame -> Ženske gaće"
"Odeća i obuća","Ženska odeća","Ženski donji veš i pidžame","1831","Ženske potkošulje","Odeća i obuća -> Ženska odeća -> Ženski donji veš i pidžame -> Ženske potkošulje"
"Odeća i obuća","Ženska odeća","Ženski donji veš i pidžame","1827","Ženski brushalteri / grudnjaci","Odeća i obuća -> Ženska odeća -> Ženski donji veš i pidžame -> Ženski brushalteri / grudnjaci"
"Odeća i obuća","Ženska odeća","Ženska sportska odeća","1832","Ženski dresovi","Odeća i obuća -> Ženska odeća -> Ženska sportska odeća -> Ženski dresovi"
"Odeća i obuća","Ženska odeća","Ženska sportska odeća","1833","Ženske sportske pantalone","Odeća i obuća -> Ženska odeća -> Ženska sportska odeća -> Ženske sportske pantalone"
"Odeća i obuća","Ženska odeća","Ženska sportska odeća","1834","Ženske sportske jakne","Odeća i obuća -> Ženska odeća -> Ženska sportska odeća -> Ženske sportske jakne"
"Odeća i obuća","Ženska odeća","Ženska sportska odeća","1835","Ženske sportske majice","Odeća i obuća -> Ženska odeća -> Ženska sportska odeća -> Ženske sportske majice"
"Odeća i obuća","Ženska odeća","Ženska sportska odeća","1836","Ženski sportski džemperi i duksevi","Odeća i obuća -> Ženska odeća -> Ženska sportska odeća -> Ženski sportski džemperi i duksevi"
"Odeća i obuća","Ženska odeća","Ženska sportska odeća","1837","Ženski sportski donji veš","Odeća i obuća -> Ženska odeća -> Ženska sportska odeća -> Ženski sportski donji veš"
"Odeća i obuća","Ženska odeća","Ženska sportska odeća","1838","Ženske trenerke","Odeća i obuća -> Ženska odeća -> Ženska sportska odeća -> Ženske trenerke"
"Odeća i obuća","Ženska obuća","Ženska obuća za slobodno vreme","1839","Ženske baletanke","Odeća i obuća -> Ženska obuća -> Ženska obuća za slobodno vreme -> Ženske baletanke"
"Odeća i obuća","Ženska obuća","Ženska obuća za slobodno vreme","1840","Ženske papuče / patofne","Odeća i obuća -> Ženska obuća -> Ženska obuća za slobodno vreme -> Ženske papuče / patofne"
"Odeća i obuća","Ženska obuća","Ženska obuća za slobodno vreme","1841","Ženske cipele","Odeća i obuća -> Ženska obuća -> Ženska obuća za slobodno vreme -> Ženske cipele"
"Odeća i obuća","Ženska obuća","Ženska obuća za slobodno vreme","1842","Ženske duboke cipele","Odeća i obuća -> Ženska obuća -> Ženska obuća za slobodno vreme -> Ženske duboke cipele"
"Odeća i obuća","Ženska obuća","Ženska obuća za slobodno vreme","1843","Ženske papuče i japanke","Odeća i obuća -> Ženska obuća -> Ženska obuća za slobodno vreme -> Ženske papuče i japanke"
"Odeća i obuća","Ženska obuća","Ženska obuća za slobodno vreme","1844","Ženske salonke i sandale","Odeća i obuća -> Ženska obuća -> Ženska obuća za slobodno vreme -> Ženske salonke i sandale"
"Odeća i obuća","Ženska obuća","Ženska obuća za slobodno vreme","1845","Ženske patike","Odeća i obuća -> Ženska obuća -> Ženska obuća za slobodno vreme -> Ženske patike"
"Odeća i obuća","Ženska obuća","Ženska obuća za slobodno vreme","1846","Ženske čizme","Odeća i obuća -> Ženska obuća -> Ženska obuća za slobodno vreme -> Ženske čizme"
"Odeća i obuća","Ženska obuća","Ženska sportska obuća","1847","Ženska dvoranska obuća","Odeća i obuća -> Ženska obuća -> Ženska sportska obuća -> Ženska dvoranska obuća"
"Odeća i obuća","Ženska obuća","Ženska sportska obuća","1848","Ženska biciklistička obuća","Odeća i obuća -> Ženska obuća -> Ženska sportska obuća -> Ženska biciklistička obuća"
"Odeća i obuća","Ženska obuća","Ženska sportska obuća","1849","Ženska košarkaška obuća","Odeća i obuća -> Ženska obuća -> Ženska sportska obuća -> Ženska košarkaška obuća"
"Odeća i obuća","Ženska obuća","Ženska sportska obuća","1850","Ženska obuća za fudbal","Odeća i obuća -> Ženska obuća -> Ženska sportska obuća -> Ženska obuća za fudbal"
"Odeća i obuća","Ženska obuća","Ženska sportska obuća","1851","Ostala ženska sportska obuća","Odeća i obuća -> Ženska obuća -> Ženska sportska obuća -> Ostala ženska sportska obuća"
"Odeća i obuća","Ženska obuća","Ženska sportska obuća","1852","Ženska obuća za planinarenje","Odeća i obuća -> Ženska obuća -> Ženska sportska obuća -> Ženska obuća za planinarenje"
"Odeća i obuća","Ženska obuća","Ženska sportska obuća","1853","Ženska obuća za trčanje","Odeća i obuća -> Ženska obuća -> Ženska sportska obuća -> Ženska obuća za trčanje"
"Odeća i obuća","Muška odeća","Muška odeća za slobodno vreme","1789","Muške pantalone i farmerke","Odeća i obuća -> Muška odeća -> Muška odeća za slobodno vreme -> Muške pantalone i farmerke"
"Odeća i obuća","Muška odeća","Muška odeća za slobodno vreme","1790","Muške jakne i prsluci","Odeća i obuća -> Muška odeća -> Muška odeća za slobodno vreme -> Muške jakne i prsluci"
"Odeća i obuća","Muška odeća","Muška odeća za slobodno vreme","1791","Muške kupaće gaće","Odeća i obuća -> Muška odeća -> Muška odeća za slobodno vreme -> Muške kupaće gaće"
"Odeća i obuća","Muška odeća","Muška odeća za slobodno vreme","1792","Muške majice","Odeća i obuća -> Muška odeća -> Muška odeća za slobodno vreme -> Muške majice"
"Odeća i obuća","Muška odeća","Muška odeća za slobodno vreme","1793","Muška odela i sakoi","Odeća i obuća -> Muška odeća -> Muška odeća za slobodno vreme -> Muška odela i sakoi"
"Odeća i obuća","Muška odeća","Muška odeća za slobodno vreme","1901","Muški džemperi i duksevi","Odeća i obuća -> Muška odeća -> Muška odeća za slobodno vreme -> Muški džemperi i duksevi"
"Odeća i obuća","Muška odeća","Muška odeća za slobodno vreme","1902","Muške košulje","Odeća i obuća -> Muška odeća -> Muška odeća za slobodno vreme -> Muške košulje"
"Odeća i obuća","Muška odeća","Muški donji veš i pidžame","1794","Muški bademantili","Odeća i obuća -> Muška odeća -> Muški donji veš i pidžame -> Muški bademantili"
"Odeća i obuća","Muška odeća","Muški donji veš i pidžame","1795","Muške čarape","Odeća i obuća -> Muška odeća -> Muški donji veš i pidžame -> Muške čarape"
"Odeća i obuća","Muška odeća","Muški donji veš i pidžame","1903","Muške pidžame","Odeća i obuća -> Muška odeća -> Muški donji veš i pidžame -> Muške pidžame"
"Odeća i obuća","Muška odeća","Muški donji veš i pidžame","1796","Muške gaće","Odeća i obuća -> Muška odeća -> Muški donji veš i pidžame -> Muške gaće"
"Odeća i obuća","Muška odeća","Muški donji veš i pidžame","1797","Muške potkošulje","Odeća i obuća -> Muška odeća -> Muški donji veš i pidžame -> Muške potkošulje"
"Odeća i obuća","Muška odeća","Muška sportska odeća","1798","Muški dresovi","Odeća i obuća -> Muška odeća -> Muška sportska odeća -> Muški dresovi"
"Odeća i obuća","Muška odeća","Muška sportska odeća","1799","Muške sportske pantalone","Odeća i obuća -> Muška odeća -> Muška sportska odeća -> Muške sportske pantalone"
"Odeća i obuća","Muška odeća","Muška sportska odeća","1800","Muške sportske jakne","Odeća i obuća -> Muška odeća -> Muška sportska odeća -> Muške sportske jakne"
"Odeća i obuća","Muška odeća","Muška sportska odeća","1801","Muške sportske majice","Odeća i obuća -> Muška odeća -> Muška sportska odeća -> Muške sportske majice"
"Odeća i obuća","Muška odeća","Muška sportska odeća","1802","Muški sportski džemperi i duksevi","Odeća i obuća -> Muška odeća -> Muška sportska odeća -> Muški sportski džemperi i duksevi"
"Odeća i obuća","Muška odeća","Muška sportska odeća","1803","Muški sportski donji veš","Odeća i obuća -> Muška odeća -> Muška sportska odeća -> Muški sportski donji veš"
"Odeća i obuća","Muška odeća","Muška sportska odeća","1804","Muške trenerke","Odeća i obuća -> Muška odeća -> Muška sportska odeća -> Muške trenerke"
"Odeća i obuća","Muška obuća","Muška obuća za slobodno vreme","1805","Muške papuče / patofne","Odeća i obuća -> Muška obuća -> Muška obuća za slobodno vreme -> Muške papuče / patofne"
"Odeća i obuća","Muška obuća","Muška obuća za slobodno vreme","1806","Muške cipele","Odeća i obuća -> Muška obuća -> Muška obuća za slobodno vreme -> Muške cipele"
"Odeća i obuća","Muška obuća","Muška obuća za slobodno vreme","1807","Muške duboke cipele i čizme","Odeća i obuća -> Muška obuća -> Muška obuća za slobodno vreme -> Muške duboke cipele i čizme"
"Odeća i obuća","Muška obuća","Muška obuća za slobodno vreme","1808","Muške papuče i sandale","Odeća i obuća -> Muška obuća -> Muška obuća za slobodno vreme -> Muške papuče i sandale"
"Odeća i obuća","Muška obuća","Muška obuća za slobodno vreme","1809","Muške patike","Odeća i obuća -> Muška obuća -> Muška obuća za slobodno vreme -> Muške patike"
"Odeća i obuća","Muška obuća","Muška sportska obuća","1810","Muška obuća za salu","Odeća i obuća -> Muška obuća -> Muška sportska obuća -> Muška obuća za salu"
"Odeća i obuća","Muška obuća","Muška sportska obuća","1811","Muška biciklistička obuća","Odeća i obuća -> Muška obuća -> Muška sportska obuća -> Muška biciklistička obuća"
"Odeća i obuća","Muška obuća","Muška sportska obuća","1812","Muška košarkaška obuća","Odeća i obuća -> Muška obuća -> Muška sportska obuća -> Muška košarkaška obuća"
"Odeća i obuća","Muška obuća","Muška sportska obuća","1813","Muška fudbalska obuća","Odeća i obuća -> Muška obuća -> Muška sportska obuća -> Muška fudbalska obuća"
"Odeća i obuća","Muška obuća","Muška sportska obuća","1814","Ostala muška sportska obuća","Odeća i obuća -> Muška obuća -> Muška sportska obuća -> Ostala muška sportska obuća"
"Odeća i obuća","Muška obuća","Muška sportska obuća","1815","Muška planinarska obuća","Odeća i obuća -> Muška obuća -> Muška sportska obuća -> Muška planinarska obuća"
"Odeća i obuća","Muška obuća","Muška sportska obuća","1816","Muška obuća za trčanje","Odeća i obuća -> Muška obuća -> Muška sportska obuća -> Muška obuća za trčanje"
"Odeća i obuća","Dečija odeća i obuća","Odeća za devojčice","1854","Pantalone i farmerke za devojčice","Odeća i obuća -> Dečija odeća i obuća -> Odeća za devojčice -> Pantalone i farmerke za devojčice"
"Odeća i obuća","Dečija odeća i obuća","Odeća za devojčice","1855","Jakne i prsluci za devojčice","Odeća i obuća -> Dečija odeća i obuća -> Odeća za devojčice -> Jakne i prsluci za devojčice"
"Odeća i obuća","Dečija odeća i obuća","Odeća za devojčice","1856","Kompleti za devojčice","Odeća i obuća -> Dečija odeća i obuća -> Odeća za devojčice -> Kompleti za devojčice"
"Odeća i obuća","Dečija odeća i obuća","Odeća za devojčice","1857","Kupaći kostimi za devojčice","Odeća i obuća -> Dečija odeća i obuća -> Odeća za devojčice -> Kupaći kostimi za devojčice"
"Odeća i obuća","Dečija odeća i obuća","Odeća za devojčice","1858","Majice za devojčice","Odeća i obuća -> Dečija odeća i obuća -> Odeća za devojčice -> Majice za devojčice"
"Odeća i obuća","Dečija odeća i obuća","Odeća za devojčice","1859","Haljine i suknje za devojčice","Odeća i obuća -> Dečija odeća i obuća -> Odeća za devojčice -> Haljine i suknje za devojčice"
"Odeća i obuća","Dečija odeća i obuća","Odeća za devojčice","1860","Pidžame za devojčice","Odeća i obuća -> Dečija odeća i obuća -> Odeća za devojčice -> Pidžame za devojčice"
"Odeća i obuća","Dečija odeća i obuća","Odeća za devojčice","1861","Džemperi i duksevi za devojčice","Odeća i obuća -> Dečija odeća i obuća -> Odeća za devojčice -> Džemperi i duksevi za devojčice"
"Odeća i obuća","Dečija odeća i obuća","Odeća za devojčice","1862","Donji veš za devojčice","Odeća i obuća -> Dečija odeća i obuća -> Odeća za devojčice -> Donji veš za devojčice"
"Odeća i obuća","Dečija odeća i obuća","Odeća za devojčice","1863","Trenerke za devojčice","Odeća i obuća -> Dečija odeća i obuća -> Odeća za devojčice -> Trenerke za devojčice"
"Odeća i obuća","Dečija odeća i obuća","Odeća za dečake","1864","Pantalone i farmerke za dečake","Odeća i obuća -> Dečija odeća i obuća -> Odeća za dečake -> Pantalone i farmerke za dečake"
"Odeća i obuća","Dečija odeća i obuća","Odeća za dečake","1865","Jakne i prsluci za dečake","Odeća i obuća -> Dečija odeća i obuća -> Odeća za dečake -> Jakne i prsluci za dečake"
"Odeća i obuća","Dečija odeća i obuća","Odeća za dečake","1866","Kompleti za dečake","Odeća i obuća -> Dečija odeća i obuća -> Odeća za dečake -> Kompleti za dečake"
"Odeća i obuća","Dečija odeća i obuća","Odeća za dečake","1867","Kupaći kostimi za dečake","Odeća i obuća -> Dečija odeća i obuća -> Odeća za dečake -> Kupaći kostimi za dečake"
"Odeća i obuća","Dečija odeća i obuća","Odeća za dečake","1868","Majice za dečake","Odeća i obuća -> Dečija odeća i obuća -> Odeća za dečake -> Majice za dečake"
"Odeća i obuća","Dečija odeća i obuća","Odeća za dečake","1869","Pidžame za dečake","Odeća i obuća -> Dečija odeća i obuća -> Odeća za dečake -> Pidžame za dečake"
"Odeća i obuća","Dečija odeća i obuća","Odeća za dečake","1870","Džemperi i duksevi za dečake","Odeća i obuća -> Dečija odeća i obuća -> Odeća za dečake -> Džemperi i duksevi za dečake"
"Odeća i obuća","Dečija odeća i obuća","Odeća za dečake","1871","Donji veš za dečake","Odeća i obuća -> Dečija odeća i obuća -> Odeća za dečake -> Donji veš za dečake"
"Odeća i obuća","Dečija odeća i obuća","Odeća za dečake","1872","Trenerke za dečake","Odeća i obuća -> Dečija odeća i obuća -> Odeća za dečake -> Trenerke za dečake"
"Odeća i obuća","Dečija odeća i obuća","Dečija obuća","1873","Dečije patofne / papuče","Odeća i obuća -> Dečija odeća i obuća -> Dečija obuća -> Dečije patofne / papuče"
"Odeća i obuća","Dečija odeća i obuća","Dečija obuća","1874","Dečije cipele","Odeća i obuća -> Dečija odeća i obuća -> Dečija obuća -> Dečije cipele"
"Odeća i obuća","Dečija odeća i obuća","Dečija obuća","1875","Dečije duboke cipele i čizme","Odeća i obuća -> Dečija odeća i obuća -> Dečija obuća -> Dečije duboke cipele i čizme"
"Odeća i obuća","Dečija odeća i obuća","Dečija obuća","1876","Dečije papuče i sandale","Odeća i obuća -> Dečija odeća i obuća -> Dečija obuća -> Dečije papuče i sandale"
"Odeća i obuća","Dečija odeća i obuća","Dečija obuća","1877","Dečije patike","Odeća i obuća -> Dečija odeća i obuća -> Dečija obuća -> Dečije patike"
"Odeća i obuća","Dečija odeća i obuća","Dečija obuća","1878","Dečija sportska obuća","Odeća i obuća -> Dečija odeća i obuća -> Dečija obuća -> Dečija sportska obuća"
"Odeća i obuća","Modni dodaci","Nakit","469","Narukvice","Odeća i obuća -> Modni dodaci -> Nakit -> Narukvice"
"Odeća i obuća","Modni dodaci","Nakit","470","Prstenje","Odeća i obuća -> Modni dodaci -> Nakit -> Prstenje"
"Odeća i obuća","Modni dodaci","Nakit","471","Lančići / ogrlice","Odeća i obuća -> Modni dodaci -> Nakit -> Lančići / ogrlice"
"Odeća i obuća","Modni dodaci","Nakit","472","Minđuše","Odeća i obuća -> Modni dodaci -> Nakit -> Minđuše"
"Odeća i obuća","Modni dodaci","Nakit","473","Privesci","Odeća i obuća -> Modni dodaci -> Nakit -> Privesci"
"Odeća i obuća","Modni dodaci","Nakit","474","Kopče, broševi, manžetne","Odeća i obuća -> Modni dodaci -> Nakit -> Kopče, broševi, manžetne"
"Odeća i obuća","Modni dodaci","Nakit","2623","Skladištenje nakita","Odeća i obuća -> Modni dodaci -> Nakit -> Skladištenje nakita"
"Odeća i obuća","Modni dodaci","Nakit","2624","Kompleti nakita","Odeća i obuća -> Modni dodaci -> Nakit -> Kompleti nakita"
"Odeća i obuća","Modni dodaci","Ručni satovi","1670","Analogni ručni satovi","Odeća i obuća -> Modni dodaci -> Ručni satovi -> Analogni ručni satovi"
"Odeća i obuća","Modni dodaci","Ručni satovi","1671","Digitalni ručni satovi","Odeća i obuća -> Modni dodaci -> Ručni satovi -> Digitalni ručni satovi"
"Odeća i obuća","Modni dodaci","Ručni satovi","2625","Oprema za ručne satove","Odeća i obuća -> Modni dodaci -> Ručni satovi -> Oprema za ručne satove"
"Odeća i obuća","Modni dodaci","Torbice i torbe","1879","Torbice za rame","Odeća i obuća -> Modni dodaci -> Torbice i torbe -> Torbice za rame"
"Odeća i obuća","Modni dodaci","Torbice i torbe","1880","Modne torbe i tašne","Odeća i obuća -> Modni dodaci -> Torbice i torbe -> Modne torbe i tašne"
"Odeća i obuća","Modni dodaci","Torbice i torbe","1881","Dečije torbice","Odeća i obuća -> Modni dodaci -> Torbice i torbe -> Dečije torbice"
"Odeća i obuća","Modni dodaci","Torbice i torbe","1882","Torbice za struk","Odeća i obuća -> Modni dodaci -> Torbice i torbe -> Torbice za struk"
"Odeća i obuća","Modni dodaci","Torbice i torbe","1883","Poslovne torbe","Odeća i obuća -> Modni dodaci -> Torbice i torbe -> Poslovne torbe"
"Odeća i obuća","Modni dodaci","Putni program","1884","Koferi","Odeća i obuća -> Modni dodaci -> Putni program -> Koferi"
"Odeća i obuća","Modni dodaci","Putni program","1885","Kozmetički koferi i neseseri","Odeća i obuća -> Modni dodaci -> Putni program -> Kozmetički koferi i neseseri"
"Odeća i obuća","Modni dodaci","Putni program","1886","Putne torbe i koferi","Odeća i obuća -> Modni dodaci -> Putni program -> Putne torbe i koferi"
"Odeća i obuća","Modni dodaci","Putni program","1887","Putni dodaci","Odeća i obuća -> Modni dodaci -> Putni program -> Putni dodaci"
"Odeća i obuća","Modni dodaci","Ostali modni dodaci","1673","Naočare za sunce","Odeća i obuća -> Modni dodaci -> Ostali modni dodaci -> Naočare za sunce"
"Odeća i obuća","Modni dodaci","Ostali modni dodaci","1888","Novčanici","Odeća i obuća -> Modni dodaci -> Ostali modni dodaci -> Novčanici"
"Odeća i obuća","Modni dodaci","Ostali modni dodaci","1889","Kišobrani","Odeća i obuća -> Modni dodaci -> Ostali modni dodaci -> Kišobrani"
"Odeća i obuća","Modni dodaci","Ostali modni dodaci","1890","Kape i šeširi","Odeća i obuća -> Modni dodaci -> Ostali modni dodaci -> Kape i šeširi"
"Odeća i obuća","Modni dodaci","Ostali modni dodaci","1891","Kravate i mašne","Odeća i obuća -> Modni dodaci -> Ostali modni dodaci -> Kravate i mašne"
"Odeća i obuća","Modni dodaci","Ostali modni dodaci","1892","Kaiševi","Odeća i obuća -> Modni dodaci -> Ostali modni dodaci -> Kaiševi"
"Odeća i obuća","Modni dodaci","Ostali modni dodaci","1893","Šalovi, marame i rukavice","Odeća i obuća -> Modni dodaci -> Ostali modni dodaci -> Šalovi, marame i rukavice"
"Odeća i obuća","Modni dodaci","Dodaci za odeću i obuću","1894","Nega odeće / obuće","Odeća i obuća -> Modni dodaci -> Dodaci za odeću i obuću -> Nega odeće / obuće"
"Odeća i obuća","Modni dodaci","Dodaci za odeću i obuću","1895","Ostali dodaci","Odeća i obuća -> Modni dodaci -> Dodaci za odeću i obuću -> Ostali dodaci"
"Odeća i obuća","Modni dodaci","Dodaci za odeću i obuću","1896","Prišivači","Odeća i obuća -> Modni dodaci -> Dodaci za odeću i obuću -> Prišivači"
"Odeća i obuća","Modni dodaci","Dodaci za odeću i obuću","1897","Ulošci","Odeća i obuća -> Modni dodaci -> Dodaci za odeću i obuću -> Ulošci"
"Odeća i obuća","Modni dodaci","Kostimi  za maskenbale","1898","Maske za maskenbal","Odeća i obuća -> Modni dodaci -> Kostimi  za maskenbale -> Maske za maskenbal"
"Odeća i obuća","Modni dodaci","Kostimi  za maskenbale","1899","Dodaci za maskenbal","Odeća i obuća -> Modni dodaci -> Kostimi  za maskenbale -> Dodaci za maskenbal"
"Odeća i obuća","Modni dodaci","Kostimi  za maskenbale","1900","Kostimi za maskenbal","Odeća i obuća -> Modni dodaci -> Kostimi  za maskenbale -> Kostimi za maskenbal"
"Sport","Fitnes i vežbanje","Fitnes sprave","220","Dodatna oprema za fitnes sprave","Sport -> Fitnes i vežbanje -> Fitnes sprave -> Dodatna oprema za fitnes sprave"
"Sport","Fitnes i vežbanje","Fitnes sprave","2040","Sobni bicikl","Sport -> Fitnes i vežbanje -> Fitnes sprave -> Sobni bicikl"
"Sport","Fitnes i vežbanje","Fitnes sprave","2041","Eliptični trenažeri","Sport -> Fitnes i vežbanje -> Fitnes sprave -> Eliptični trenažeri"
"Sport","Fitnes i vežbanje","Fitnes sprave","2042","Trake za trčanje","Sport -> Fitnes i vežbanje -> Fitnes sprave -> Trake za trčanje"
"Sport","Fitnes i vežbanje","Fitnes sprave","2043","Sprave za veslanje","Sport -> Fitnes i vežbanje -> Fitnes sprave -> Sprave za veslanje"
"Sport","Fitnes i vežbanje","Fitnes sprave","2044","Steperi","Sport -> Fitnes i vežbanje -> Fitnes sprave -> Steperi"
"Sport","Fitnes i vežbanje","Fitnes sprave","2045","Vibracione ploče","Sport -> Fitnes i vežbanje -> Fitnes sprave -> Vibracione ploče"
"Sport","Fitnes i vežbanje","Fitnes sprave","2046","Višenamenske sprave","Sport -> Fitnes i vežbanje -> Fitnes sprave -> Višenamenske sprave"
"Sport","Fitnes i vežbanje","Fitnes sprave","2047","Klupe","Sport -> Fitnes i vežbanje -> Fitnes sprave -> Klupe"
"Sport","Fitnes i vežbanje","Sve za vežbanje","1936","Šipke, ručke i trake","Sport -> Fitnes i vežbanje -> Sve za vežbanje -> Šipke, ručke i trake"
"Sport","Fitnes i vežbanje","Sve za vežbanje","1937","Tegovi","Sport -> Fitnes i vežbanje -> Sve za vežbanje -> Tegovi"
"Sport","Fitnes i vežbanje","Sve za vežbanje","1938","Podloge za vežbanje","Sport -> Fitnes i vežbanje -> Sve za vežbanje -> Podloge za vežbanje"
"Sport","Fitnes i vežbanje","Sve za vežbanje","1939","Dodaci za vežbanje","Sport -> Fitnes i vežbanje -> Sve za vežbanje -> Dodaci za vežbanje"
"Sport","Fitnes i vežbanje","Sve za vežbanje","1940","Lopte za vežbanje","Sport -> Fitnes i vežbanje -> Sve za vežbanje -> Lopte za vežbanje"
"Sport","Fitnes i vežbanje","Borilački sportovi","1941","Džakovi za udaranje","Sport -> Fitnes i vežbanje -> Borilački sportovi -> Džakovi za udaranje"
"Sport","Fitnes i vežbanje","Borilački sportovi","1942","Zaštitna oprema za borilačke sportove","Sport -> Fitnes i vežbanje -> Borilački sportovi -> Zaštitna oprema za borilačke sportove"
"Sport","Fitnes i vežbanje","Borilački sportovi","1943","Oprema za borilačke sportove","Sport -> Fitnes i vežbanje -> Borilački sportovi -> Oprema za borilačke sportove"
"Sport","Zimski sportovi","Skijanje","206","Skije","Sport -> Zimski sportovi -> Skijanje -> Skije"
"Sport","Zimski sportovi","Skijanje","210","Skijaške kopče","Sport -> Zimski sportovi -> Skijanje -> Skijaške kopče"
"Sport","Zimski sportovi","Skijanje","211","Pancerice","Sport -> Zimski sportovi -> Skijanje -> Pancerice"
"Sport","Zimski sportovi","Skijanje","212","Skijaška oprema","Sport -> Zimski sportovi -> Skijanje -> Skijaška oprema"
"Sport","Zimski sportovi","Skijanje","2050","Skijaške kacige","Sport -> Zimski sportovi -> Skijanje -> Skijaške kacige"
"Sport","Zimski sportovi","Skijanje","2051","Skijaške naočare","Sport -> Zimski sportovi -> Skijanje -> Skijaške naočare"
"Sport","Zimski sportovi","Snoubord","209","Bordovi / daske","Sport -> Zimski sportovi -> Snoubord -> Bordovi / daske"
"Sport","Zimski sportovi","Snoubord","2021","Snoubord kopče","Sport -> Zimski sportovi -> Snoubord -> Snoubord kopče"
"Sport","Zimski sportovi","Snoubord","2022","Cipele za snoubord","Sport -> Zimski sportovi -> Snoubord -> Cipele za snoubord"
"Sport","Zimski sportovi","Snoubord","2023","Ostala snoubord oprema","Sport -> Zimski sportovi -> Snoubord -> Ostala snoubord oprema"
"Sport","Zimski sportovi","Skijaško trčanje","207","Cross-country skije","Sport -> Zimski sportovi -> Skijaško trčanje -> Cross-country skije"
"Sport","Zimski sportovi","Skijaško trčanje","2024","Cipele za skijaško trčanje","Sport -> Zimski sportovi -> Skijaško trčanje -> Cipele za skijaško trčanje"
"Sport","Zimski sportovi","Skijaško trčanje","2025","Oprema za skijaško trčanje","Sport -> Zimski sportovi -> Skijaško trčanje -> Oprema za skijaško trčanje"
"Sport","Zimski sportovi","Turno skijanje","297","Turnska oprema","Sport -> Zimski sportovi -> Turno skijanje -> Turnska oprema"
"Sport","Zimski sportovi","Turno skijanje","2026","Turne skije","Sport -> Zimski sportovi -> Turno skijanje -> Turne skije"
"Sport","Zimski sportovi","Turno skijanje","2027","Cipele za turne skije","Sport -> Zimski sportovi -> Turno skijanje -> Cipele za turne skije"
"Sport","Zimski sportovi","Turno skijanje","2028","Kopče za turne skije","Sport -> Zimski sportovi -> Turno skijanje -> Kopče za turne skije"
"Sport","Zimski sportovi","Zimske sportske aktivnosti","309","Sankanje","Sport -> Zimski sportovi -> Zimske sportske aktivnosti -> Sankanje"
"Sport","Zimski sportovi","Zimske sportske aktivnosti","2029","Klizanje","Sport -> Zimski sportovi -> Zimske sportske aktivnosti -> Klizanje"
"Sport","Planinarenje i penjanje","Oprema za penjanje","2035","Klinovi i kladiva","Sport -> Planinarenje i penjanje -> Oprema za penjanje -> Klinovi i kladiva"
"Sport","Planinarenje i penjanje","Oprema za penjanje","2036","Sidrišta i klinovi","Sport -> Planinarenje i penjanje -> Oprema za penjanje -> Sidrišta i klinovi"
"Sport","Planinarenje i penjanje","Oprema za penjanje","2037","Penjački karabineri i sistemi","Sport -> Planinarenje i penjanje -> Oprema za penjanje -> Penjački karabineri i sistemi"
"Sport","Planinarenje i penjanje","Oprema za penjanje","2038","Penjačka užad i pribor","Sport -> Planinarenje i penjanje -> Oprema za penjanje -> Penjačka užad i pribor"
"Sport","Planinarenje i penjanje","Oprema za penjanje","2039","Ostali penjački pribor","Sport -> Planinarenje i penjanje -> Oprema za penjanje -> Ostali penjački pribor"
"Sport","Planinarenje i penjanje","Dodaci za penjače","1926","Penjačke kacige","Sport -> Planinarenje i penjanje -> Dodaci za penjače -> Penjačke kacige"
"Sport","Planinarenje i penjanje","Dodaci za penjače","1927","Penjačke cipele / penjačice","Sport -> Planinarenje i penjanje -> Dodaci za penjače -> Penjačke cipele / penjačice"
"Sport","Planinarenje i penjanje","Dodaci za penjače","1928","Penjački pojasevi","Sport -> Planinarenje i penjanje -> Dodaci za penjače -> Penjački pojasevi"
"Sport","Planinarenje i penjanje","Oprema za sneg i led","1929","Cepini i pribor","Sport -> Planinarenje i penjanje -> Oprema za sneg i led -> Cepini i pribor"
"Sport","Planinarenje i penjanje","Oprema za sneg i led","1930","Dereze","Sport -> Planinarenje i penjanje -> Oprema za sneg i led -> Dereze"
"Sport","Planinarenje i penjanje","Oprema za sneg i led","1931","Šrafovi i osiguranja","Sport -> Planinarenje i penjanje -> Oprema za sneg i led -> Šrafovi i osiguranja"
"Sport","Planinarenje i penjanje","Oprema za sneg i led","1932","Ostala oprema za sneg i led","Sport -> Planinarenje i penjanje -> Oprema za sneg i led -> Ostala oprema za sneg i led"
"Sport","Planinarenje i penjanje","Planinarenje","296","Planinarski rančevi i torbe","Sport -> Planinarenje i penjanje -> Planinarenje -> Planinarski rančevi i torbe"
"Sport","Planinarenje i penjanje","Planinarenje","1933","Planinarski štapovi","Sport -> Planinarenje i penjanje -> Planinarenje -> Planinarski štapovi"
"Sport","Planinarenje i penjanje","Planinarenje","1935","Ostala planinarska oprema","Sport -> Planinarenje i penjanje -> Planinarenje -> Ostala planinarska oprema"
"Sport","Biciklizam","Bicikli","213","Brdski / MTB bicikli","Sport -> Biciklizam -> Bicikli -> Brdski / MTB bicikli"
"Sport","Biciklizam","Bicikli","214","Drumski bicikli","Sport -> Biciklizam -> Bicikli -> Drumski bicikli"
"Sport","Biciklizam","Bicikli","215","Treking / kros bicikli","Sport -> Biciklizam -> Bicikli -> Treking / kros bicikli"
"Sport","Biciklizam","Bicikli","216","Bicikli za decu","Sport -> Biciklizam -> Bicikli -> Bicikli za decu"
"Sport","Biciklizam","Bicikli","217","Ostali bicikli","Sport -> Biciklizam -> Bicikli -> Ostali bicikli"
"Sport","Biciklizam","Bicikli","222","Gradski bicikli","Sport -> Biciklizam -> Bicikli -> Gradski bicikli"
"Sport","Biciklizam","Bicikli","2034","BMX bicikli","Sport -> Biciklizam -> Bicikli -> BMX bicikli"
"Sport","Biciklizam","Bicikli","2058","Električni bicikli","Sport -> Biciklizam -> Bicikli -> Električni bicikli"
"Sport","Biciklizam","Bicikli","2059","Sklopivi bicikli","Sport -> Biciklizam -> Bicikli -> Sklopivi bicikli"
"Sport","Biciklizam","Dodatna biciklistička oprema","219","Ostala biciklistička oprema","Sport -> Biciklizam -> Dodatna biciklistička oprema -> Ostala biciklistička oprema"
"Sport","Biciklizam","Dodatna biciklistička oprema","1905","Bidoni i nosači","Sport -> Biciklizam -> Dodatna biciklistička oprema -> Bidoni i nosači"
"Sport","Biciklizam","Dodatna biciklistička oprema","1906","Biciklističke kacige","Sport -> Biciklizam -> Dodatna biciklistička oprema -> Biciklističke kacige"
"Sport","Biciklizam","Dodatna biciklistička oprema","1907","Katanci za bicikle","Sport -> Biciklizam -> Dodatna biciklistička oprema -> Katanci za bicikle"
"Sport","Biciklizam","Dodatna biciklistička oprema","1908","Biciklistički rančevi","Sport -> Biciklizam -> Dodatna biciklistička oprema -> Biciklistički rančevi"
"Sport","Biciklizam","Dodatna biciklistička oprema","1909","Ciklokompjuteri","Sport -> Biciklizam -> Dodatna biciklistička oprema -> Ciklokompjuteri"
"Sport","Biciklizam","Dodatna biciklistička oprema","1910","Biciklistička dečija sedišta i prikolice","Sport -> Biciklizam -> Dodatna biciklistička oprema -> Biciklistička dečija sedišta i prikolice"
"Sport","Biciklizam","Dodatna biciklistička oprema","1911","Biciklistička svetla i blicevi","Sport -> Biciklizam -> Dodatna biciklistička oprema -> Biciklistička svetla i blicevi"
"Sport","Biciklizam","Dodatna biciklistička oprema","1912","Pumpe za bicikl","Sport -> Biciklizam -> Dodatna biciklistička oprema -> Pumpe za bicikl"
"Sport","Biciklizam","Dodatna biciklistička oprema","1913","Biciklističke torbe i korpe","Sport -> Biciklizam -> Dodatna biciklistička oprema -> Biciklističke torbe i korpe"
"Sport","Biciklizam","Dodatna biciklistička oprema","1914","Trenažeri i oprema","Sport -> Biciklizam -> Dodatna biciklistička oprema -> Trenažeri i oprema"
"Sport","Biciklizam","Dodatna biciklistička oprema","1915","Biciklistička zaštitna oprema i dodaci","Sport -> Biciklizam -> Dodatna biciklistička oprema -> Biciklistička zaštitna oprema i dodaci"
"Sport","Biciklizam","Delovi za bicikle","218","Ostali delovi za bicikle","Sport -> Biciklizam -> Delovi za bicikle -> Ostali delovi za bicikle"
"Sport","Biciklizam","Delovi za bicikle","305","Biciklistički ramovi i delovi za ram","Sport -> Biciklizam -> Delovi za bicikle -> Biciklistički ramovi i delovi za ram"
"Sport","Biciklizam","Delovi za bicikle","306","Biciklističke gume, unutrašnje gume i obruči","Sport -> Biciklizam -> Delovi za bicikle -> Biciklističke gume, unutrašnje gume i obruči"
"Sport","Biciklizam","Delovi za bicikle","1916","Biciklističke cevi i lule volana","Sport -> Biciklizam -> Delovi za bicikle -> Biciklističke cevi i lule volana"
"Sport","Biciklizam","Delovi za bicikle","1917","Biciklističke pedale i dodaci","Sport -> Biciklizam -> Delovi za bicikle -> Biciklističke pedale i dodaci"
"Sport","Biciklizam","Delovi za bicikle","1918","Biciklistička sedišta i dodaci","Sport -> Biciklizam -> Delovi za bicikle -> Biciklistička sedišta i dodaci"
"Sport","Biciklizam","Delovi za bicikle","1919","Biciklistički zupčanici i lanci","Sport -> Biciklizam -> Delovi za bicikle -> Biciklistički zupčanici i lanci"
"Sport","Biciklizam","Delovi za bicikle","1920","Biciklističke viljuške i amortizeri","Sport -> Biciklizam -> Delovi za bicikle -> Biciklističke viljuške i amortizeri"
"Sport","Biciklizam","Delovi za bicikle","1921","Kočnice za bicikle","Sport -> Biciklizam -> Delovi za bicikle -> Kočnice za bicikle"
"Sport","Biciklizam","Biciklistički alat i održavanje","1922","Sredstva za čišćenje bicikla","Sport -> Biciklizam -> Biciklistički alat i održavanje -> Sredstva za čišćenje bicikla"
"Sport","Biciklizam","Biciklistički alat i održavanje","1923","Ulja i maziva za bicikl","Sport -> Biciklizam -> Biciklistički alat i održavanje -> Ulja i maziva za bicikl"
"Sport","Biciklizam","Biciklistički alat i održavanje","1924","Biciklistički alat i pribor","Sport -> Biciklizam -> Biciklistički alat i održavanje -> Biciklistički alat i pribor"
"Sport","Biciklizam","Biciklistički alat i održavanje","1925","Čuvanje bicikla","Sport -> Biciklizam -> Biciklistički alat i održavanje -> Čuvanje bicikla"
"Sport","Slobodno vreme","Kampovanje","298","Šatori i suncobrani","Sport -> Slobodno vreme -> Kampovanje -> Šatori i suncobrani"
"Sport","Slobodno vreme","Kampovanje","299","Kamp oprema","Sport -> Slobodno vreme -> Kampovanje -> Kamp oprema"
"Sport","Slobodno vreme","Kampovanje","485","Nameštaj za kampovanje","Sport -> Slobodno vreme -> Kampovanje -> Nameštaj za kampovanje"
"Sport","Slobodno vreme","Kampovanje","2048","Vreće za spavanje","Sport -> Slobodno vreme -> Kampovanje -> Vreće za spavanje"
"Sport","Slobodno vreme","Na točkovima","315","Roleri","Sport -> Slobodno vreme -> Na točkovima -> Roleri"
"Sport","Slobodno vreme","Na točkovima","1992","Skejtovi / skuteri","Sport -> Slobodno vreme -> Na točkovima -> Skejtovi / skuteri"
"Sport","Slobodno vreme","Na točkovima","1993","Trotineti","Sport -> Slobodno vreme -> Na točkovima -> Trotineti"
"Sport","Slobodno vreme","Na točkovima","1994","Štitnici","Sport -> Slobodno vreme -> Na točkovima -> Štitnici"
"Sport","Slobodno vreme","Na točkovima","1995","Dodatna oprema","Sport -> Slobodno vreme -> Na točkovima -> Dodatna oprema"
"Sport","Slobodno vreme","Na točkovima","2960","Električni trotineti","Sport -> Slobodno vreme -> Na točkovima -> Električni trotineti"
"Sport","Slobodno vreme","Stoni sportovi","580","Bilijar","Sport -> Slobodno vreme -> Stoni sportovi -> Bilijar"
"Sport","Slobodno vreme","Stoni sportovi","1996","Stoni fudbal","Sport -> Slobodno vreme -> Stoni sportovi -> Stoni fudbal"
"Sport","Slobodno vreme","Stoni sportovi","1998","Stoni hokej","Sport -> Slobodno vreme -> Stoni sportovi -> Stoni hokej"
"Sport","Slobodno vreme","Ribolov","312","Ribarski pribor / oprema","Sport -> Slobodno vreme -> Ribolov -> Ribarski pribor / oprema"
"Sport","Slobodno vreme","Ribolov","1999","Štapovi za pecanje i kompleti","Sport -> Slobodno vreme -> Ribolov -> Štapovi za pecanje i kompleti"
"Sport","Slobodno vreme","Ribolov","2000","Mamci","Sport -> Slobodno vreme -> Ribolov -> Mamci"
"Sport","Slobodno vreme","Aktivnosti u slobodno vreme","530","Poker","Sport -> Slobodno vreme -> Aktivnosti u slobodno vreme -> Poker"
"Sport","Slobodno vreme","Aktivnosti u slobodno vreme","2001","Igre na plaži","Sport -> Slobodno vreme -> Aktivnosti u slobodno vreme -> Igre na plaži"
"Sport","Slobodno vreme","Aktivnosti u slobodno vreme","2002","Pikado","Sport -> Slobodno vreme -> Aktivnosti u slobodno vreme -> Pikado"
"Sport","Slobodno vreme","Aktivnosti u slobodno vreme","2003","Šah","Sport -> Slobodno vreme -> Aktivnosti u slobodno vreme -> Šah"
"Sport","Sport na otvorenom","Maketarstvo","590","Modeli automobila","Sport -> Sport na otvorenom -> Maketarstvo -> Modeli automobila"
"Sport","Sport na otvorenom","Maketarstvo","592","Modeli plovila","Sport -> Sport na otvorenom -> Maketarstvo -> Modeli plovila"
"Sport","Sport na otvorenom","Maketarstvo","595","Motori, goriva i ulje za maketarstvo","Sport -> Sport na otvorenom -> Maketarstvo -> Motori, goriva i ulje za maketarstvo"
"Sport","Sport na otvorenom","Maketarstvo","596","Rezervni delovi i oprema za modelarstvo","Sport -> Sport na otvorenom -> Maketarstvo -> Rezervni delovi i oprema za modelarstvo"
"Sport","Sport na otvorenom","Maketarstvo","591","Modeli letelica i helikoptera","Sport -> Sport na otvorenom -> Maketarstvo -> Modeli letelica i helikoptera"
"Sport","Sport na otvorenom","Maketarstvo","593","Modelarska elektrotehnička oprema","Sport -> Sport na otvorenom -> Maketarstvo -> Modelarska elektrotehnička oprema"
"Sport","Sport na otvorenom","Maketarstvo","594","Materijali i alati za maketarstvo","Sport -> Sport na otvorenom -> Maketarstvo -> Materijali i alati za maketarstvo"
"Sport","Sport na otvorenom","Maketarstvo","597","RV sistemi","Sport -> Sport na otvorenom -> Maketarstvo -> RV sistemi"
"Sport","Sport na otvorenom","Maketarstvo","2049","Multikopteri / dronovi","Sport -> Sport na otvorenom -> Maketarstvo -> Multikopteri / dronovi"
"Sport","Sport na otvorenom","Trčanje","2004","Dodaci za trčanje","Sport -> Sport na otvorenom -> Trčanje -> Dodaci za trčanje"
"Sport","Sport na otvorenom","Trčanje","2005","Pojasevi i rančevi","Sport -> Sport na otvorenom -> Trčanje -> Pojasevi i rančevi"
"Sport","Sport na otvorenom","Golf","2006","Golf palice","Sport -> Sport na otvorenom -> Golf -> Golf palice"
"Sport","Sport na otvorenom","Golf","2007","Golf loptice","Sport -> Sport na otvorenom -> Golf -> Golf loptice"
"Sport","Sport na otvorenom","Golf","2008","Golf setovi","Sport -> Sport na otvorenom -> Golf -> Golf setovi"
"Sport","Sport na otvorenom","Golf","2009","Golf oprema","Sport -> Sport na otvorenom -> Golf -> Golf oprema"
"Sport","Sport na otvorenom","Jahanje","2010","Hrana i dodaci hrani za konje","Sport -> Sport na otvorenom -> Jahanje -> Hrana i dodaci hrani za konje"
"Sport","Sport na otvorenom","Jahanje","2011","Nega konja","Sport -> Sport na otvorenom -> Jahanje -> Nega konja"
"Sport","Sport na otvorenom","Jahanje","2012","Oprema za konje","Sport -> Sport na otvorenom -> Jahanje -> Oprema za konje"
"Sport","Sport na otvorenom","Jahanje","2013","Oprema za jahače","Sport -> Sport na otvorenom -> Jahanje -> Oprema za jahače"
"Sport","Sport na otvorenom","Jahanje","2014","Oprema za štalu","Sport -> Sport na otvorenom -> Jahanje -> Oprema za štalu"
"Sport","Sport na otvorenom","Streličarstvo","2015","Lukovi","Sport -> Sport na otvorenom -> Streličarstvo -> Lukovi"
"Sport","Sport na otvorenom","Streličarstvo","2016","Strele i delovi","Sport -> Sport na otvorenom -> Streličarstvo -> Strele i delovi"
"Sport","Sport na otvorenom","Streličarstvo","2017","Mete i podloge","Sport -> Sport na otvorenom -> Streličarstvo -> Mete i podloge"
"Sport","Sport na otvorenom","Lov","2018","Oprema za lov","Sport -> Sport na otvorenom -> Lov -> Oprema za lov"
"Sport","Sport na otvorenom","Lov","2019","Odeća za lov","Sport -> Sport na otvorenom -> Lov -> Odeća za lov"
"Sport","Sport na otvorenom","Lov","2020","Lovačka optika","Sport -> Sport na otvorenom -> Lov -> Lovačka optika"
"Sport","Sportovi sa reketom","Badminton","1944","Badminton reketi","Sport -> Sportovi sa reketom -> Badminton -> Badminton reketi"
"Sport","Sportovi sa reketom","Badminton","1945","Badminton kompleti","Sport -> Sportovi sa reketom -> Badminton -> Badminton kompleti"
"Sport","Sportovi sa reketom","Badminton","1946","Badminton loptice","Sport -> Sportovi sa reketom -> Badminton -> Badminton loptice"
"Sport","Sportovi sa reketom","Speedminton","1947","Speedminton reketi","Sport -> Sportovi sa reketom -> Speedminton -> Speedminton reketi"
"Sport","Sportovi sa reketom","Speedminton","1948","Speedminton kompleti","Sport -> Sportovi sa reketom -> Speedminton -> Speedminton kompleti"
"Sport","Sportovi sa reketom","Speedminton","1949","Speedminton loptice","Sport -> Sportovi sa reketom -> Speedminton -> Speedminton loptice"
"Sport","Sportovi sa reketom","Skvoš","1950","Skvoš reketi","Sport -> Sportovi sa reketom -> Skvoš -> Skvoš reketi"
"Sport","Sportovi sa reketom","Skvoš","1951","Skvoš kompleti","Sport -> Sportovi sa reketom -> Skvoš -> Skvoš kompleti"
"Sport","Sportovi sa reketom","Skvoš","1952","Skvoš loptice","Sport -> Sportovi sa reketom -> Skvoš -> Skvoš loptice"
"Sport","Sportovi sa reketom","Tenis","1953","Teniski reketi","Sport -> Sportovi sa reketom -> Tenis -> Teniski reketi"
"Sport","Sportovi sa reketom","Tenis","1954","Teniski kompleti","Sport -> Sportovi sa reketom -> Tenis -> Teniski kompleti"
"Sport","Sportovi sa reketom","Tenis","1955","Teniske loptice","Sport -> Sportovi sa reketom -> Tenis -> Teniske loptice"
"Sport","Sportovi sa reketom","Dodatna oprema za sportove s reketom","524","Gripovi za rekete","Sport -> Sportovi sa reketom -> Dodatna oprema za sportove s reketom -> Gripovi za rekete"
"Sport","Sportovi sa reketom","Dodatna oprema za sportove s reketom","522","Žice za sportove sa reketom","Sport -> Sportovi sa reketom -> Dodatna oprema za sportove s reketom -> Žice za sportove sa reketom"
"Sport","Sportovi sa reketom","Dodatna oprema za sportove s reketom","526","Ostala oprema za sport sa reketom","Sport -> Sportovi sa reketom -> Dodatna oprema za sportove s reketom -> Ostala oprema za sport sa reketom"
"Sport","Sportovi sa reketom","Stoni tenis","2054","Reketi za stoni tenis","Sport -> Sportovi sa reketom -> Stoni tenis -> Reketi za stoni tenis"
"Sport","Sportovi sa reketom","Stoni tenis","2055","Loptice za stoni tenis","Sport -> Sportovi sa reketom -> Stoni tenis -> Loptice za stoni tenis"
"Sport","Sportovi sa reketom","Stoni tenis","2056","Stolovi za stoni tenis","Sport -> Sportovi sa reketom -> Stoni tenis -> Stolovi za stoni tenis"
"Sport","Sportovi sa reketom","Stoni tenis","2057","Dodaci za stoni tenis","Sport -> Sportovi sa reketom -> Stoni tenis -> Dodaci za stoni tenis"
"Sport","Ekipni sportovi","Košarka","1956","Košarkaške lopte","Sport -> Ekipni sportovi -> Košarka -> Košarkaške lopte"
"Sport","Ekipni sportovi","Košarka","1957","Koševi i dodaci","Sport -> Ekipni sportovi -> Košarka -> Koševi i dodaci"
"Sport","Ekipni sportovi","Košarka","1958","Ostala košarkaška oprema","Sport -> Ekipni sportovi -> Košarka -> Ostala košarkaška oprema"
"Sport","Ekipni sportovi","Fudbal","1959","Fudbalske lopte","Sport -> Ekipni sportovi -> Fudbal -> Fudbalske lopte"
"Sport","Ekipni sportovi","Fudbal","1960","Fudbalski golovi i oprema","Sport -> Ekipni sportovi -> Fudbal -> Fudbalski golovi i oprema"
"Sport","Ekipni sportovi","Fudbal","1961","Fudbalski štitnici","Sport -> Ekipni sportovi -> Fudbal -> Fudbalski štitnici"
"Sport","Ekipni sportovi","Fudbal","1962","Ostala fudbalska oprema","Sport -> Ekipni sportovi -> Fudbal -> Ostala fudbalska oprema"
"Sport","Ekipni sportovi","Rukomet","1963","Rukometne lopte","Sport -> Ekipni sportovi -> Rukomet -> Rukometne lopte"
"Sport","Ekipni sportovi","Rukomet","1964","Štitnici za rukomet","Sport -> Ekipni sportovi -> Rukomet -> Štitnici za rukomet"
"Sport","Ekipni sportovi","Rukomet","1965","Rukometni golovi i oprema","Sport -> Ekipni sportovi -> Rukomet -> Rukometni golovi i oprema"
"Sport","Ekipni sportovi","Rukomet","1966","Ostala rukometna oprema","Sport -> Ekipni sportovi -> Rukomet -> Ostala rukometna oprema"
"Sport","Ekipni sportovi","Odbojka","1967","Lopte za odbojku","Sport -> Ekipni sportovi -> Odbojka -> Lopte za odbojku"
"Sport","Ekipni sportovi","Odbojka","1968","Stalci i mreže za odbojku","Sport -> Ekipni sportovi -> Odbojka -> Stalci i mreže za odbojku"
"Sport","Ekipni sportovi","Odbojka","1969","Ostala oprema za odbojku","Sport -> Ekipni sportovi -> Odbojka -> Ostala oprema za odbojku"
"Sport","Ekipni sportovi","Airsoft i paintball","1970","Airsoft oružje","Sport -> Ekipni sportovi -> Airsoft i paintball -> Airsoft oružje"
"Sport","Ekipni sportovi","Airsoft i paintball","1971","Airsoft oprema","Sport -> Ekipni sportovi -> Airsoft i paintball -> Airsoft oprema"
"Sport","Ekipni sportovi","Airsoft i paintball","1972","Paintball oprema","Sport -> Ekipni sportovi -> Airsoft i paintball -> Paintball oprema"
"Sport","Ekipni sportovi","Airsoft i paintball","1973","Zaštitna oprema za airsoft / paintball","Sport -> Ekipni sportovi -> Airsoft i paintball -> Zaštitna oprema za airsoft / paintball"
"Sport","Ekipni sportovi","Airsoft i paintball","1974","Taktička oprema","Sport -> Ekipni sportovi -> Airsoft i paintball -> Taktička oprema"
"Sport","Ekipni sportovi","Hokej","1975","Klizaljke za hokej","Sport -> Ekipni sportovi -> Hokej -> Klizaljke za hokej"
"Sport","Ekipni sportovi","Hokej","1976","Hokej golovi i oprema","Sport -> Ekipni sportovi -> Hokej -> Hokej golovi i oprema"
"Sport","Ekipni sportovi","Hokej","1977","Hokejaške palice","Sport -> Ekipni sportovi -> Hokej -> Hokejaške palice"
"Sport","Ekipni sportovi","Hokej","1978","Zaštitna oprema za hokej","Sport -> Ekipni sportovi -> Hokej -> Zaštitna oprema za hokej"
"Sport","Ekipni sportovi","Hokej","1979","Ostala oprema za hokej","Sport -> Ekipni sportovi -> Hokej -> Ostala oprema za hokej"
"Sport","Ekipni sportovi","Ostali ekipni sportovi","1980","Američki fudbal / ragbi","Sport -> Ekipni sportovi -> Ostali ekipni sportovi -> Američki fudbal / ragbi"
"Sport","Ekipni sportovi","Ostali ekipni sportovi","1981","Bejzbol / softbol","Sport -> Ekipni sportovi -> Ostali ekipni sportovi -> Bejzbol / softbol"
"Sport","Sportska oprema i prehrana","Sportska prehrana","283","Belančevine / proteini","Sport -> Sportska oprema i prehrana -> Sportska prehrana -> Belančevine / proteini"
"Sport","Sportska oprema i prehrana","Sportska prehrana","284","Glutamin","Sport -> Sportska oprema i prehrana -> Sportska prehrana -> Glutamin"
"Sport","Sportska oprema i prehrana","Sportska prehrana","285","Aminokiseline","Sport -> Sportska oprema i prehrana -> Sportska prehrana -> Aminokiseline"
"Sport","Sportska oprema i prehrana","Sportska prehrana","286","Kreatin","Sport -> Sportska oprema i prehrana -> Sportska prehrana -> Kreatin"
"Sport","Sportska oprema i prehrana","Sportska prehrana","288","Masne kiseline","Sport -> Sportska oprema i prehrana -> Sportska prehrana -> Masne kiseline"
"Sport","Sportska oprema i prehrana","Sportska prehrana","289","Zamena za obrok","Sport -> Sportska oprema i prehrana -> Sportska prehrana -> Zamena za obrok"
"Sport","Sportska oprema i prehrana","Sportska prehrana","290","Vitamini i minerali","Sport -> Sportska oprema i prehrana -> Sportska prehrana -> Vitamini i minerali"
"Sport","Sportska oprema i prehrana","Sportska prehrana","292","Geineri","Sport -> Sportska oprema i prehrana -> Sportska prehrana -> Geineri"
"Sport","Sportska oprema i prehrana","Sportska prehrana","293","Gubitak telesne masnoće","Sport -> Sportska oprema i prehrana -> Sportska prehrana -> Gubitak telesne masnoće"
"Sport","Sportska oprema i prehrana","Sportska prehrana","307","Energija / izdržljivost","Sport -> Sportska oprema i prehrana -> Sportska prehrana -> Energija / izdržljivost"
"Sport","Sportska oprema i prehrana","Sportska prehrana","2052","Šejkeri i dodaci","Sport -> Sportska oprema i prehrana -> Sportska prehrana -> Šejkeri i dodaci"
"Sport","Sportska oprema i prehrana","Satovi, merači i GPS","303","Pametni satovi i merači","Sport -> Sportska oprema i prehrana -> Satovi, merači i GPS -> Pametni satovi i merači"
"Sport","Sportska oprema i prehrana","Satovi, merači i GPS","314","Dodaci za pametne satove i merače","Sport -> Sportska oprema i prehrana -> Satovi, merači i GPS -> Dodaci za pametne satove i merače"
"Sport","Sportska oprema i prehrana","Satovi, merači i GPS","320","GPS (ručni)","Sport -> Sportska oprema i prehrana -> Satovi, merači i GPS -> GPS (ručni)"
"Sport","Sportska oprema i prehrana","Sportski dodaci","308","Sportske torbe i rančevi","Sport -> Sportska oprema i prehrana -> Sportski dodaci -> Sportske torbe i rančevi"
"Sport","Sportska oprema i prehrana","Sportski dodaci","494","Sportske naočare","Sport -> Sportska oprema i prehrana -> Sportski dodaci -> Sportske naočare"
"Sport","Sportska oprema i prehrana","Sportski dodaci","2030","Medalje i pehari","Sport -> Sportska oprema i prehrana -> Sportski dodaci -> Medalje i pehari"
"Sport","Sportska oprema i prehrana","Navijački kutak","2031","Navijačka odeća","Sport -> Sportska oprema i prehrana -> Navijački kutak -> Navijačka odeća"
"Sport","Sportska oprema i prehrana","Navijački kutak","2032","Navijački rekviziti","Sport -> Sportska oprema i prehrana -> Navijački kutak -> Navijački rekviziti"
"Sport","Sportska oprema i prehrana","Navijački kutak","2033","Navijački pribor","Sport -> Sportska oprema i prehrana -> Navijački kutak -> Navijački pribor"
"Sport","Vodeni sportovi","Ronjenje","514","Oprema za ronjenje","Sport -> Vodeni sportovi -> Ronjenje -> Oprema za ronjenje"
"Sport","Vodeni sportovi","Ronjenje","1982","Oprema za ronioce","Sport -> Vodeni sportovi -> Ronjenje -> Oprema za ronioce"
"Sport","Vodeni sportovi","Ronjenje","1983","Podvodni ribolov","Sport -> Vodeni sportovi -> Ronjenje -> Podvodni ribolov"
"Sport","Vodeni sportovi","Plivanje","1984","Naočare za plivanje","Sport -> Vodeni sportovi -> Plivanje -> Naočare za plivanje"
"Sport","Vodeni sportovi","Plivanje","1985","Kape za plivanje","Sport -> Vodeni sportovi -> Plivanje -> Kape za plivanje"
"Sport","Vodeni sportovi","Plivanje","1986","Oprema za plivanje","Sport -> Vodeni sportovi -> Plivanje -> Oprema za plivanje"
"Sport","Vodeni sportovi","Plivanje","2053","Trening u vodi","Sport -> Vodeni sportovi -> Plivanje -> Trening u vodi"
"Sport","Vodeni sportovi","Sportovi na vodi","1987","Čamci","Sport -> Vodeni sportovi -> Sportovi na vodi -> Čamci"
"Sport","Vodeni sportovi","Sportovi na vodi","1988","Kajaci i kanui","Sport -> Vodeni sportovi -> Sportovi na vodi -> Kajaci i kanui"
"Sport","Vodeni sportovi","Sportovi na vodi","1989","Kite, wakeboard, surf","Sport -> Vodeni sportovi -> Sportovi na vodi -> Kite, wakeboard, surf"
"Sport","Vodeni sportovi","Sportovi na vodi","1990","SUP","Sport -> Vodeni sportovi -> Sportovi na vodi -> SUP"
"Sport","Vodeni sportovi","Sportovi na vodi","1991","Nautička oprema","Sport -> Vodeni sportovi -> Sportovi na vodi -> Nautička oprema"
"Sve za decu","Dečija vozila i auto-sedišta","Dečija auto-sedišta","2061","Auto-sedišta","Sve za decu -> Dečija vozila i auto-sedišta -> Dečija auto-sedišta -> Auto-sedišta"
"Sve za decu","Dečija vozila i auto-sedišta","Dečija auto-sedišta","2062","Isofix postolja / baze","Sve za decu -> Dečija vozila i auto-sedišta -> Dečija auto-sedišta -> Isofix postolja / baze"
"Sve za decu","Dečija vozila i auto-sedišta","Dečija auto-sedišta","2063","Dodaci za u autu","Sve za decu -> Dečija vozila i auto-sedišta -> Dečija auto-sedišta -> Dodaci za u autu"
"Sve za decu","Dečija vozila i auto-sedišta","Dečija auto-sedišta","2064","Dodatna oprema za auto-sedišta","Sve za decu -> Dečija vozila i auto-sedišta -> Dečija auto-sedišta -> Dodatna oprema za auto-sedišta"
"Sve za decu","Dečija vozila i auto-sedišta","Dečija kolica","2065","Dečija kolica","Sve za decu -> Dečija vozila i auto-sedišta -> Dečija kolica -> Dečija kolica"
"Sve za decu","Dečija vozila i auto-sedišta","Dečija kolica","2066","Modularni sistemi","Sve za decu -> Dečija vozila i auto-sedišta -> Dečija kolica -> Modularni sistemi"
"Sve za decu","Dečija vozila i auto-sedišta","Dečija kolica","2067","Sportska kolica","Sve za decu -> Dečija vozila i auto-sedišta -> Dečija kolica -> Sportska kolica"
"Sve za decu","Dečija vozila i auto-sedišta","Dečija kolica","2068","Kolica za dvojke / trojke","Sve za decu -> Dečija vozila i auto-sedišta -> Dečija kolica -> Kolica za dvojke / trojke"
"Sve za decu","Dečija vozila i auto-sedišta","Dečija kolica","2069","Zimske vreće i navlake","Sve za decu -> Dečija vozila i auto-sedišta -> Dečija kolica -> Zimske vreće i navlake"
"Sve za decu","Dečija vozila i auto-sedišta","Dečija kolica","2070","Dodatna oprema za kolica","Sve za decu -> Dečija vozila i auto-sedišta -> Dečija kolica -> Dodatna oprema za kolica"
"Sve za decu","Dečija oprema","Dečija oprema","2071","Bebi monitori","Sve za decu -> Dečija oprema -> Dečija oprema -> Bebi monitori"
"Sve za decu","Dečija oprema","Dečija oprema","2072","Dečiji kreveci","Sve za decu -> Dečija oprema -> Dečija oprema -> Dečiji kreveci"
"Sve za decu","Dečija oprema","Dečija oprema","2073","Dečija zaštita","Sve za decu -> Dečija oprema -> Dečija oprema -> Dečija zaštita"
"Sve za decu","Dečija oprema","Dečija oprema","2074","Ležaljke / ljuljaške","Sve za decu -> Dečija oprema -> Dečija oprema -> Ležaljke / ljuljaške"
"Sve za decu","Dečija oprema","Dečija oprema","2075","Rančevi / kenguri","Sve za decu -> Dečija oprema -> Dečija oprema -> Rančevi / kenguri"
"Sve za decu","Dečija oprema","Dečija oprema","2076","Dubci i hodalice","Sve za decu -> Dečija oprema -> Dečija oprema -> Dubci i hodalice"
"Sve za decu","Dečija oprema","Dečija oprema","2077","Odeća za bebe","Sve za decu -> Dečija oprema -> Dečija oprema -> Odeća za bebe"
"Sve za decu","Dečija oprema","Dečija oprema","2078","Obuća za bebe","Sve za decu -> Dečija oprema -> Dečija oprema -> Obuća za bebe"
"Sve za decu","Dečija oprema","Dečija oprema","2079","Noćna svetla","Sve za decu -> Dečija oprema -> Dečija oprema -> Noćna svetla"
"Sve za decu","Dečija oprema","Dojenje","2080","Pumpice za izmlazanje","Sve za decu -> Dečija oprema -> Dojenje -> Pumpice za izmlazanje"
"Sve za decu","Dečija oprema","Dojenje","2081","Štitnici i jastučići za bradavice","Sve za decu -> Dečija oprema -> Dojenje -> Štitnici i jastučići za bradavice"
"Sve za decu","Dečija oprema","Dojenje","2082","Jastuci za dojenje","Sve za decu -> Dečija oprema -> Dojenje -> Jastuci za dojenje"
"Sve za decu","Dečija oprema","Ishrana","2083","Hranilice","Sve za decu -> Dečija oprema -> Ishrana -> Hranilice"
"Sve za decu","Dečija oprema","Ishrana","2084","Hrana za decu","Sve za decu -> Dečija oprema -> Ishrana -> Hrana za decu"
"Sve za decu","Dečija oprema","Ishrana","2085","Dečiji pribor za jelo","Sve za decu -> Dečija oprema -> Ishrana -> Dečiji pribor za jelo"
"Sve za decu","Dečija oprema","Ishrana","2086","Dečije flašice","Sve za decu -> Dečija oprema -> Ishrana -> Dečije flašice"
"Sve za decu","Dečija oprema","Ishrana","2087","Portikle","Sve za decu -> Dečija oprema -> Ishrana -> Portikle"
"Sve za decu","Dečija oprema","Ishrana","2088","Cucle","Sve za decu -> Dečija oprema -> Ishrana -> Cucle"
"Sve za decu","Dečija oprema","Ishrana","2089","Sterilizatori","Sve za decu -> Dečija oprema -> Ishrana -> Sterilizatori"
"Sve za decu","Dečija oprema","Ishrana","2090","Grejači flašica","Sve za decu -> Dečija oprema -> Ishrana -> Grejači flašica"
"Sve za decu","Dečija oprema","Nega dece","2091","Stolovi za previjanje","Sve za decu -> Dečija oprema -> Nega dece -> Stolovi za previjanje"
"Sve za decu","Dečija oprema","Nega dece","2092","Previjanje","Sve za decu -> Dečija oprema -> Nega dece -> Previjanje"
"Sve za decu","Dečija oprema","Nega dece","2093","Torbe za previjanje","Sve za decu -> Dečija oprema -> Nega dece -> Torbe za previjanje"
"Sve za decu","Dečija oprema","Nega dece","2094","Pelene","Sve za decu -> Dečija oprema -> Nega dece -> Pelene"
"Sve za decu","Dečija oprema","Nega dece","2095","Dečije kadice","Sve za decu -> Dečija oprema -> Nega dece -> Dečije kadice"
"Sve za decu","Dečija oprema","Nega dece","2096","Noše","Sve za decu -> Dečija oprema -> Nega dece -> Noše"
"Sve za decu","Dečija oprema","Nega dece","2097","Nega i higijena deteta","Sve za decu -> Dečija oprema -> Nega dece -> Nega i higijena deteta"
"Sve za decu","Dečija oprema","Dečija kozmetika","2098","Dečiji šamponi","Sve za decu -> Dečija oprema -> Dečija kozmetika -> Dečiji šamponi"
"Sve za decu","Dečija oprema","Dečija kozmetika","2099","Dečije kreme","Sve za decu -> Dečija oprema -> Dečija kozmetika -> Dečije kreme"
"Sve za decu","Dečija oprema","Dečija kozmetika","2100","Dečiji sapuni","Sve za decu -> Dečija oprema -> Dečija kozmetika -> Dečiji sapuni"
"Sve za decu","Dečija oprema","Dečija kozmetika","2101","Ostala dečija kozmetika","Sve za decu -> Dečija oprema -> Dečija kozmetika -> Ostala dečija kozmetika"
"Sve za decu","Igračke","Igračke","2102","Lutke i bebe","Sve za decu -> Igračke -> Igračke -> Lutke i bebe"
"Sve za decu","Igračke","Igračke","2103","Dodaci za lutke / bebe","Sve za decu -> Igračke -> Igračke -> Dodaci za lutke / bebe"
"Sve za decu","Igračke","Igračke","2104","Kućice i kuhinje","Sve za decu -> Igračke -> Igračke -> Kućice i kuhinje"
"Sve za decu","Igračke","Igračke","2105","Igranje uloga","Sve za decu -> Igračke -> Igračke -> Igranje uloga"
"Sve za decu","Igračke","Igračke","2106","Igračke na daljinsko upravljanje","Sve za decu -> Igračke -> Igračke -> Igračke na daljinsko upravljanje"
"Sve za decu","Igračke","Igračke","2107","Automobilčići / vozila","Sve za decu -> Igračke -> Igračke -> Automobilčići / vozila"
"Sve za decu","Igračke","Igračke","2108","Automobilske staze i garaže","Sve za decu -> Igračke -> Igračke -> Automobilske staze i garaže"
"Sve za decu","Igračke","Igračke","2109","Plovila i letelice","Sve za decu -> Igračke -> Igračke -> Plovila i letelice"
"Sve za decu","Igračke","Igračke","2110","Vozovi i železnice","Sve za decu -> Igračke -> Igračke -> Vozovi i železnice"
"Sve za decu","Igračke","Igračke","2111","Pištolji, mačevi i lukovi","Sve za decu -> Igračke -> Igračke -> Pištolji, mačevi i lukovi"
"Sve za decu","Igračke","Igračke","2151","Figure / figurice","Sve za decu -> Igračke -> Igračke -> Figure / figurice"
"Sve za decu","Igračke","Igračke za najmlađe","2112","Mekana ćebenca / tešilice","Sve za decu -> Igračke -> Igračke za najmlađe -> Mekana ćebenca / tešilice"
"Sve za decu","Igračke","Igračke za najmlađe","2113","Podloge i jastuci za igranje","Sve za decu -> Igračke -> Igračke za najmlađe -> Podloge i jastuci za igranje"
"Sve za decu","Igračke","Igračke za najmlađe","2114","Zvečke i glodalice","Sve za decu -> Igračke -> Igračke za najmlađe -> Zvečke i glodalice"
"Sve za decu","Igračke","Igračke za najmlađe","2115","Prve igračke","Sve za decu -> Igračke -> Igračke za najmlađe -> Prve igračke"
"Sve za decu","Igračke","Igračke za najmlađe","2116","Igračke na ljuljanje","Sve za decu -> Igračke -> Igračke za najmlađe -> Igračke na ljuljanje"
"Sve za decu","Igračke","Igračke za najmlađe","2117","Zvučne igračke","Sve za decu -> Igračke -> Igračke za najmlađe -> Zvučne igračke"
"Sve za decu","Igračke","Igračke za najmlađe","2118","Plišane igračke","Sve za decu -> Igračke -> Igračke za najmlađe -> Plišane igračke"
"Sve za decu","Igračke","Edukativne i kreativne igračke","2119","Dečiji muzički instrumenti","Sve za decu -> Igračke -> Edukativne i kreativne igračke -> Dečiji muzički instrumenti"
"Sve za decu","Igračke","Edukativne i kreativne igračke","2120","Kreativni setovi","Sve za decu -> Igračke -> Edukativne i kreativne igračke -> Kreativni setovi"
"Sve za decu","Igračke","Edukativne i kreativne igračke","2121","Plastelin i mase za oblikovanje","Sve za decu -> Igračke -> Edukativne i kreativne igračke -> Plastelin i mase za oblikovanje"
"Sve za decu","Igračke","Edukativne i kreativne igračke","2122","Slagalice / puzzle","Sve za decu -> Igračke -> Edukativne i kreativne igračke -> Slagalice / puzzle"
"Sve za decu","Igračke","Edukativne i kreativne igračke","2123","Društvene igre","Sve za decu -> Igračke -> Edukativne i kreativne igračke -> Društvene igre"
"Sve za decu","Igračke","Edukativne i kreativne igračke","2124","Elektronske / tehničke igračke","Sve za decu -> Igračke -> Edukativne i kreativne igračke -> Elektronske / tehničke igračke"
"Sve za decu","Igračke","Edukativne i kreativne igračke","2125","Istraživačke igračke","Sve za decu -> Igračke -> Edukativne i kreativne igračke -> Istraživačke igračke"
"Sve za decu","Igračke","Edukativne i kreativne igračke","2126","Didaktičke igračke","Sve za decu -> Igračke -> Edukativne i kreativne igračke -> Didaktičke igračke"
"Sve za decu","Igračke","Knjige, bojanke, slikovnice i crtanke","2127","Dečije knjige","Sve za decu -> Igračke -> Knjige, bojanke, slikovnice i crtanke -> Dečije knjige"
"Sve za decu","Igračke","Knjige, bojanke, slikovnice i crtanke","2128","Bojanke","Sve za decu -> Igračke -> Knjige, bojanke, slikovnice i crtanke -> Bojanke"
"Sve za decu","Igračke","Knjige, bojanke, slikovnice i crtanke","2129","Slikovnice i bajke","Sve za decu -> Igračke -> Knjige, bojanke, slikovnice i crtanke -> Slikovnice i bajke"
"Sve za decu","Igračke","Knjige, bojanke, slikovnice i crtanke","2130","Dečije radne sveske","Sve za decu -> Igračke -> Knjige, bojanke, slikovnice i crtanke -> Dečije radne sveske"
"Sve za decu","Igračke","Knjige, bojanke, slikovnice i crtanke","2131","Crtanke","Sve za decu -> Igračke -> Knjige, bojanke, slikovnice i crtanke -> Crtanke"
"Sve za decu","Igračke","Kocke i kompleti za igranje","2132","Lego kocke","Sve za decu -> Igračke -> Kocke i kompleti za igranje -> Lego kocke"
"Sve za decu","Igračke","Kocke i kompleti za igranje","2134","Ostale kocke","Sve za decu -> Igračke -> Kocke i kompleti za igranje -> Ostale kocke"
"Sve za decu","Igračke","Kocke i kompleti za igranje","2135","Kompleti za igranje","Sve za decu -> Igračke -> Kocke i kompleti za igranje -> Kompleti za igranje"
"Sve za decu","Igračke","Kocke i kompleti za igranje","2136","Makete","Sve za decu -> Igračke -> Kocke i kompleti za igranje -> Makete"
"Sve za decu","Igračke","Drvene igračke","2133","Drvene kocke","Sve za decu -> Igračke -> Drvene igračke -> Drvene kocke"
"Sve za decu","Dečija igrališta i vozila","Spoljna igrališta","2137","Ljuljaške","Sve za decu -> Dečija igrališta i vozila -> Spoljna igrališta -> Ljuljaške"
"Sve za decu","Dečija igrališta i vozila","Spoljna igrališta","2138","Kuće i šatori","Sve za decu -> Dečija igrališta i vozila -> Spoljna igrališta -> Kuće i šatori"
"Sve za decu","Dečija igrališta i vozila","Spoljna igrališta","2139","Tobogani","Sve za decu -> Dečija igrališta i vozila -> Spoljna igrališta -> Tobogani"
"Sve za decu","Dečija igrališta i vozila","Spoljna igrališta","2140","Tramboline","Sve za decu -> Dečija igrališta i vozila -> Spoljna igrališta -> Tramboline"
"Sve za decu","Dečija igrališta i vozila","Spoljna igrališta","2141","Igrališta na naduvavanje","Sve za decu -> Dečija igrališta i vozila -> Spoljna igrališta -> Igrališta na naduvavanje"
"Sve za decu","Dečija igrališta i vozila","Spoljna igrališta","2142","Kutije s peskom","Sve za decu -> Dečija igrališta i vozila -> Spoljna igrališta -> Kutije s peskom"
"Sve za decu","Dečija igrališta i vozila","Spoljna igrališta","2143","Stolovi i stolice","Sve za decu -> Dečija igrališta i vozila -> Spoljna igrališta -> Stolovi i stolice"
"Sve za decu","Dečija igrališta i vozila","Igre na otvorenom","2144","Lopte za skakanje i skakači","Sve za decu -> Dečija igrališta i vozila -> Igre na otvorenom -> Lopte za skakanje i skakači"
"Sve za decu","Dečija igrališta i vozila","Igre na otvorenom","2145","Sportske igračke / igrališta","Sve za decu -> Dečija igrališta i vozila -> Igre na otvorenom -> Sportske igračke / igrališta"
"Sve za decu","Dečija igrališta i vozila","Igre na otvorenom","2146","Igračke za baštu / kutiju s peskom","Sve za decu -> Dečija igrališta i vozila -> Igre na otvorenom -> Igračke za baštu / kutiju s peskom"
"Sve za decu","Dečija igrališta i vozila","Dečija vozila","2147","Dečije guralice","Sve za decu -> Dečija igrališta i vozila -> Dečija vozila -> Dečije guralice"
"Sve za decu","Dečija igrališta i vozila","Dečija vozila","2148","Dečija akumulatorska vozila","Sve za decu -> Dečija igrališta i vozila -> Dečija vozila -> Dečija akumulatorska vozila"
"Sve za decu","Dečija igrališta i vozila","Dečija vozila","2149","Dečija pogonska vozila","Sve za decu -> Dečija igrališta i vozila -> Dečija vozila -> Dečija pogonska vozila"
"Sve za decu","Dečija igrališta i vozila","Dečija vozila","2150","Dečiji tricikli","Sve za decu -> Dečija igrališta i vozila -> Dečija vozila -> Dečiji tricikli"
"Kuća i bašta","Bela tehnika","Kuvanje","71","Aspiratori","Kuća i bašta -> Bela tehnika -> Kuvanje -> Aspiratori"
"Kuća i bašta","Bela tehnika","Kuvanje","72","Mikrotalasne rerne","Kuća i bašta -> Bela tehnika -> Kuvanje -> Mikrotalasne rerne"
"Kuća i bašta","Bela tehnika","Kuvanje","73","Ugradne rerne","Kuća i bašta -> Bela tehnika -> Kuvanje -> Ugradne rerne"
"Kuća i bašta","Bela tehnika","Kuvanje","74","Ploče za kuvanje","Kuća i bašta -> Bela tehnika -> Kuvanje -> Ploče za kuvanje"
"Kuća i bašta","Bela tehnika","Kuvanje","75","Kompleti za kuvanje","Kuća i bašta -> Bela tehnika -> Kuvanje -> Kompleti za kuvanje"
"Kuća i bašta","Bela tehnika","Kuvanje","2587","Mini rerne","Kuća i bašta -> Bela tehnika -> Kuvanje -> Mini rerne"
"Kuća i bašta","Bela tehnika","Kuvanje","2588","Šporeti","Kuća i bašta -> Bela tehnika -> Kuvanje -> Šporeti"
"Kuća i bašta","Bela tehnika","Frižideri","83","Frižideri","Kuća i bašta -> Bela tehnika -> Frižideri -> Frižideri"
"Kuća i bašta","Bela tehnika","Frižideri","85","Frižideri sa zamrzivačem","Kuća i bašta -> Bela tehnika -> Frižideri -> Frižideri sa zamrzivačem"
"Kuća i bašta","Bela tehnika","Frižideri","1666","Frižideri za vino","Kuća i bašta -> Bela tehnika -> Frižideri -> Frižideri za vino"
"Kuća i bašta","Bela tehnika","Frižideri","2585","Dodaci za belu tehniku","Kuća i bašta -> Bela tehnika -> Frižideri -> Dodaci za belu tehniku"
"Kuća i bašta","Bela tehnika","Pranje i sušenje","87","Mašine za veš","Kuća i bašta -> Bela tehnika -> Pranje i sušenje -> Mašine za veš"
"Kuća i bašta","Bela tehnika","Pranje i sušenje","109","Mašine za sušenje veša","Kuća i bašta -> Bela tehnika -> Pranje i sušenje -> Mašine za sušenje veša"
"Kuća i bašta","Bela tehnika","Pranje i sušenje","2586","Mašine za pranje i sušenje veša","Kuća i bašta -> Bela tehnika -> Pranje i sušenje -> Mašine za pranje i sušenje veša"
"Kuća i bašta","Bela tehnika","Zamrzivači","2171","Vertikalni zamrzivači","Kuća i bašta -> Bela tehnika -> Zamrzivači -> Vertikalni zamrzivači"
"Kuća i bašta","Bela tehnika","Zamrzivači","2172","Horizontalni zamrzivači","Kuća i bašta -> Bela tehnika -> Zamrzivači -> Horizontalni zamrzivači"
"Kuća i bašta","Bela tehnika","Sudo mašine","2173","Samostojeće sudomašine","Kuća i bašta -> Bela tehnika -> Sudo mašine -> Samostojeće sudomašine"
"Kuća i bašta","Bela tehnika","Sudo mašine","2174","Ugradne sudomašine","Kuća i bašta -> Bela tehnika -> Sudo mašine -> Ugradne sudomašine"
"Kuća i bašta","Mali kućni aparati","Priprema hrane","70","Tosteri","Kuća i bašta -> Mali kućni aparati -> Priprema hrane -> Tosteri"
"Kuća i bašta","Mali kućni aparati","Priprema hrane","76","Friteze / pekači","Kuća i bašta -> Mali kućni aparati -> Priprema hrane -> Friteze / pekači"
"Kuća i bašta","Mali kućni aparati","Priprema hrane","82","Kuhinjske vage","Kuća i bašta -> Mali kućni aparati -> Priprema hrane -> Kuhinjske vage"
"Kuća i bašta","Mali kućni aparati","Priprema hrane","142","Mini pekare","Kuća i bašta -> Mali kućni aparati -> Priprema hrane -> Mini pekare"
"Kuća i bašta","Mali kućni aparati","Priprema hrane","2175","Aparati za pravljenje jogurta","Kuća i bašta -> Mali kućni aparati -> Priprema hrane -> Aparati za pravljenje jogurta"
"Kuća i bašta","Mali kućni aparati","Priprema hrane","2176","Aparati za led","Kuća i bašta -> Mali kućni aparati -> Priprema hrane -> Aparati za led"
"Kuća i bašta","Mali kućni aparati","Priprema hrane","2177","Aparati za sladoled","Kuća i bašta -> Mali kućni aparati -> Priprema hrane -> Aparati za sladoled"
"Kuća i bašta","Mali kućni aparati","Priprema hrane","2178","Aparati za vakumiranje i pribor","Kuća i bašta -> Mali kućni aparati -> Priprema hrane -> Aparati za vakumiranje i pribor"
"Kuća i bašta","Mali kućni aparati","Priprema hrane","2179","Električni tiganji","Kuća i bašta -> Mali kućni aparati -> Priprema hrane -> Električni tiganji"
"Kuća i bašta","Mali kućni aparati","Priprema hrane","2180","Električna kuvala","Kuća i bašta -> Mali kućni aparati -> Priprema hrane -> Električna kuvala"
"Kuća i bašta","Mali kućni aparati","Priprema hrane","2181","Aparati za kuvanje jaja","Kuća i bašta -> Mali kućni aparati -> Priprema hrane -> Aparati za kuvanje jaja"
"Kuća i bašta","Mali kućni aparati","Priprema hrane","2182","Aparati za kuvanje na pari","Kuća i bašta -> Mali kućni aparati -> Priprema hrane -> Aparati za kuvanje na pari"
"Kuća i bašta","Mali kućni aparati","Priprema hrane","2183","Aparati za sušenje voća / dehidratori","Kuća i bašta -> Mali kućni aparati -> Priprema hrane -> Aparati za sušenje voća / dehidratori"
"Kuća i bašta","Mali kućni aparati","Priprema hrane","2184","Kontaktni roštilji / kuhinjski roštilji","Kuća i bašta -> Mali kućni aparati -> Priprema hrane -> Kontaktni roštilji / kuhinjski roštilji"
"Kuća i bašta","Mali kućni aparati","Priprema hrane","2185","Ostali aparati za pripremu hrane","Kuća i bašta -> Mali kućni aparati -> Priprema hrane -> Ostali aparati za pripremu hrane"
"Kuća i bašta","Mali kućni aparati","Roštilji","2186","Električni / stoni roštilji","Kuća i bašta -> Mali kućni aparati -> Roštilji -> Električni / stoni roštilji"
"Kuća i bašta","Mali kućni aparati","Roštilji","2187","Plinski roštilji","Kuća i bašta -> Mali kućni aparati -> Roštilji -> Plinski roštilji"
"Kuća i bašta","Mali kućni aparati","Roštilji","2188","Baštenski roštilj (kamin)","Kuća i bašta -> Mali kućni aparati -> Roštilji -> Baštenski roštilj (kamin)"
"Kuća i bašta","Mali kućni aparati","Roštilji","2189","Roštilji na ugalj","Kuća i bašta -> Mali kućni aparati -> Roštilji -> Roštilji na ugalj"
"Kuća i bašta","Mali kućni aparati","Roštilji","2190","Oprema za roštilj","Kuća i bašta -> Mali kućni aparati -> Roštilji -> Oprema za roštilj"
"Kuća i bašta","Mali kućni aparati","Priprema napitaka","79","Sokovnici","Kuća i bašta -> Mali kućni aparati -> Priprema napitaka -> Sokovnici"
"Kuća i bašta","Mali kućni aparati","Priprema napitaka","80","Grejači vode","Kuća i bašta -> Mali kućni aparati -> Priprema napitaka -> Grejači vode"
"Kuća i bašta","Mali kućni aparati","Priprema napitaka","143","Aparati za kafu","Kuća i bašta -> Mali kućni aparati -> Priprema napitaka -> Aparati za kafu"
"Kuća i bašta","Mali kućni aparati","Priprema napitaka","2191","Ekstraktori","Kuća i bašta -> Mali kućni aparati -> Priprema napitaka -> Ekstraktori"
"Kuća i bašta","Mali kućni aparati","Priprema napitaka","2192","Aparati za penu od mleka","Kuća i bašta -> Mali kućni aparati -> Priprema napitaka -> Aparati za penu od mleka"
"Kuća i bašta","Mali kućni aparati","Priprema napitaka","2193","Posude za napitke","Kuća i bašta -> Mali kućni aparati -> Priprema napitaka -> Posude za napitke"
"Kuća i bašta","Mali kućni aparati","Rezači i sekači","2194","Mesoreznice","Kuća i bašta -> Mali kućni aparati -> Rezači i sekači -> Mesoreznice"
"Kuća i bašta","Mali kućni aparati","Rezači i sekači","2195","Salamoreznice","Kuća i bašta -> Mali kućni aparati -> Rezači i sekači -> Salamoreznice"
"Kuća i bašta","Mali kućni aparati","Rezači i sekači","2196","Seckalice","Kuća i bašta -> Mali kućni aparati -> Rezači i sekači -> Seckalice"
"Kuća i bašta","Mali kućni aparati","Peglanje i šivenje","86","Pegle","Kuća i bašta -> Mali kućni aparati -> Peglanje i šivenje -> Pegle"
"Kuća i bašta","Mali kućni aparati","Peglanje i šivenje","2201","Daske za peglanje","Kuća i bašta -> Mali kućni aparati -> Peglanje i šivenje -> Daske za peglanje"
"Kuća i bašta","Mali kućni aparati","Peglanje i šivenje","2202","Parne stanice","Kuća i bašta -> Mali kućni aparati -> Peglanje i šivenje -> Parne stanice"
"Kuća i bašta","Mali kućni aparati","Peglanje i šivenje","2203","Mašine za šivenje","Kuća i bašta -> Mali kućni aparati -> Peglanje i šivenje -> Mašine za šivenje"
"Kuća i bašta","Mali kućni aparati","Peglanje i šivenje","2204","Pribor za šivenje","Kuća i bašta -> Mali kućni aparati -> Peglanje i šivenje -> Pribor za šivenje"
"Kuća i bašta","Mali kućni aparati","Usisivači","2205","Robotski usisivači","Kuća i bašta -> Mali kućni aparati -> Usisivači -> Robotski usisivači"
"Kuća i bašta","Mali kućni aparati","Usisivači","2206","Ručni usisivači","Kuća i bašta -> Mali kućni aparati -> Usisivači -> Ručni usisivači"
"Kuća i bašta","Mali kućni aparati","Usisivači","2207","Ležeći usisivači","Kuća i bašta -> Mali kućni aparati -> Usisivači -> Ležeći usisivači"
"Kuća i bašta","Mali kućni aparati","Usisivači","2208","Kese za usisivače","Kuća i bašta -> Mali kućni aparati -> Usisivači -> Kese za usisivače"
"Kuća i bašta","Mali kućni aparati","Usisivači","2209","Dodaci za usisivače","Kuća i bašta -> Mali kućni aparati -> Usisivači -> Dodaci za usisivače"
"Kuća i bašta","Mali kućni aparati","Mikseri","2197","Blenderi / smoothie makeri","Kuća i bašta -> Mali kućni aparati -> Mikseri -> Blenderi / smoothie makeri"
"Kuća i bašta","Mali kućni aparati","Mikseri","2198","Štapni mikseri","Kuća i bašta -> Mali kućni aparati -> Mikseri -> Štapni mikseri"
"Kuća i bašta","Mali kućni aparati","Mikseri","2199","Ručni mikseri","Kuća i bašta -> Mali kućni aparati -> Mikseri -> Ručni mikseri"
"Kuća i bašta","Mali kućni aparati","Mikseri","2200","Dodaci za kuhinjske aparate","Kuća i bašta -> Mali kućni aparati -> Mikseri -> Dodaci za kuhinjske aparate"
"Kuća i bašta","Mali kućni aparati","Mikseri","2626","Kuhinjski roboti i multipraktiki","Kuća i bašta -> Mali kućni aparati -> Mikseri -> Kuhinjski roboti i multipraktiki"
"Kuća i bašta","U kuhinji","Kuhinjski pribor","2593","Cediljke","Kuća i bašta -> U kuhinji -> Kuhinjski pribor -> Cediljke"
"Kuća i bašta","U kuhinji","Kuhinjski pribor","2594","Daske za sečenje","Kuća i bašta -> U kuhinji -> Kuhinjski pribor -> Daske za sečenje"
"Kuća i bašta","U kuhinji","Kuhinjski pribor","2595","Varjače","Kuća i bašta -> U kuhinji -> Kuhinjski pribor -> Varjače"
"Kuća i bašta","U kuhinji","Kuhinjski pribor","2596","Kuhinjske špatule / hvataljke","Kuća i bašta -> U kuhinji -> Kuhinjski pribor -> Kuhinjske špatule / hvataljke"
"Kuća i bašta","U kuhinji","Kuhinjski pribor","2597","Kuhinjske lopatice","Kuća i bašta -> U kuhinji -> Kuhinjski pribor -> Kuhinjske lopatice"
"Kuća i bašta","U kuhinji","Kuhinjski pribor","2598","Kuhinjske metlice","Kuća i bašta -> U kuhinji -> Kuhinjski pribor -> Kuhinjske metlice"
"Kuća i bašta","U kuhinji","Kuhinjski pribor","2599","Kuhinjske lopatice za ceđenje","Kuća i bašta -> U kuhinji -> Kuhinjski pribor -> Kuhinjske lopatice za ceđenje"
"Kuća i bašta","U kuhinji","Kuhinjski pribor","2600","Kuhinjske kutlače","Kuća i bašta -> U kuhinji -> Kuhinjski pribor -> Kuhinjske kutlače"
"Kuća i bašta","U kuhinji","Kuhinjski pribor","2601","Kuhinjski noževi","Kuća i bašta -> U kuhinji -> Kuhinjski pribor -> Kuhinjski noževi"
"Kuća i bašta","U kuhinji","Kuhinjski pribor","2602","Kuhinjski termometri","Kuća i bašta -> U kuhinji -> Kuhinjski pribor -> Kuhinjski termometri"
"Kuća i bašta","U kuhinji","Kuhinjski pribor","2603","Mlinovi","Kuća i bašta -> U kuhinji -> Kuhinjski pribor -> Mlinovi"
"Kuća i bašta","U kuhinji","Kuhinjski pribor","2604","Otvarači i čepovi","Kuća i bašta -> U kuhinji -> Kuhinjski pribor -> Otvarači i čepovi"
"Kuća i bašta","U kuhinji","Kuhinjski pribor","2605","Pribor za kuvanje","Kuća i bašta -> U kuhinji -> Kuhinjski pribor -> Pribor za kuvanje"
"Kuća i bašta","U kuhinji","Kuhinjski pribor","2606","Rezači i strugači","Kuća i bašta -> U kuhinji -> Kuhinjski pribor -> Rezači i strugači"
"Kuća i bašta","U kuhinji","Kuhinjski pribor","2607","Potiskivači","Kuća i bašta -> U kuhinji -> Kuhinjski pribor -> Potiskivači"
"Kuća i bašta","U kuhinji","Kuhinjski pribor","2608","Bokali za filtriranje vode i filteri","Kuća i bašta -> U kuhinji -> Kuhinjski pribor -> Bokali za filtriranje vode i filteri"
"Kuća i bašta","U kuhinji","Kuhinjsko posuđe","2296","Ekspres lonci / lonci","Kuća i bašta -> U kuhinji -> Kuhinjsko posuđe -> Ekspres lonci / lonci"
"Kuća i bašta","U kuhinji","Kuhinjsko posuđe","2297","Kompleti kuhinjskih posuda","Kuća i bašta -> U kuhinji -> Kuhinjsko posuđe -> Kompleti kuhinjskih posuda"
"Kuća i bašta","U kuhinji","Kuhinjsko posuđe","2298","Lonci i šerpe","Kuća i bašta -> U kuhinji -> Kuhinjsko posuđe -> Lonci i šerpe"
"Kuća i bašta","U kuhinji","Kuhinjsko posuđe","2299","Pekači","Kuća i bašta -> U kuhinji -> Kuhinjsko posuđe -> Pekači"
"Kuća i bašta","U kuhinji","Kuhinjsko posuđe","2300","Poklopci","Kuća i bašta -> U kuhinji -> Kuhinjsko posuđe -> Poklopci"
"Kuća i bašta","U kuhinji","Kuhinjsko posuđe","2301","Tiganji i vokovi","Kuća i bašta -> U kuhinji -> Kuhinjsko posuđe -> Tiganji i vokovi"
"Kuća i bašta","U kuhinji","Kuhinjsko posuđe","2302","Posude za tople napitke","Kuća i bašta -> U kuhinji -> Kuhinjsko posuđe -> Posude za tople napitke"
"Kuća i bašta","U kuhinji","Stono posuđe","2303","Pribor za jelo","Kuća i bašta -> U kuhinji -> Stono posuđe -> Pribor za jelo"
"Kuća i bašta","U kuhinji","Stono posuđe","2304","Servis za ručavanje","Kuća i bašta -> U kuhinji -> Stono posuđe -> Servis za ručavanje"
"Kuća i bašta","U kuhinji","Stono posuđe","2305","Čaše","Kuća i bašta -> U kuhinji -> Stono posuđe -> Čaše"
"Kuća i bašta","U kuhinji","Stono posuđe","2306","Činije za serviranje / posude","Kuća i bašta -> U kuhinji -> Stono posuđe -> Činije za serviranje / posude"
"Kuća i bašta","U kuhinji","Stono posuđe","2307","Tacne za serviranje / postolja","Kuća i bašta -> U kuhinji -> Stono posuđe -> Tacne za serviranje / postolja"
"Kuća i bašta","U kuhinji","Stono posuđe","2308","Šolje","Kuća i bašta -> U kuhinji -> Stono posuđe -> Šolje"
"Kuća i bašta","U kuhinji","Stono posuđe","2309","Bokali","Kuća i bašta -> U kuhinji -> Stono posuđe -> Bokali"
"Kuća i bašta","U kuhinji","Stono posuđe","2310","Pribor za serviranje","Kuća i bašta -> U kuhinji -> Stono posuđe -> Pribor za serviranje"
"Kuća i bašta","U kuhinji","Skladištenje i organizacija","2311","Flaše za vodu","Kuća i bašta -> U kuhinji -> Skladištenje i organizacija -> Flaše za vodu"
"Kuća i bašta","U kuhinji","Skladištenje i organizacija","2312","Sušare","Kuća i bašta -> U kuhinji -> Skladištenje i organizacija -> Sušare"
"Kuća i bašta","U kuhinji","Skladištenje i organizacija","2313","Posude / kutije za hleb","Kuća i bašta -> U kuhinji -> Skladištenje i organizacija -> Posude / kutije za hleb"
"Kuća i bašta","U kuhinji","Skladištenje i organizacija","2314","Posude za skladištenje","Kuća i bašta -> U kuhinji -> Skladištenje i organizacija -> Posude za skladištenje"
"Kuća i bašta","U kuhinji","Skladištenje i organizacija","2315","Stalci","Kuća i bašta -> U kuhinji -> Skladištenje i organizacija -> Stalci"
"Kuća i bašta","U kuhinji","Skladištenje i organizacija","2316","Termo posude","Kuća i bašta -> U kuhinji -> Skladištenje i organizacija -> Termo posude"
"Kuća i bašta","U kuhinji","Skladištenje i organizacija","2317","Termosi","Kuća i bašta -> U kuhinji -> Skladištenje i organizacija -> Termosi"
"Kuća i bašta","U kuhinji","Skladištenje i organizacija","2318","Smeštanje / konzerviranje","Kuća i bašta -> U kuhinji -> Skladištenje i organizacija -> Smeštanje / konzerviranje"
"Kuća i bašta","U kuhinji","Sve za pečenje","2319","Kalupi za pečenje / modle","Kuća i bašta -> U kuhinji -> Sve za pečenje -> Kalupi za pečenje / modle"
"Kuća i bašta","U kuhinji","Sve za pečenje","2320","Pekači","Kuća i bašta -> U kuhinji -> Sve za pečenje -> Pekači"
"Kuća i bašta","U kuhinji","Sve za pečenje","2321","Oprema za pečenje","Kuća i bašta -> U kuhinji -> Sve za pečenje -> Oprema za pečenje"
"Kuća i bašta","Hlađenje i grejanje","Grejna tela","92","Radijatori","Kuća i bašta -> Hlađenje i grejanje -> Grejna tela -> Radijatori"
"Kuća i bašta","Hlađenje i grejanje","Grejna tela","94","Grejalice","Kuća i bašta -> Hlađenje i grejanje -> Grejna tela -> Grejalice"
"Kuća i bašta","Hlađenje i grejanje","Grejna tela","392","Bojleri","Kuća i bašta -> Hlađenje i grejanje -> Grejna tela -> Bojleri"
"Kuća i bašta","Hlađenje i grejanje","Grejna tela","2589","Grejači","Kuća i bašta -> Hlađenje i grejanje -> Grejna tela -> Grejači"
"Kuća i bašta","Hlađenje i grejanje","Grejna tela","2590","Infra, kvarcne i halogene peći","Kuća i bašta -> Hlađenje i grejanje -> Grejna tela -> Infra, kvarcne i halogene peći"
"Kuća i bašta","Hlađenje i grejanje","Grejna tela","2591","IR paneli","Kuća i bašta -> Hlađenje i grejanje -> Grejna tela -> IR paneli"
"Kuća i bašta","Hlađenje i grejanje","Grejna tela","2592","Konvektori","Kuća i bašta -> Hlađenje i grejanje -> Grejna tela -> Konvektori"
"Kuća i bašta","Hlađenje i grejanje","Ugodna bivalna klima","91","Klima uređaji","Kuća i bašta -> Hlađenje i grejanje -> Ugodna bivalna klima -> Klima uređaji"
"Kuća i bašta","Hlađenje i grejanje","Ugodna bivalna klima","93","Ventilatori","Kuća i bašta -> Hlađenje i grejanje -> Ugodna bivalna klima -> Ventilatori"
"Kuća i bašta","Hlađenje i grejanje","Ugodna bivalna klima","2210","Difuzori / osveživači","Kuća i bašta -> Hlađenje i grejanje -> Ugodna bivalna klima -> Difuzori / osveživači"
"Kuća i bašta","Hlađenje i grejanje","Ugodna bivalna klima","2211","Jonizatori / čistači vazduha","Kuća i bašta -> Hlađenje i grejanje -> Ugodna bivalna klima -> Jonizatori / čistači vazduha"
"Kuća i bašta","Hlađenje i grejanje","Ugodna bivalna klima","2212","Odvlaživači","Kuća i bašta -> Hlađenje i grejanje -> Ugodna bivalna klima -> Odvlaživači"
"Kuća i bašta","Hlađenje i grejanje","Ugodna bivalna klima","2213","Rekuperatori","Kuća i bašta -> Hlađenje i grejanje -> Ugodna bivalna klima -> Rekuperatori"
"Kuća i bašta","Hlađenje i grejanje","Ugodna bivalna klima","2214","Ovlaživači","Kuća i bašta -> Hlađenje i grejanje -> Ugodna bivalna klima -> Ovlaživači"
"Kuća i bašta","Hlađenje i grejanje","Toplotne pumpe","2215","Toplotne pumpe za grejanje","Kuća i bašta -> Hlađenje i grejanje -> Toplotne pumpe -> Toplotne pumpe za grejanje"
"Kuća i bašta","Hlađenje i grejanje","Toplotne pumpe","2216","Toplotne pumpe za sanitarnu vodu","Kuća i bašta -> Hlađenje i grejanje -> Toplotne pumpe -> Toplotne pumpe za sanitarnu vodu"
"Kuća i bašta","Hlađenje i grejanje","Peći, kamini i kotlovi","391","Kotlovi","Kuća i bašta -> Hlađenje i grejanje -> Peći, kamini i kotlovi -> Kotlovi"
"Kuća i bašta","Hlađenje i grejanje","Peći, kamini i kotlovi","2217","Kamini","Kuća i bašta -> Hlađenje i grejanje -> Peći, kamini i kotlovi -> Kamini"
"Kuća i bašta","Hlađenje i grejanje","Peći, kamini i kotlovi","2218","Pribor za kamine / peći","Kuća i bašta -> Hlađenje i grejanje -> Peći, kamini i kotlovi -> Pribor za kamine / peći"
"Kuća i bašta","Hlađenje i grejanje","Peći, kamini i kotlovi","2219","Peći","Kuća i bašta -> Hlađenje i grejanje -> Peći, kamini i kotlovi -> Peći"
"Kuća i bašta","Hlađenje i grejanje","Peći, kamini i kotlovi","2220","Dodaci za aparate za grejanje","Kuća i bašta -> Hlađenje i grejanje -> Peći, kamini i kotlovi -> Dodaci za aparate za grejanje"
"Kuća i bašta","Nameštaj","Dnevne sobe","2384","Regali za dnevne sobe","Kuća i bašta -> Nameštaj -> Dnevne sobe -> Regali za dnevne sobe"
"Kuća i bašta","Nameštaj","Dnevne sobe","2385","Dvosedi / trosedi","Kuća i bašta -> Nameštaj -> Dnevne sobe -> Dvosedi / trosedi"
"Kuća i bašta","Nameštaj","Dnevne sobe","2386","Fotelje / stolice za odmor / ljuljaške","Kuća i bašta -> Nameštaj -> Dnevne sobe -> Fotelje / stolice za odmor / ljuljaške"
"Kuća i bašta","Nameštaj","Dnevne sobe","2387","Klub stolovi","Kuća i bašta -> Nameštaj -> Dnevne sobe -> Klub stolovi"
"Kuća i bašta","Nameštaj","Dnevne sobe","2388","Sedeće garniture","Kuća i bašta -> Nameštaj -> Dnevne sobe -> Sedeće garniture"
"Kuća i bašta","Nameštaj","Dnevne sobe","2389","Taburei i vreće za sedenje","Kuća i bašta -> Nameštaj -> Dnevne sobe -> Taburei i vreće za sedenje"
"Kuća i bašta","Nameštaj","Dnevne sobe","2390","TV police","Kuća i bašta -> Nameštaj -> Dnevne sobe -> TV police"
"Kuća i bašta","Nameštaj","Kuhinje","2391","Kuhinjske sudopere","Kuća i bašta -> Nameštaj -> Kuhinje -> Kuhinjske sudopere"
"Kuća i bašta","Nameštaj","Kuhinje","2392","Kuhinjske slavine","Kuća i bašta -> Nameštaj -> Kuhinje -> Kuhinjske slavine"
"Kuća i bašta","Nameštaj","Kuhinje","2393","Kuhinjski elementi","Kuća i bašta -> Nameštaj -> Kuhinje -> Kuhinjski elementi"
"Kuća i bašta","Nameštaj","Kuhinje","2394","Kuhinjski blokovi","Kuća i bašta -> Nameštaj -> Kuhinje -> Kuhinjski blokovi"
"Kuća i bašta","Nameštaj","Trpezarije","2395","Barske stolice i stolovi","Kuća i bašta -> Nameštaj -> Trpezarije -> Barske stolice i stolovi"
"Kuća i bašta","Nameštaj","Trpezarije","2396","Trpezarijski nameštaj","Kuća i bašta -> Nameštaj -> Trpezarije -> Trpezarijski nameštaj"
"Kuća i bašta","Nameštaj","Trpezarije","2397","Trpezarijski stolovi","Kuća i bašta -> Nameštaj -> Trpezarije -> Trpezarijski stolovi"
"Kuća i bašta","Nameštaj","Trpezarije","2398","Trpezarijske stolice","Kuća i bašta -> Nameštaj -> Trpezarije -> Trpezarijske stolice"
"Kuća i bašta","Nameštaj","Spavaće sobe","2399","Ormari","Kuća i bašta -> Nameštaj -> Spavaće sobe -> Ormari"
"Kuća i bašta","Nameštaj","Spavaće sobe","2400","Podnice","Kuća i bašta -> Nameštaj -> Spavaće sobe -> Podnice"
"Kuća i bašta","Nameštaj","Spavaće sobe","2401","Dušeci","Kuća i bašta -> Nameštaj -> Spavaće sobe -> Dušeci"
"Kuća i bašta","Nameštaj","Spavaće sobe","2402","Naddušeci","Kuća i bašta -> Nameštaj -> Spavaće sobe -> Naddušeci"
"Kuća i bašta","Nameštaj","Spavaće sobe","2403","Noćni ormarići","Kuća i bašta -> Nameštaj -> Spavaće sobe -> Noćni ormarići"
"Kuća i bašta","Nameštaj","Spavaće sobe","2404","Kreveti","Kuća i bašta -> Nameštaj -> Spavaće sobe -> Kreveti"
"Kuća i bašta","Nameštaj","Spavaće sobe","2405","Spavaće sobe","Kuća i bašta -> Nameštaj -> Spavaće sobe -> Spavaće sobe"
"Kuća i bašta","Nameštaj","Spavaće sobe","2406","Dodaci za spavaće sobe","Kuća i bašta -> Nameštaj -> Spavaće sobe -> Dodaci za spavaće sobe"
"Kuća i bašta","Nameštaj","Dečije sobe","2407","Dečiji ormari","Kuća i bašta -> Nameštaj -> Dečije sobe -> Dečiji ormari"
"Kuća i bašta","Nameštaj","Dečije sobe","2408","Noćni ormarići za dečije sobe","Kuća i bašta -> Nameštaj -> Dečije sobe -> Noćni ormarići za dečije sobe"
"Kuća i bašta","Nameštaj","Dečije sobe","2409","Dečiji pisaći stolovi","Kuća i bašta -> Nameštaj -> Dečije sobe -> Dečiji pisaći stolovi"
"Kuća i bašta","Nameštaj","Dečije sobe","2410","Dečije stolice i vreće za sedenje","Kuća i bašta -> Nameštaj -> Dečije sobe -> Dečije stolice i vreće za sedenje"
"Kuća i bašta","Nameštaj","Dečije sobe","2411","Dečiji kreveti","Kuća i bašta -> Nameštaj -> Dečije sobe -> Dečiji kreveti"
"Kuća i bašta","Nameštaj","Dečije sobe","2412","Kompleti za dečiju sobu","Kuća i bašta -> Nameštaj -> Dečije sobe -> Kompleti za dečiju sobu"
"Kuća i bašta","Nameštaj","Dečije sobe","2413","Dodaci za dečije sobe","Kuća i bašta -> Nameštaj -> Dečije sobe -> Dodaci za dečije sobe"
"Kuća i bašta","Nameštaj","Predsoblja i hodnici","2414","Kompleti ormara / sastavi","Kuća i bašta -> Nameštaj -> Predsoblja i hodnici -> Kompleti ormara / sastavi"
"Kuća i bašta","Nameštaj","Predsoblja i hodnici","2415","Police i vešalice za ormare","Kuća i bašta -> Nameštaj -> Predsoblja i hodnici -> Police i vešalice za ormare"
"Kuća i bašta","Nameštaj","Predsoblja i hodnici","2416","Klupe za predsoblja","Kuća i bašta -> Nameštaj -> Predsoblja i hodnici -> Klupe za predsoblja"
"Kuća i bašta","Nameštaj","Predsoblja i hodnici","2417","Ormari / cipelari","Kuća i bašta -> Nameštaj -> Predsoblja i hodnici -> Ormari / cipelari"
"Kuća i bašta","Nameštaj","Kupatila","2418","Kupatilska galanterija","Kuća i bašta -> Nameštaj -> Kupatila -> Kupatilska galanterija"
"Kuća i bašta","Nameštaj","Kupatila","2419","Kupatilske slavine","Kuća i bašta -> Nameštaj -> Kupatila -> Kupatilske slavine"
"Kuća i bašta","Nameštaj","Kupatila","2420","Kupatilski ormarići","Kuća i bašta -> Nameštaj -> Kupatila -> Kupatilski ormarići"
"Kuća i bašta","Nameštaj","Kupatila","2421","Kupatilski kompleti","Kuća i bašta -> Nameštaj -> Kupatila -> Kupatilski kompleti"
"Kuća i bašta","Nameštaj","Kupatila","2422","Saune","Kuća i bašta -> Nameštaj -> Kupatila -> Saune"
"Kuća i bašta","Nameštaj","Komadni nameštaj","376","Dodaci za nameštaj","Kuća i bašta -> Nameštaj -> Komadni nameštaj -> Dodaci za nameštaj"
"Kuća i bašta","Nameštaj","Komadni nameštaj","2423","Komode i fiokari","Kuća i bašta -> Nameštaj -> Komadni nameštaj -> Komode i fiokari"
"Kuća i bašta","Nameštaj","Komadni nameštaj","2424","Čiviluci / ofingeri","Kuća i bašta -> Nameštaj -> Komadni nameštaj -> Čiviluci / ofingeri"
"Kuća i bašta","Nameštaj","Komadni nameštaj","2425","Ogledala","Kuća i bašta -> Nameštaj -> Komadni nameštaj -> Ogledala"
"Kuća i bašta","Nameštaj","Komadni nameštaj","2426","Police","Kuća i bašta -> Nameštaj -> Komadni nameštaj -> Police"
"Kuća i bašta","Nameštaj","Komadni nameštaj","2427","Vitrine i regali","Kuća i bašta -> Nameštaj -> Komadni nameštaj -> Vitrine i regali"
"Kuća i bašta","Nameštaj","Komadni nameštaj","2428","Držači za kišobrane","Kuća i bašta -> Nameštaj -> Komadni nameštaj -> Držači za kišobrane"
"Kuća i bašta","Nameštaj","Komadni nameštaj","2429","Vitrine","Kuća i bašta -> Nameštaj -> Komadni nameštaj -> Vitrine"
"Kuća i bašta","Nameštaj","Baštenski nameštaj","2430","Roletne / paviljoni","Kuća i bašta -> Nameštaj -> Baštenski nameštaj -> Roletne / paviljoni"
"Kuća i bašta","Nameštaj","Baštenski nameštaj","2431","Tende, markize i pergole","Kuća i bašta -> Nameštaj -> Baštenski nameštaj -> Tende, markize i pergole"
"Kuća i bašta","Nameštaj","Baštenski nameštaj","2432","Baštenske garniture","Kuća i bašta -> Nameštaj -> Baštenski nameštaj -> Baštenske garniture"
"Kuća i bašta","Nameštaj","Baštenski nameštaj","2433","Baštenske ljuljaške","Kuća i bašta -> Nameštaj -> Baštenski nameštaj -> Baštenske ljuljaške"
"Kuća i bašta","Nameštaj","Baštenski nameštaj","2434","Baštenske klupe","Kuća i bašta -> Nameštaj -> Baštenski nameštaj -> Baštenske klupe"
"Kuća i bašta","Nameštaj","Baštenski nameštaj","2435","Baštenski stolovi","Kuća i bašta -> Nameštaj -> Baštenski nameštaj -> Baštenski stolovi"
"Kuća i bašta","Nameštaj","Baštenski nameštaj","2436","Baštenske ležaljke","Kuća i bašta -> Nameštaj -> Baštenski nameštaj -> Baštenske ležaljke"
"Kuća i bašta","Nameštaj","Baštenski nameštaj","2437","Baštenske stolice","Kuća i bašta -> Nameštaj -> Baštenski nameštaj -> Baštenske stolice"
"Kuća i bašta","Nameštaj","Baštenski nameštaj","2438","Dodatna oprema za baštenski nameštaj","Kuća i bašta -> Nameštaj -> Baštenski nameštaj -> Dodatna oprema za baštenski nameštaj"
"Kuća i bašta","Oprema za kuću","Čišćenje","2221","Oprema za čišćenje","Kuća i bašta -> Oprema za kuću -> Čišćenje -> Oprema za čišćenje"
"Kuća i bašta","Oprema za kuću","Čišćenje","2222","Perači prozora","Kuća i bašta -> Oprema za kuću -> Čišćenje -> Perači prozora"
"Kuća i bašta","Oprema za kuću","Čišćenje","2223","Čišćenje podova","Kuća i bašta -> Oprema za kuću -> Čišćenje -> Čišćenje podova"
"Kuća i bašta","Oprema za kuću","Čišćenje","2224","Deterdženti","Kuća i bašta -> Oprema za kuću -> Čišćenje -> Deterdženti"
"Kuća i bašta","Oprema za kuću","Čišćenje","2225","Krpe i sunđeri","Kuća i bašta -> Oprema za kuću -> Čišćenje -> Krpe i sunđeri"
"Kuća i bašta","Oprema za kuću","Čišćenje","2226","Parni čistači","Kuća i bašta -> Oprema za kuću -> Čišćenje -> Parni čistači"
"Kuća i bašta","Oprema za kuću","Čišćenje","2227","Potrošni materijal i dodaci za cišcenje","Kuća i bašta -> Oprema za kuću -> Čišćenje -> Potrošni materijal i dodaci za cišcenje"
"Kuća i bašta","Oprema za kuću","Čišćenje","2228","Kofe i kade","Kuća i bašta -> Oprema za kuću -> Čišćenje -> Kofe i kade"
"Kuća i bašta","Oprema za kuću","Organizacija i skladištenje","2229","Korpe za skladištenje","Kuća i bašta -> Oprema za kuću -> Organizacija i skladištenje -> Korpe za skladištenje"
"Kuća i bašta","Oprema za kuću","Organizacija i skladištenje","2230","Korpe za veš","Kuća i bašta -> Oprema za kuću -> Organizacija i skladištenje -> Korpe za veš"
"Kuća i bašta","Oprema za kuću","Organizacija i skladištenje","2231","Korpe za smeće","Kuća i bašta -> Oprema za kuću -> Organizacija i skladištenje -> Korpe za smeće"
"Kuća i bašta","Oprema za kuću","Organizacija i skladištenje","2232","Sušilice za veš i dodaci","Kuća i bašta -> Oprema za kuću -> Organizacija i skladištenje -> Sušilice za veš i dodaci"
"Kuća i bašta","Oprema za kuću","Organizacija i skladištenje","2233","Kutije za skladištenje","Kuća i bašta -> Oprema za kuću -> Organizacija i skladištenje -> Kutije za skladištenje"
"Kuća i bašta","Oprema za kuću","Kućni tekstil","2234","Peškiri","Kuća i bašta -> Oprema za kuću -> Kućni tekstil -> Peškiri"
"Kuća i bašta","Oprema za kuću","Kućni tekstil","2235","Dekorativni jastuci","Kuća i bašta -> Oprema za kuću -> Kućni tekstil -> Dekorativni jastuci"
"Kuća i bašta","Oprema za kuću","Kućni tekstil","2236","Kecelje","Kuća i bašta -> Oprema za kuću -> Kućni tekstil -> Kecelje"
"Kuća i bašta","Oprema za kuću","Kućni tekstil","2237","Otirači","Kuća i bašta -> Oprema za kuću -> Kućni tekstil -> Otirači"
"Kuća i bašta","Oprema za kuću","Kućni tekstil","2238","Prekrivači i presvlake za nameštaj","Kuća i bašta -> Oprema za kuću -> Kućni tekstil -> Prekrivači i presvlake za nameštaj"
"Kuća i bašta","Oprema za kuću","Kućni tekstil","2239","Tepihi","Kuća i bašta -> Oprema za kuću -> Kućni tekstil -> Tepihi"
"Kuća i bašta","Oprema za kuću","Kućni tekstil","2240","Stolnjaci i staze","Kuća i bašta -> Oprema za kuću -> Kućni tekstil -> Stolnjaci i staze"
"Kuća i bašta","Oprema za kuću","Kućni tekstil","2241","Zavese, roletne i garnišne","Kuća i bašta -> Oprema za kuću -> Kućni tekstil -> Zavese, roletne i garnišne"
"Kuća i bašta","Oprema za kuću","Posteljina","2242","Pokrivači","Kuća i bašta -> Oprema za kuću -> Posteljina -> Pokrivači"
"Kuća i bašta","Oprema za kuću","Posteljina","2243","Jorgani","Kuća i bašta -> Oprema za kuću -> Posteljina -> Jorgani"
"Kuća i bašta","Oprema za kuću","Posteljina","2244","Jastučnice","Kuća i bašta -> Oprema za kuću -> Posteljina -> Jastučnice"
"Kuća i bašta","Oprema za kuću","Posteljina","2245","Čaršavi","Kuća i bašta -> Oprema za kuću -> Posteljina -> Čaršavi"
"Kuća i bašta","Oprema za kuću","Posteljina","2246","Setovi posteljine","Kuća i bašta -> Oprema za kuću -> Posteljina -> Setovi posteljine"
"Kuća i bašta","Oprema za kuću","Posteljina","2247","Jastuci","Kuća i bašta -> Oprema za kuću -> Posteljina -> Jastuci"
"Kuća i bašta","Oprema za kuću","Posteljina","2248","Zaštitne podloge","Kuća i bašta -> Oprema za kuću -> Posteljina -> Zaštitne podloge"
"Kuća i bašta","Oprema za kuću","Svetla","379","Sijalice","Kuća i bašta -> Oprema za kuću -> Svetla -> Sijalice"
"Kuća i bašta","Oprema za kuću","Svetla","2249","LED trake","Kuća i bašta -> Oprema za kuću -> Svetla -> LED trake"
"Kuća i bašta","Oprema za kuću","Svetla","2250","Stone lampe","Kuća i bašta -> Oprema za kuću -> Svetla -> Stone lampe"
"Kuća i bašta","Oprema za kuću","Svetla","2251","Zidna rasveta","Kuća i bašta -> Oprema za kuću -> Svetla -> Zidna rasveta"
"Kuća i bašta","Oprema za kuću","Svetla","2252","Plafonska rasveta","Kuća i bašta -> Oprema za kuću -> Svetla -> Plafonska rasveta"
"Kuća i bašta","Oprema za kuću","Svetla","2253","Podna rasveta","Kuća i bašta -> Oprema za kuću -> Svetla -> Podna rasveta"
"Kuća i bašta","Oprema za kuću","Svetla","2254","Viseće rasveta","Kuća i bašta -> Oprema za kuću -> Svetla -> Viseće rasveta"
"Kuća i bašta","Oprema za kuću","Svetla","2255","Spoljna rasveta","Kuća i bašta -> Oprema za kuću -> Svetla -> Spoljna rasveta"
"Kuća i bašta","Oprema za kuću","Svetla","2256","Dodaci za rasvetu","Kuća i bašta -> Oprema za kuću -> Svetla -> Dodaci za rasvetu"
"Kuća i bašta","Oprema za kuću","Svetla","2632","Senzori za svetla","Kuća i bašta -> Oprema za kuću -> Svetla -> Senzori za svetla"
"Kuća i bašta","Oprema za kuću","Dekorativni program","454","Zidne nalepnice","Kuća i bašta -> Oprema za kuću -> Dekorativni program -> Zidne nalepnice"
"Kuća i bašta","Oprema za kuću","Dekorativni program","2257","Ukrasne figure / statue","Kuća i bašta -> Oprema za kuću -> Dekorativni program -> Ukrasne figure / statue"
"Kuća i bašta","Oprema za kuću","Dekorativni program","2258","Ukrasne nalepnice","Kuća i bašta -> Oprema za kuću -> Dekorativni program -> Ukrasne nalepnice"
"Kuća i bašta","Oprema za kuću","Dekorativni program","2259","Foto albumi","Kuća i bašta -> Oprema za kuću -> Dekorativni program -> Foto albumi"
"Kuća i bašta","Oprema za kuću","Dekorativni program","2260","Ukrasne činije i vaze","Kuća i bašta -> Oprema za kuću -> Dekorativni program -> Ukrasne činije i vaze"
"Kuća i bašta","Oprema za kuću","Dekorativni program","2261","Ukrasne table i znakovi","Kuća i bašta -> Oprema za kuću -> Dekorativni program -> Ukrasne table i znakovi"
"Kuća i bašta","Oprema za kuću","Dekorativni program","2262","Ramovi za slike","Kuća i bašta -> Oprema za kuću -> Dekorativni program -> Ramovi za slike"
"Kuća i bašta","Oprema za kuću","Dekorativni program","2263","Osveživači prostora","Kuća i bašta -> Oprema za kuću -> Dekorativni program -> Osveživači prostora"
"Kuća i bašta","Oprema za kuću","Dekorativni program","2264","Posteri","Kuća i bašta -> Oprema za kuću -> Dekorativni program -> Posteri"
"Kuća i bašta","Oprema za kuću","Dekorativni program","2265","Slike","Kuća i bašta -> Oprema za kuću -> Dekorativni program -> Slike"
"Kuća i bašta","Oprema za kuću","Dekorativni program","2266","Sveće","Kuća i bašta -> Oprema za kuću -> Dekorativni program -> Sveće"
"Kuća i bašta","Oprema za kuću","Dekorativni program","2267","Svećnjaci","Kuća i bašta -> Oprema za kuću -> Dekorativni program -> Svećnjaci"
"Kuća i bašta","Oprema za kuću","Dekorativni program","2268","Veštačke biljke","Kuća i bašta -> Oprema za kuću -> Dekorativni program -> Veštačke biljke"
"Kuća i bašta","Oprema za kuću","Dekorativni program","2269","Ostala dekoracija","Kuća i bašta -> Oprema za kuću -> Dekorativni program -> Ostala dekoracija"
"Kuća i bašta","Oprema za kuću","Pokloni i ambalaža za poklone","2270","Poklon kutije i vrećice","Kuća i bašta -> Oprema za kuću -> Pokloni i ambalaža za poklone -> Poklon kutije i vrećice"
"Kuća i bašta","Oprema za kuću","Pokloni i ambalaža za poklone","2271","Pribor za pakovanje","Kuća i bašta -> Oprema za kuću -> Pokloni i ambalaža za poklone -> Pribor za pakovanje"
"Kuća i bašta","Oprema za kuću","Pokloni i ambalaža za poklone","2272","Kasica","Kuća i bašta -> Oprema za kuću -> Pokloni i ambalaža za poklone -> Kasica"
"Kuća i bašta","Oprema za kuću","Pokloni i ambalaža za poklone","2273","Privesci za ključeve","Kuća i bašta -> Oprema za kuću -> Pokloni i ambalaža za poklone -> Privesci za ključeve"
"Kuća i bašta","Oprema za kuću","Pokloni i ambalaža za poklone","2274","Pepeljare","Kuća i bašta -> Oprema za kuću -> Pokloni i ambalaža za poklone -> Pepeljare"
"Kuća i bašta","Oprema za kuću","Pokloni i ambalaža za poklone","2275","Upaljači","Kuća i bašta -> Oprema za kuću -> Pokloni i ambalaža za poklone -> Upaljači"
"Kuća i bašta","Oprema za kuću","Pokloni i ambalaža za poklone","2276","Zabavne igre i pokloni","Kuća i bašta -> Oprema za kuću -> Pokloni i ambalaža za poklone -> Zabavne igre i pokloni"
"Kuća i bašta","Oprema za kuću","Tematska dekoracija","2277","Božićna i novogodišnja dekoracija","Kuća i bašta -> Oprema za kuću -> Tematska dekoracija -> Božićna i novogodišnja dekoracija"
"Kuća i bašta","Oprema za kuću","Tematska dekoracija","2278","Božićni i novogodišnji ukrasi","Kuća i bašta -> Oprema za kuću -> Tematska dekoracija -> Božićni i novogodišnji ukrasi"
"Kuća i bašta","Oprema za kuću","Tematska dekoracija","2279","Novogodišnje jelke","Kuća i bašta -> Oprema za kuću -> Tematska dekoracija -> Novogodišnje jelke"
"Kuća i bašta","Oprema za kuću","Tematska dekoracija","2280","Novogodišnja rasveta","Kuća i bašta -> Oprema za kuću -> Tematska dekoracija -> Novogodišnja rasveta"
"Kuća i bašta","Oprema za kuću","Tematska dekoracija","2281","Sve za slavlje","Kuća i bašta -> Oprema za kuću -> Tematska dekoracija -> Sve za slavlje"
"Kuća i bašta","Oprema za kuću","Tematska dekoracija","2282","Suze i venci","Kuća i bašta -> Oprema za kuću -> Tematska dekoracija -> Suze i venci"
"Kuća i bašta","Oprema za kuću","Satovi i meteorološke stanice","382","Meteorološke stanice","Kuća i bašta -> Oprema za kuću -> Satovi i meteorološke stanice -> Meteorološke stanice"
"Kuća i bašta","Oprema za kuću","Satovi i meteorološke stanice","390","Radio-satovi i budilnici","Kuća i bašta -> Oprema za kuću -> Satovi i meteorološke stanice -> Radio-satovi i budilnici"
"Kuća i bašta","Oprema za kuću","Satovi i meteorološke stanice","2283","Kućni termometri","Kuća i bašta -> Oprema za kuću -> Satovi i meteorološke stanice -> Kućni termometri"
"Kuća i bašta","Oprema za kuću","Satovi i meteorološke stanice","2284","Zidni i stoni satovi","Kuća i bašta -> Oprema za kuću -> Satovi i meteorološke stanice -> Zidni i stoni satovi"
"Kuća i bašta","Oprema za kuću","Bezbednost i nadzor","2285","Alarmni uređaji","Kuća i bašta -> Oprema za kuću -> Bezbednost i nadzor -> Alarmni uređaji"
"Kuća i bašta","Oprema za kuću","Bezbednost i nadzor","2286","Detektor ugljen-monoksida","Kuća i bašta -> Oprema za kuću -> Bezbednost i nadzor -> Detektor ugljen-monoksida"
"Kuća i bašta","Oprema za kuću","Bezbednost i nadzor","2287","Interfoni","Kuća i bašta -> Oprema za kuću -> Bezbednost i nadzor -> Interfoni"
"Kuća i bašta","Oprema za kuću","Bezbednost i nadzor","2288","Nadzorne (IP) kamere","Kuća i bašta -> Oprema za kuću -> Bezbednost i nadzor -> Nadzorne (IP) kamere"
"Kuća i bašta","Oprema za kuću","Bezbednost i nadzor","2289","Pametne instalacije","Kuća i bašta -> Oprema za kuću -> Bezbednost i nadzor -> Pametne instalacije"
"Kuća i bašta","Oprema za kuću","Bezbednost i nadzor","2290","Razni dodaci za bezbednost","Kuća i bašta -> Oprema za kuću -> Bezbednost i nadzor -> Razni dodaci za bezbednost"
"Kuća i bašta","Oprema za kuću","Bezbednost i nadzor","2291","Sefovi / trezori","Kuća i bašta -> Oprema za kuću -> Bezbednost i nadzor -> Sefovi / trezori"
"Kuća i bašta","Oprema za kuću","Bezbednost i nadzor","2292","Senzori","Kuća i bašta -> Oprema za kuću -> Bezbednost i nadzor -> Senzori"
"Kuća i bašta","Oprema za kuću","Bezbednost i nadzor","2293","Kompleti za video-nadzor","Kuća i bašta -> Oprema za kuću -> Bezbednost i nadzor -> Kompleti za video-nadzor"
"Kuća i bašta","Oprema za kuću","Bezbednost i nadzor","2294","Zaštita za vrata i prozore","Kuća i bašta -> Oprema za kuću -> Bezbednost i nadzor -> Zaštita za vrata i prozore"
"Kuća i bašta","Oprema za kuću","Bezbednost i nadzor","2295","Kućna zvona","Kuća i bašta -> Oprema za kuću -> Bezbednost i nadzor -> Kućna zvona"
"Kuća i bašta","Oprema za kuću","Bezbednost i nadzor","2633","Brave","Kuća i bašta -> Oprema za kuću -> Bezbednost i nadzor -> Brave"
"Kuća i bašta","Bašta i okućnica","Uređaji za baštu i okućnicu","388","Kosilice","Kuća i bašta -> Bašta i okućnica -> Uređaji za baštu i okućnicu -> Kosilice"
"Kuća i bašta","Bašta i okućnica","Uređaji za baštu i okućnicu","662","Perači pod visokim pritiskom","Kuća i bašta -> Bašta i okućnica -> Uređaji za baštu i okućnicu -> Perači pod visokim pritiskom"
"Kuća i bašta","Bašta i okućnica","Uređaji za baštu i okućnicu","664","Pumpe za vodu","Kuća i bašta -> Bašta i okućnica -> Uređaji za baštu i okućnicu -> Pumpe za vodu"
"Kuća i bašta","Bašta i okućnica","Uređaji za baštu i okućnicu","2609","Cepači drva","Kuća i bašta -> Bašta i okućnica -> Uređaji za baštu i okućnicu -> Cepači drva"
"Kuća i bašta","Bašta i okućnica","Uređaji za baštu i okućnicu","2610","Drobilice","Kuća i bašta -> Bašta i okućnica -> Uređaji za baštu i okućnicu -> Drobilice"
"Kuća i bašta","Bašta i okućnica","Uređaji za baštu i okućnicu","2611","Električne makaze","Kuća i bašta -> Bašta i okućnica -> Uređaji za baštu i okućnicu -> Električne makaze"
"Kuća i bašta","Bašta i okućnica","Uređaji za baštu i okućnicu","2612","Prozračivači trave / vertikuleri","Kuća i bašta -> Bašta i okućnica -> Uređaji za baštu i okućnicu -> Prozračivači trave / vertikuleri"
"Kuća i bašta","Bašta i okućnica","Uređaji za baštu i okućnicu","2613","Motorne testere","Kuća i bašta -> Bašta i okućnica -> Uređaji za baštu i okućnicu -> Motorne testere"
"Kuća i bašta","Bašta i okućnica","Uređaji za baštu i okućnicu","2614","Kopači / motokultivatori","Kuća i bašta -> Bašta i okućnica -> Uređaji za baštu i okućnicu -> Kopači / motokultivatori"
"Kuća i bašta","Bašta i okućnica","Uređaji za baštu i okućnicu","2615","Duvači / usisivači","Kuća i bašta -> Bašta i okućnica -> Uređaji za baštu i okućnicu -> Duvači / usisivači"
"Kuća i bašta","Bašta i okućnica","Uređaji za baštu i okućnicu","2616","Freze za sneg","Kuća i bašta -> Bašta i okućnica -> Uređaji za baštu i okućnicu -> Freze za sneg"
"Kuća i bašta","Bašta i okućnica","U bašti","2158","Povrće","Kuća i bašta -> Bašta i okućnica -> U bašti -> Povrće"
"Kuća i bašta","Bašta i okućnica","U bašti","2159","Cveće i biljke","Kuća i bašta -> Bašta i okućnica -> U bašti -> Cveće i biljke"
"Kuća i bašta","Bašta i okućnica","U bašti","2160","Biljke, začini, lekovito bilje","Kuća i bašta -> Bašta i okućnica -> U bašti -> Biljke, začini, lekovito bilje"
"Kuća i bašta","Bašta i okućnica","U bašti","2161","Trave","Kuća i bašta -> Bašta i okućnica -> U bašti -> Trave"
"Kuća i bašta","Bašta i okućnica","U bašti","2162","Đubriva","Kuća i bašta -> Bašta i okućnica -> U bašti -> Đubriva"
"Kuća i bašta","Bašta i okućnica","U bašti","2163","Zemlja / kora","Kuća i bašta -> Bašta i okućnica -> U bašti -> Zemlja / kora"
"Kuća i bašta","Bašta i okućnica","U bašti","2164","Ostale biljke, seme i usevi","Kuća i bašta -> Bašta i okućnica -> U bašti -> Ostale biljke, seme i usevi"
"Kuća i bašta","Bašta i okućnica","U bašti","2165","Plastenici, staklenici i zaštite","Kuća i bašta -> Bašta i okućnica -> U bašti -> Plastenici, staklenici i zaštite"
"Kuća i bašta","Bašta i okućnica","U bašti","2166","Zalivanje","Kuća i bašta -> Bašta i okućnica -> U bašti -> Zalivanje"
"Kuća i bašta","Bašta i okućnica","U bašti","2629","Ukrasno drveće","Kuća i bašta -> Bašta i okućnica -> U bašti -> Ukrasno drveće"
"Kuća i bašta","Bašta i okućnica","U bašti","2630","Ukrasno žbunje","Kuća i bašta -> Bašta i okućnica -> U bašti -> Ukrasno žbunje"
"Kuća i bašta","Bašta i okućnica","Uređivanje okućnice","2167","Cvetna galanterija","Kuća i bašta -> Bašta i okućnica -> Uređivanje okućnice -> Cvetna galanterija"
"Kuća i bašta","Bašta i okućnica","Uređivanje okućnice","2168","Baštenska galanterija","Kuća i bašta -> Bašta i okućnica -> Uređivanje okućnice -> Baštenska galanterija"
"Kuća i bašta","Bašta i okućnica","Uređivanje okućnice","2169","Zaštita od insekata i štetočina","Kuća i bašta -> Bašta i okućnica -> Uređivanje okućnice -> Zaštita od insekata i štetočina"
"Kuća i bašta","Bašta i okućnica","Uređivanje okućnice","2170","Ograde","Kuća i bašta -> Bašta i okućnica -> Uređivanje okućnice -> Ograde"
"Kuća i bašta","Bašta i okućnica","Alat za baštu i okućnicu","2370","Grabulje","Kuća i bašta -> Bašta i okućnica -> Alat za baštu i okućnicu -> Grabulje"
"Kuća i bašta","Bašta i okućnica","Alat za baštu i okućnicu","2371","Krampovi","Kuća i bašta -> Bašta i okućnica -> Alat za baštu i okućnicu -> Krampovi"
"Kuća i bašta","Bašta i okućnica","Alat za baštu i okućnicu","2372","Lopate","Kuća i bašta -> Bašta i okućnica -> Alat za baštu i okućnicu -> Lopate"
"Kuća i bašta","Bašta i okućnica","Alat za baštu i okućnicu","2373","Motike","Kuća i bašta -> Bašta i okućnica -> Alat za baštu i okućnicu -> Motike"
"Kuća i bašta","Bašta i okućnica","Alat za baštu i okućnicu","2374","Ručne makaze","Kuća i bašta -> Bašta i okućnica -> Alat za baštu i okućnicu -> Ručne makaze"
"Kuća i bašta","Bašta i okućnica","Alat za baštu i okućnicu","2376","Sekire","Kuća i bašta -> Bašta i okućnica -> Alat za baštu i okućnicu -> Sekire"
"Kuća i bašta","Bašta i okućnica","Alat za baštu i okućnicu","2377","Vile","Kuća i bašta -> Bašta i okućnica -> Alat za baštu i okućnicu -> Vile"
"Kuća i bašta","Bašta i okućnica","Alat za baštu i okućnicu","2378","Ostali baštenski alati","Kuća i bašta -> Bašta i okućnica -> Alat za baštu i okućnicu -> Ostali baštenski alati"
"Kuća i bašta","Bašta i okućnica","Bazeni i oprema","2379","Pumpe i filteri za bazene","Kuća i bašta -> Bašta i okućnica -> Bazeni i oprema -> Pumpe i filteri za bazene"
"Kuća i bašta","Bašta i okućnica","Bazeni i oprema","2380","Čišćenje bazena","Kuća i bašta -> Bašta i okućnica -> Bazeni i oprema -> Čišćenje bazena"
"Kuća i bašta","Bašta i okućnica","Bazeni i oprema","2381","Oprema i pribor za bazene","Kuća i bašta -> Bašta i okućnica -> Bazeni i oprema -> Oprema i pribor za bazene"
"Kuća i bašta","Bašta i okućnica","Bazeni i oprema","2382","Održavanje vode","Kuća i bašta -> Bašta i okućnica -> Bazeni i oprema -> Održavanje vode"
"Kuća i bašta","Bašta i okućnica","Bazeni i oprema","2383","Zabava u bazenu","Kuća i bašta -> Bašta i okućnica -> Bazeni i oprema -> Zabava u bazenu"
"Kuća i bašta","Bašta i okućnica","Bazeni i oprema","2627","Bazeni","Kuća i bašta -> Bašta i okućnica -> Bazeni i oprema -> Bazeni"
"Kuća i bašta","Bašta i okućnica","Bazeni i oprema","2628","Gradnja bazena","Kuća i bašta -> Bašta i okućnica -> Bazeni i oprema -> Gradnja bazena"
"Kuća i bašta","Alati i mašine","Mašine i uređaji","663","Agregati / Generatori","Kuća i bašta -> Alati i mašine -> Mašine i uređaji -> Agregati / Generatori"
"Kuća i bašta","Alati i mašine","Mašine i uređaji","2617","Građevinske mašine","Kuća i bašta -> Alati i mašine -> Mašine i uređaji -> Građevinske mašine"
"Kuća i bašta","Alati i mašine","Mašine i uređaji","2618","Industrijski grejači","Kuća i bašta -> Alati i mašine -> Mašine i uređaji -> Industrijski grejači"
"Kuća i bašta","Alati i mašine","Mašine i uređaji","2619","Industrijski usisivači","Kuća i bašta -> Alati i mašine -> Mašine i uređaji -> Industrijski usisivači"
"Kuća i bašta","Alati i mašine","Mašine i uređaji","2620","Kompresori","Kuća i bašta -> Alati i mašine -> Mašine i uređaji -> Kompresori"
"Kuća i bašta","Alati i mašine","Mašine i uređaji","2621","Pneumatski alat i nastavci","Kuća i bašta -> Alati i mašine -> Mašine i uređaji -> Pneumatski alat i nastavci"
"Kuća i bašta","Alati i mašine","Mašine i uređaji","2622","Aparati za varenje","Kuća i bašta -> Alati i mašine -> Mašine i uređaji -> Aparati za varenje"
"Kuća i bašta","Alati i mašine","Ručni alat","2375","Ručne testere","Kuća i bašta -> Alati i mašine -> Ručni alat -> Ručne testere"
"Kuća i bašta","Alati i mašine","Ručni alat","2439","Špicevi i štemajzi","Kuća i bašta -> Alati i mašine -> Ručni alat -> Špicevi i štemajzi"
"Kuća i bašta","Alati i mašine","Ručni alat","2440","Odvijači","Kuća i bašta -> Alati i mašine -> Ručni alat -> Odvijači"
"Kuća i bašta","Alati i mašine","Ručni alat","2441","Čekići i macole","Kuća i bašta -> Alati i mašine -> Ručni alat -> Čekići i macole"
"Kuća i bašta","Alati i mašine","Ručni alat","2442","Klešta","Kuća i bašta -> Alati i mašine -> Ručni alat -> Klešta"
"Kuća i bašta","Alati i mašine","Ručni alat","2443","Ključevi","Kuća i bašta -> Alati i mašine -> Ručni alat -> Ključevi"
"Kuća i bašta","Alati i mašine","Ručni alat","2444","Set ključeva","Kuća i bašta -> Alati i mašine -> Ručni alat -> Set ključeva"
"Kuća i bašta","Alati i mašine","Ručni alat","2445","Kompleti ručnog alata","Kuća i bašta -> Alati i mašine -> Ručni alat -> Kompleti ručnog alata"
"Kuća i bašta","Alati i mašine","Ručni alat","2446","Noževi","Kuća i bašta -> Alati i mašine -> Ručni alat -> Noževi"
"Kuća i bašta","Alati i mašine","Ručni alat","2447","Turpije","Kuća i bašta -> Alati i mašine -> Ručni alat -> Turpije"
"Kuća i bašta","Alati i mašine","Ručni alat","2448","Pincete","Kuća i bašta -> Alati i mašine -> Ručni alat -> Pincete"
"Kuća i bašta","Alati i mašine","Ručni alat","2449","Stege","Kuća i bašta -> Alati i mašine -> Ručni alat -> Stege"
"Kuća i bašta","Alati i mašine","Ručni alat","2450","Heftalice i spajalice","Kuća i bašta -> Alati i mašine -> Ručni alat -> Heftalice i spajalice"
"Kuća i bašta","Alati i mašine","Ručni alat","2451","Makaze","Kuća i bašta -> Alati i mašine -> Ručni alat -> Makaze"
"Kuća i bašta","Alati i mašine","Ručni alat","2452","Ostali ručni alat","Kuća i bašta -> Alati i mašine -> Ručni alat -> Ostali ručni alat"
"Kuća i bašta","Alati i mašine","Merni uređaji","2453","Kljunasta merila","Kuća i bašta -> Alati i mašine -> Merni uređaji -> Kljunasta merila"
"Kuća i bašta","Alati i mašine","Merni uređaji","2454","Uglomeri","Kuća i bašta -> Alati i mašine -> Merni uređaji -> Uglomeri"
"Kuća i bašta","Alati i mašine","Merni uređaji","2455","Laserski merači","Kuća i bašta -> Alati i mašine -> Merni uređaji -> Laserski merači"
"Kuća i bašta","Alati i mašine","Merni uređaji","2456","Daljinomeri","Kuća i bašta -> Alati i mašine -> Merni uređaji -> Daljinomeri"
"Kuća i bašta","Alati i mašine","Merni uređaji","2457","Multimetri","Kuća i bašta -> Alati i mašine -> Merni uređaji -> Multimetri"
"Kuća i bašta","Alati i mašine","Merni uređaji","2458","Vaservage / libele","Kuća i bašta -> Alati i mašine -> Merni uređaji -> Vaservage / libele"
"Kuća i bašta","Alati i mašine","Merni uređaji","2459","Složivi metri / merne trake","Kuća i bašta -> Alati i mašine -> Merni uređaji -> Složivi metri / merne trake"
"Kuća i bašta","Alati i mašine","Električni i akumulatorski alat","2460","Akumulatorske bušilice / odvijači","Kuća i bašta -> Alati i mašine -> Električni i akumulatorski alat -> Akumulatorske bušilice / odvijači"
"Kuća i bašta","Alati i mašine","Električni i akumulatorski alat","2461","Električne bušilice","Kuća i bašta -> Alati i mašine -> Električni i akumulatorski alat -> Električne bušilice"
"Kuća i bašta","Alati i mašine","Električni i akumulatorski alat","2462","Fenovi sa vrućim vazduhom","Kuća i bašta -> Alati i mašine -> Električni i akumulatorski alat -> Fenovi sa vrućim vazduhom"
"Kuća i bašta","Alati i mašine","Električni i akumulatorski alat","2463","Kompleti električnog alata","Kuća i bašta -> Alati i mašine -> Električni i akumulatorski alat -> Kompleti električnog alata"
"Kuća i bašta","Alati i mašine","Električni i akumulatorski alat","2464","Ugaone brusilice","Kuća i bašta -> Alati i mašine -> Električni i akumulatorski alat -> Ugaone brusilice"
"Kuća i bašta","Alati i mašine","Električni i akumulatorski alat","2465","Kružne testere i cirkulari","Kuća i bašta -> Alati i mašine -> Električni i akumulatorski alat -> Kružne testere i cirkulari"
"Kuća i bašta","Alati i mašine","Električni i akumulatorski alat","2466","Pištolji za lepak","Kuća i bašta -> Alati i mašine -> Električni i akumulatorski alat -> Pištolji za lepak"
"Kuća i bašta","Alati i mašine","Električni i akumulatorski alat","2467","Mašine za poliranje","Kuća i bašta -> Alati i mašine -> Električni i akumulatorski alat -> Mašine za poliranje"
"Kuća i bašta","Alati i mašine","Električni i akumulatorski alat","2468","Rezači i glodalice","Kuća i bašta -> Alati i mašine -> Električni i akumulatorski alat -> Rezači i glodalice"
"Kuća i bašta","Alati i mašine","Električni i akumulatorski alat","2469","Renda i šlajferice","Kuća i bašta -> Alati i mašine -> Električni i akumulatorski alat -> Renda i šlajferice"
"Kuća i bašta","Alati i mašine","Električni i akumulatorski alat","2470","Strugovi","Kuća i bašta -> Alati i mašine -> Električni i akumulatorski alat -> Strugovi"
"Kuća i bašta","Alati i mašine","Električni i akumulatorski alat","2471","Tračne testere","Kuća i bašta -> Alati i mašine -> Električni i akumulatorski alat -> Tračne testere"
"Kuća i bašta","Alati i mašine","Električni i akumulatorski alat","2472","Tračne brusilice","Kuća i bašta -> Alati i mašine -> Električni i akumulatorski alat -> Tračne brusilice"
"Kuća i bašta","Alati i mašine","Električni i akumulatorski alat","2473","Udarne / čekić bušilice","Kuća i bašta -> Alati i mašine -> Električni i akumulatorski alat -> Udarne / čekić bušilice"
"Kuća i bašta","Alati i mašine","Električni i akumulatorski alat","2474","Ubodne testere","Kuća i bašta -> Alati i mašine -> Električni i akumulatorski alat -> Ubodne testere"
"Kuća i bašta","Alati i mašine","Električni i akumulatorski alat","2475","Ostali alat","Kuća i bašta -> Alati i mašine -> Električni i akumulatorski alat -> Ostali alat"
"Kuća i bašta","Alati i mašine","Radionica","2476","Kolica za alat","Kuća i bašta -> Alati i mašine -> Radionica -> Kolica za alat"
"Kuća i bašta","Alati i mašine","Radionica","2477","Radne svetiljke","Kuća i bašta -> Alati i mašine -> Radionica -> Radne svetiljke"
"Kuća i bašta","Alati i mašine","Radionica","2478","Mašine za podizanje","Kuća i bašta -> Alati i mašine -> Radionica -> Mašine za podizanje"
"Kuća i bašta","Alati i mašine","Radionica","2479","Građevinski radio","Kuća i bašta -> Alati i mašine -> Radionica -> Građevinski radio"
"Kuća i bašta","Alati i mašine","Radionica","2480","Koferi, torbe i kutije za alat","Kuća i bašta -> Alati i mašine -> Radionica -> Koferi, torbe i kutije za alat"
"Kuća i bašta","Alati i mašine","Radionica","2481","Merdevine","Kuća i bašta -> Alati i mašine -> Radionica -> Merdevine"
"Kuća i bašta","Alati i mašine","Radionica","2482","Ormani, police i stolovi","Kuća i bašta -> Alati i mašine -> Radionica -> Ormani, police i stolovi"
"Kuća i bašta","Alati i mašine","Radionica","2483","Stege i štipaljke","Kuća i bašta -> Alati i mašine -> Radionica -> Stege i štipaljke"
"Kuća i bašta","Alati i mašine","Dodaci i potrošni materijal","2484","Baterije i punjači za alat","Kuća i bašta -> Alati i mašine -> Dodaci i potrošni materijal -> Baterije i punjači za alat"
"Kuća i bašta","Alati i mašine","Dodaci i potrošni materijal","2485","Brusne ploče","Kuća i bašta -> Alati i mašine -> Dodaci i potrošni materijal -> Brusne ploče"
"Kuća i bašta","Alati i mašine","Dodaci i potrošni materijal","2486","Listovi za testere","Kuća i bašta -> Alati i mašine -> Dodaci i potrošni materijal -> Listovi za testere"
"Kuća i bašta","Alati i mašine","Dodaci i potrošni materijal","2487","Matice","Kuća i bašta -> Alati i mašine -> Dodaci i potrošni materijal -> Matice"
"Kuća i bašta","Alati i mašine","Dodaci i potrošni materijal","2488","Nastavci za šrafljenje","Kuća i bašta -> Alati i mašine -> Dodaci i potrošni materijal -> Nastavci za šrafljenje"
"Kuća i bašta","Alati i mašine","Dodaci i potrošni materijal","2489","Šelne","Kuća i bašta -> Alati i mašine -> Dodaci i potrošni materijal -> Šelne"
"Kuća i bašta","Alati i mašine","Dodaci i potrošni materijal","2490","Ulja i maziva","Kuća i bašta -> Alati i mašine -> Dodaci i potrošni materijal -> Ulja i maziva"
"Kuća i bašta","Alati i mašine","Dodaci i potrošni materijal","2491","Podloške","Kuća i bašta -> Alati i mašine -> Dodaci i potrošni materijal -> Podloške"
"Kuća i bašta","Alati i mašine","Dodaci i potrošni materijal","2492","Rezne ploče","Kuća i bašta -> Alati i mašine -> Dodaci i potrošni materijal -> Rezne ploče"
"Kuća i bašta","Alati i mašine","Dodaci i potrošni materijal","2493","Spajalice i klinovi","Kuća i bašta -> Alati i mašine -> Dodaci i potrošni materijal -> Spajalice i klinovi"
"Kuća i bašta","Alati i mašine","Dodaci i potrošni materijal","2494","Burgije","Kuća i bašta -> Alati i mašine -> Dodaci i potrošni materijal -> Burgije"
"Kuća i bašta","Alati i mašine","Dodaci i potrošni materijal","2495","Šrafovi","Kuća i bašta -> Alati i mašine -> Dodaci i potrošni materijal -> Šrafovi"
"Kuća i bašta","Alati i mašine","Dodaci i potrošni materijal","2496","Ostali dodaci","Kuća i bašta -> Alati i mašine -> Dodaci i potrošni materijal -> Ostali dodaci"
"Kuća i bašta","Alati i mašine","Poljoprivredna mehanizacija i vinogradarstvo","2497","Kanisteri, baloni i burad","Kuća i bašta -> Alati i mašine -> Poljoprivredna mehanizacija i vinogradarstvo -> Kanisteri, baloni i burad"
"Kuća i bašta","Alati i mašine","Poljoprivredna mehanizacija i vinogradarstvo","2498","Oprema za vinske podrume i vinograde","Kuća i bašta -> Alati i mašine -> Poljoprivredna mehanizacija i vinogradarstvo -> Oprema za vinske podrume i vinograde"
"Kuća i bašta","Alati i mašine","Poljoprivredna mehanizacija i vinogradarstvo","2499","Traktori i oprema","Kuća i bašta -> Alati i mašine -> Poljoprivredna mehanizacija i vinogradarstvo -> Traktori i oprema"
"Kuća i bašta","Alati i mašine","Zaštitna oprema","2500","Zaštita za visinske radove","Kuća i bašta -> Alati i mašine -> Zaštitna oprema -> Zaštita za visinske radove"
"Kuća i bašta","Alati i mašine","Zaštitna oprema","2501","Respiratorna zaštita","Kuća i bašta -> Alati i mašine -> Zaštitna oprema -> Respiratorna zaštita"
"Kuća i bašta","Alati i mašine","Zaštitna oprema","2502","Zaštita glave / očiju / lica","Kuća i bašta -> Alati i mašine -> Zaštitna oprema -> Zaštita glave / očiju / lica"
"Kuća i bašta","Alati i mašine","Zaštitna oprema","2503","Zaštita ruku","Kuća i bašta -> Alati i mašine -> Zaštitna oprema -> Zaštita ruku"
"Kuća i bašta","Alati i mašine","Zaštitna oprema","2504","Zaštita sluha","Kuća i bašta -> Alati i mašine -> Zaštitna oprema -> Zaštita sluha"
"Kuća i bašta","Alati i mašine","Zaštitna oprema","2505","Zaštitna odeća","Kuća i bašta -> Alati i mašine -> Zaštitna oprema -> Zaštitna odeća"
"Kuća i bašta","Alati i mašine","Zaštitna oprema","2506","Zaštitna obuća","Kuća i bašta -> Alati i mašine -> Zaštitna oprema -> Zaštitna obuća"
"Kuća i bašta","Kućni ljubimci","Psi","2322","Hrana za pse","Kuća i bašta -> Kućni ljubimci -> Psi -> Hrana za pse"
"Kuća i bašta","Kućni ljubimci","Psi","2323","Igračke za pse","Kuća i bašta -> Kućni ljubimci -> Psi -> Igračke za pse"
"Kuća i bašta","Kućni ljubimci","Psi","2324","Nega i kozmetika za pse","Kuća i bašta -> Kućni ljubimci -> Psi -> Nega i kozmetika za pse"
"Kuća i bašta","Kućni ljubimci","Psi","2325","Odeća i obuća za pse","Kuća i bašta -> Kućni ljubimci -> Psi -> Odeća i obuća za pse"
"Kuća i bašta","Kućni ljubimci","Psi","2326","Ogrlice i vodilice za pse","Kuća i bašta -> Kućni ljubimci -> Psi -> Ogrlice i vodilice za pse"
"Kuća i bašta","Kućni ljubimci","Psi","2327","Kućica i kreveti za pse","Kuća i bašta -> Kućni ljubimci -> Psi -> Kućica i kreveti za pse"
"Kuća i bašta","Kućni ljubimci","Psi","2328","Posude za pse","Kuća i bašta -> Kućni ljubimci -> Psi -> Posude za pse"
"Kuća i bašta","Kućni ljubimci","Psi","2329","Povodci za pse","Kuća i bašta -> Kućni ljubimci -> Psi -> Povodci za pse"
"Kuća i bašta","Kućni ljubimci","Psi","2330","Dodaci prehrani za pse","Kuća i bašta -> Kućni ljubimci -> Psi -> Dodaci prehrani za pse"
"Kuća i bašta","Kućni ljubimci","Psi","2331","Poslastice i grickalice za pse","Kuća i bašta -> Kućni ljubimci -> Psi -> Poslastice i grickalice za pse"
"Kuća i bašta","Kućni ljubimci","Psi","2332","Transport za pse","Kuća i bašta -> Kućni ljubimci -> Psi -> Transport za pse"
"Kuća i bašta","Kućni ljubimci","Mačke","2333","Hrana za mačke","Kuća i bašta -> Kućni ljubimci -> Mačke -> Hrana za mačke"
"Kuća i bašta","Kućni ljubimci","Mačke","2334","Kreveci i korpe za mačke","Kuća i bašta -> Kućni ljubimci -> Mačke -> Kreveci i korpe za mačke"
"Kuća i bašta","Kućni ljubimci","Mačke","2335","Toaleti za mačke","Kuća i bašta -> Kućni ljubimci -> Mačke -> Toaleti za mačke"
"Kuća i bašta","Kućni ljubimci","Mačke","2336","Nega i kozmetika za mačke","Kuća i bašta -> Kućni ljubimci -> Mačke -> Nega i kozmetika za mačke"
"Kuća i bašta","Kućni ljubimci","Mačke","2337","Ogrlice i vodilice za mačke","Kuća i bašta -> Kućni ljubimci -> Mačke -> Ogrlice i vodilice za mačke"
"Kuća i bašta","Kućni ljubimci","Mačke","2338","Posude za mačke","Kuća i bašta -> Kućni ljubimci -> Mačke -> Posude za mačke"
"Kuća i bašta","Kućni ljubimci","Mačke","2339","Povodci za mačke","Kuća i bašta -> Kućni ljubimci -> Mačke -> Povodci za mačke"
"Kuća i bašta","Kućni ljubimci","Mačke","2340","Grebalice i igračke","Kuća i bašta -> Kućni ljubimci -> Mačke -> Grebalice i igračke"
"Kuća i bašta","Kućni ljubimci","Mačke","2341","Dodaci prehrani za mačke","Kuća i bašta -> Kućni ljubimci -> Mačke -> Dodaci prehrani za mačke"
"Kuća i bašta","Kućni ljubimci","Mačke","2342","Poslastice i grickalice za mačke","Kuća i bašta -> Kućni ljubimci -> Mačke -> Poslastice i grickalice za mačke"
"Kuća i bašta","Kućni ljubimci","Mačke","2343","Transport za  mačke","Kuća i bašta -> Kućni ljubimci -> Mačke -> Transport za  mačke"
"Kuća i bašta","Kućni ljubimci","Mačke","2344","Ostala oprema za mačke","Kuća i bašta -> Kućni ljubimci -> Mačke -> Ostala oprema za mačke"
"Kuća i bašta","Kućni ljubimci","Akvaristika","2345","Akvarijumi","Kuća i bašta -> Kućni ljubimci -> Akvaristika -> Akvarijumi"
"Kuća i bašta","Kućni ljubimci","Akvaristika","2346","Filteri i pumpe za akvarijume","Kuća i bašta -> Kućni ljubimci -> Akvaristika -> Filteri i pumpe za akvarijume"
"Kuća i bašta","Kućni ljubimci","Akvaristika","2347","Hrana za ribe","Kuća i bašta -> Kućni ljubimci -> Akvaristika -> Hrana za ribe"
"Kuća i bašta","Kućni ljubimci","Akvaristika","2348","Oprema za akvarijum","Kuća i bašta -> Kućni ljubimci -> Akvaristika -> Oprema za akvarijum"
"Kuća i bašta","Kućni ljubimci","Akvaristika","2349","Održavanje / čišćenje akvarijuma","Kuća i bašta -> Kućni ljubimci -> Akvaristika -> Održavanje / čišćenje akvarijuma"
"Kuća i bašta","Kućni ljubimci","Glodari","2350","Hrana za glodare","Kuća i bašta -> Kućni ljubimci -> Glodari -> Hrana za glodare"
"Kuća i bašta","Kućni ljubimci","Glodari","2351","Igračke za glodare","Kuća i bašta -> Kućni ljubimci -> Glodari -> Igračke za glodare"
"Kuća i bašta","Kućni ljubimci","Glodari","2352","Kavezi i kućice za glodare","Kuća i bašta -> Kućni ljubimci -> Glodari -> Kavezi i kućice za glodare"
"Kuća i bašta","Kućni ljubimci","Glodari","2353","Nega i higijena za glodare","Kuća i bašta -> Kućni ljubimci -> Glodari -> Nega i higijena za glodare"
"Kuća i bašta","Kućni ljubimci","Glodari","2354","Oprema za kaveze","Kuća i bašta -> Kućni ljubimci -> Glodari -> Oprema za kaveze"
"Kuća i bašta","Kućni ljubimci","Glodari","2355","Vodilice i povodci za glodare","Kuća i bašta -> Kućni ljubimci -> Glodari -> Vodilice i povodci za glodare"
"Kuća i bašta","Kućni ljubimci","Glodari","2356","Poslastice i vitamini za glodare","Kuća i bašta -> Kućni ljubimci -> Glodari -> Poslastice i vitamini za glodare"
"Kuća i bašta","Kućni ljubimci","Glodari","2357","Transport za glodare","Kuća i bašta -> Kućni ljubimci -> Glodari -> Transport za glodare"
"Kuća i bašta","Kućni ljubimci","Glodari","2358","Održavanje i čišćenje za glodare","Kuća i bašta -> Kućni ljubimci -> Glodari -> Održavanje i čišćenje za glodare"
"Kuća i bašta","Kućni ljubimci","Ptice","2359","Hrana za ptice","Kuća i bašta -> Kućni ljubimci -> Ptice -> Hrana za ptice"
"Kuća i bašta","Kućni ljubimci","Ptice","2360","Igračke za ptice","Kuća i bašta -> Kućni ljubimci -> Ptice -> Igračke za ptice"
"Kuća i bašta","Kućni ljubimci","Ptice","2361","Kavezi i hranilice za ptice","Kuća i bašta -> Kućni ljubimci -> Ptice -> Kavezi i hranilice za ptice"
"Kuća i bašta","Kućni ljubimci","Ptice","2362","Dodaci za kavez za ptice","Kuća i bašta -> Kućni ljubimci -> Ptice -> Dodaci za kavez za ptice"
"Kuća i bašta","Kućni ljubimci","Ptice","2363","Poslastice / vitamini za ptice","Kuća i bašta -> Kućni ljubimci -> Ptice -> Poslastice / vitamini za ptice"
"Kuća i bašta","Kućni ljubimci","Ribnjaci","2364","Pumpe i filteri za ribnjake","Kuća i bašta -> Kućni ljubimci -> Ribnjaci -> Pumpe i filteri za ribnjake"
"Kuća i bašta","Kućni ljubimci","Ribnjaci","2365","Dekoracija za ribnjake","Kuća i bašta -> Kućni ljubimci -> Ribnjaci -> Dekoracija za ribnjake"
"Kuća i bašta","Kućni ljubimci","Ribnjaci","2366","Ribnjaci i oprema","Kuća i bašta -> Kućni ljubimci -> Ribnjaci -> Ribnjaci i oprema"
"Kuća i bašta","Kućni ljubimci","Teraristika","2367","Hrana i oprema za reptile","Kuća i bašta -> Kućni ljubimci -> Teraristika -> Hrana i oprema za reptile"
"Kuća i bašta","Kućni ljubimci","Teraristika","2368","Terarijumi","Kuća i bašta -> Kućni ljubimci -> Teraristika -> Terarijumi"
"Kuća i bašta","Kućni ljubimci","Teraristika","2369","Oprema za terarijume","Kuća i bašta -> Kućni ljubimci -> Teraristika -> Oprema za terarijume"
"Kuća i bašta","Građa","Sanitarna keramika","2507","Bidei","Kuća i bašta -> Građa -> Sanitarna keramika -> Bidei"
"Kuća i bašta","Građa","Sanitarna keramika","2508","Tuš kabine i kade","Kuća i bašta -> Građa -> Sanitarna keramika -> Tuš kabine i kade"
"Kuća i bašta","Građa","Sanitarna keramika","2509","Lavaboi","Kuća i bašta -> Građa -> Sanitarna keramika -> Lavaboi"
"Kuća i bašta","Građa","Sanitarna keramika","2510","WC daske","Kuća i bašta -> Građa -> Sanitarna keramika -> WC daske"
"Kuća i bašta","Građa","Sanitarna keramika","2511","Vodokotlići","Kuća i bašta -> Građa -> Sanitarna keramika -> Vodokotlići"
"Kuća i bašta","Građa","Sanitarna keramika","2512","WC šolje i pisoari","Kuća i bašta -> Građa -> Sanitarna keramika -> WC šolje i pisoari"
"Kuća i bašta","Građa","Sanitarna keramika","2513","Pribor za sanitarnu keramiku","Kuća i bašta -> Građa -> Sanitarna keramika -> Pribor za sanitarnu keramiku"
"Kuća i bašta","Građa","Boje, lakovi i premazi","2514","Boje","Kuća i bašta -> Građa -> Boje, lakovi i premazi -> Boje"
"Kuća i bašta","Građa","Boje, lakovi i premazi","2515","Lakovi i ulja","Kuća i bašta -> Građa -> Boje, lakovi i premazi -> Lakovi i ulja"
"Kuća i bašta","Građa","Boje, lakovi i premazi","2516","Premazi / Zaštite","Kuća i bašta -> Građa -> Boje, lakovi i premazi -> Premazi / Zaštite"
"Kuća i bašta","Građa","Boje, lakovi i premazi","2517","Razređivači","Kuća i bašta -> Građa -> Boje, lakovi i premazi -> Razređivači"
"Kuća i bašta","Građa","Boje, lakovi i premazi","2518","Sprejevi","Kuća i bašta -> Građa -> Boje, lakovi i premazi -> Sprejevi"
"Kuća i bašta","Građa","Pribor za farbanje","2519","Četke","Kuća i bašta -> Građa -> Pribor za farbanje -> Četke"
"Kuća i bašta","Građa","Pribor za farbanje","2520","Lopatice","Kuća i bašta -> Građa -> Pribor za farbanje -> Lopatice"
"Kuća i bašta","Građa","Pribor za farbanje","2521","Trake","Kuća i bašta -> Građa -> Pribor za farbanje -> Trake"
"Kuća i bašta","Građa","Pribor za farbanje","2522","Cilindri","Kuća i bašta -> Građa -> Pribor za farbanje -> Cilindri"
"Kuća i bašta","Građa","Pribor za farbanje","2523","Ostali pribor za farbanje","Kuća i bašta -> Građa -> Pribor za farbanje -> Ostali pribor za farbanje"
"Kuća i bašta","Građa","Lepkovi, ispune i mase","2524","Mase za fugovanje","Kuća i bašta -> Građa -> Lepkovi, ispune i mase -> Mase za fugovanje"
"Kuća i bašta","Građa","Lepkovi, ispune i mase","2525","Mase za izravnavanje","Kuća i bašta -> Građa -> Lepkovi, ispune i mase -> Mase za izravnavanje"
"Kuća i bašta","Građa","Lepkovi, ispune i mase","2526","Lepkovi","Kuća i bašta -> Građa -> Lepkovi, ispune i mase -> Lepkovi"
"Kuća i bašta","Građa","Lepkovi, ispune i mase","2527","Lepljive trake","Kuća i bašta -> Građa -> Lepkovi, ispune i mase -> Lepljive trake"
"Kuća i bašta","Građa","Lepkovi, ispune i mase","2528","Poliuretanske pene","Kuća i bašta -> Građa -> Lepkovi, ispune i mase -> Poliuretanske pene"
"Kuća i bašta","Građa","Lepkovi, ispune i mase","2529","Silikoni","Kuća i bašta -> Građa -> Lepkovi, ispune i mase -> Silikoni"
"Kuća i bašta","Građa","Lepkovi, ispune i mase","2530","Dihtunzi","Kuća i bašta -> Građa -> Lepkovi, ispune i mase -> Dihtunzi"
"Kuća i bašta","Građa","Lepkovi, ispune i mase","2531","Pribor za lepkove","Kuća i bašta -> Građa -> Lepkovi, ispune i mase -> Pribor za lepkove"
"Kuća i bašta","Građa","Građevinski materijal","2532","Cement, malter i gips","Kuća i bašta -> Građa -> Građevinski materijal -> Cement, malter i gips"
"Kuća i bašta","Građa","Građevinski materijal","2533","Dimničarski elementi","Kuća i bašta -> Građa -> Građevinski materijal -> Dimničarski elementi"
"Kuća i bašta","Građa","Građevinski materijal","2534","Izolacije","Kuća i bašta -> Građa -> Građevinski materijal -> Izolacije"
"Kuća i bašta","Građa","Građevinski materijal","2535","Gipsane ploče","Kuća i bašta -> Građa -> Građevinski materijal -> Gipsane ploče"
"Kuća i bašta","Građa","Građevinski materijal","2536","OSB i ISB ploče","Kuća i bašta -> Građa -> Građevinski materijal -> OSB i ISB ploče"
"Kuća i bašta","Građa","Građevinski materijal","2537","Profili i dodaci","Kuća i bašta -> Građa -> Građevinski materijal -> Profili i dodaci"
"Kuća i bašta","Građa","Građevinski materijal","2538","Krovna građa","Kuća i bašta -> Građa -> Građevinski materijal -> Krovna građa"
"Kuća i bašta","Građa","Građevinski materijal","2539","Cigle","Kuća i bašta -> Građa -> Građevinski materijal -> Cigle"
"Kuća i bašta","Građa","Građevinski materijal","2540","Gvozdeni, drveni i blokovski elementi","Kuća i bašta -> Građa -> Građevinski materijal -> Gvozdeni, drveni i blokovski elementi"
"Kuća i bašta","Građa","Stolarija","2541","Garažna vrata","Kuća i bašta -> Građa -> Stolarija -> Garažna vrata"
"Kuća i bašta","Građa","Stolarija","2542","Nadstrešnice","Kuća i bašta -> Građa -> Stolarija -> Nadstrešnice"
"Kuća i bašta","Građa","Stolarija","2543","Sobna vrata","Kuća i bašta -> Građa -> Stolarija -> Sobna vrata"
"Kuća i bašta","Građa","Stolarija","2544","Prozori","Kuća i bašta -> Građa -> Stolarija -> Prozori"
"Kuća i bašta","Građa","Stolarija","2545","Stepenice","Kuća i bašta -> Građa -> Stolarija -> Stepenice"
"Kuća i bašta","Građa","Stolarija","2546","Krovni prozori","Kuća i bašta -> Građa -> Stolarija -> Krovni prozori"
"Kuća i bašta","Građa","Stolarija","2547","Ulazna vrata","Kuća i bašta -> Građa -> Stolarija -> Ulazna vrata"
"Kuća i bašta","Građa","Vodovod i odvodi","2548","Hidrofori / hidropaki","Kuća i bašta -> Građa -> Vodovod i odvodi -> Hidrofori / hidropaki"
"Kuća i bašta","Građa","Vodovod i odvodi","2549","Omekšavanje vode","Kuća i bašta -> Građa -> Vodovod i odvodi -> Omekšavanje vode"
"Kuća i bašta","Građa","Vodovod i odvodi","2550","Drenaža","Kuća i bašta -> Građa -> Vodovod i odvodi -> Drenaža"
"Kuća i bašta","Građa","Vodovod i odvodi","2551","Vodovodne cevi","Kuća i bašta -> Građa -> Vodovod i odvodi -> Vodovodne cevi"
"Kuća i bašta","Građa","Vodovod i odvodi","2552","Vodovodni pribor","Kuća i bašta -> Građa -> Vodovod i odvodi -> Vodovodni pribor"
"Kuća i bašta","Građa","Podne i zidne obloge","490","Keramičke pločice","Kuća i bašta -> Građa -> Podne i zidne obloge -> Keramičke pločice"
"Kuća i bašta","Građa","Podne i zidne obloge","2553","Laminatne obloge","Kuća i bašta -> Građa -> Podne i zidne obloge -> Laminatne obloge"
"Kuća i bašta","Građa","Podne i zidne obloge","2554","Parketi","Kuća i bašta -> Građa -> Podne i zidne obloge -> Parketi"
"Kuća i bašta","Građa","Podne i zidne obloge","2555","Podloge, letve i profili","Kuća i bašta -> Građa -> Podne i zidne obloge -> Podloge, letve i profili"
"Kuća i bašta","Građa","Podne i zidne obloge","2556","Tapete","Kuća i bašta -> Građa -> Podne i zidne obloge -> Tapete"
"Kuća i bašta","Građa","Podne i zidne obloge","2557","Vinil","Kuća i bašta -> Građa -> Podne i zidne obloge -> Vinil"
"Kuća i bašta","Građa","Podne i zidne obloge","2558","Spoljne podne obloge","Kuća i bašta -> Građa -> Podne i zidne obloge -> Spoljne podne obloge"
"Kuća i bašta","Građa","Podne i zidne obloge","2559","Ostale podne i zidne obloge","Kuća i bašta -> Građa -> Podne i zidne obloge -> Ostale podne i zidne obloge"
"Kuća i bašta","Građa","Elektro material","2560","Električni kablovi i provodnici","Kuća i bašta -> Građa -> Elektro material -> Električni kablovi i provodnici"
"Kuća i bašta","Građa","Elektro material","2561","Električni produžni kablovi i razdelnici","Kuća i bašta -> Građa -> Elektro material -> Električni produžni kablovi i razdelnici"
"Kuća i bašta","Građa","Elektro material","2562","Merni instrumenti","Kuća i bašta -> Građa -> Elektro material -> Merni instrumenti"
"Kuća i bašta","Građa","Elektro material","2563","Razvodne kutije i dozne","Kuća i bašta -> Građa -> Elektro material -> Razvodne kutije i dozne"
"Kuća i bašta","Građa","Elektro material","2564","Spojke i vezice","Kuća i bašta -> Građa -> Elektro material -> Spojke i vezice"
"Kuća i bašta","Građa","Elektro material","2565","Prekidači, tasteri i utičnice","Kuća i bašta -> Građa -> Elektro material -> Prekidači, tasteri i utičnice"
"Kuća i bašta","Građa","Elektro material","2566","Podno grejanje","Kuća i bašta -> Građa -> Elektro material -> Podno grejanje"
"Kuća i bašta","Građa","Elektro material","2567","Osigurači","Kuća i bašta -> Građa -> Elektro material -> Osigurači"
"Kuća i bašta","Građa","Elektro material","2568","Elektro oprema i pribor","Kuća i bašta -> Građa -> Elektro material -> Elektro oprema i pribor"
"Kuća i bašta","Građa","Elektrotehničke komponente","2569","Aktivne komponente","Kuća i bašta -> Građa -> Elektrotehničke komponente -> Aktivne komponente"
"Kuća i bašta","Građa","Elektrotehničke komponente","2570","Akumulatori i baterije","Kuća i bašta -> Građa -> Elektrotehničke komponente -> Akumulatori i baterije"
"Kuća i bašta","Građa","Elektrotehničke komponente","2571","Automatizacija","Kuća i bašta -> Građa -> Elektrotehničke komponente -> Automatizacija"
"Kuća i bašta","Građa","Elektrotehničke komponente","2572","Elektromehanika","Kuća i bašta -> Građa -> Elektrotehničke komponente -> Elektromehanika"
"Kuća i bašta","Građa","Elektrotehničke komponente","2573","Pravljenje zvučnika","Kuća i bašta -> Građa -> Elektrotehničke komponente -> Pravljenje zvučnika"
"Kuća i bašta","Građa","Elektrotehničke komponente","2574","Kablovi","Kuća i bašta -> Građa -> Elektrotehničke komponente -> Kablovi"
"Kuća i bašta","Građa","Elektrotehničke komponente","2575","Setovi za sklapanje i moduli","Kuća i bašta -> Građa -> Elektrotehničke komponente -> Setovi za sklapanje i moduli"
"Kuća i bašta","Građa","Elektrotehničke komponente","2576","Konektori","Kuća i bašta -> Građa -> Elektrotehničke komponente -> Konektori"
"Kuća i bašta","Građa","Elektrotehničke komponente","2577","Merni instrumenti i laboratorijska oprema","Kuća i bašta -> Građa -> Elektrotehničke komponente -> Merni instrumenti i laboratorijska oprema"
"Kuća i bašta","Građa","Elektrotehničke komponente","2578","Napajanja","Kuća i bašta -> Građa -> Elektrotehničke komponente -> Napajanja"
"Kuća i bašta","Građa","Elektrotehničke komponente","2579","Kućišta","Kuća i bašta -> Građa -> Elektrotehničke komponente -> Kućišta"
"Kuća i bašta","Građa","Elektrotehničke komponente","2580","Optoelektronika","Kuća i bašta -> Građa -> Elektrotehničke komponente -> Optoelektronika"
"Kuća i bašta","Građa","Elektrotehničke komponente","2581","Pasivne komponente","Kuća i bašta -> Građa -> Elektrotehničke komponente -> Pasivne komponente"
"Kuća i bašta","Građa","Elektrotehničke komponente","2582","Gume i fluidi","Kuća i bašta -> Građa -> Elektrotehničke komponente -> Gume i fluidi"
"Kuća i bašta","Građa","Elektrotehničke komponente","2583","Senzori","Kuća i bašta -> Građa -> Elektrotehničke komponente -> Senzori"
"Kuća i bašta","Građa","Elektrotehničke komponente","2584","Prekidači i dugmići","Kuća i bašta -> Građa -> Elektrotehničke komponente -> Prekidači i dugmići"
