"ImeL0","ImeL1","ImeL2","MotherIdL3","ImeL3","L0-L1-L2-L3"
"-","Avdio & Video","Televizorji","38","Plazma televizorji","- -> Avdio & Video -> Televizorji -> Plazma televizorji"
"-","Avdio & Video","Televizorji","122","Satelitska TV","- -> Avdio & Video -> Televizorji -> Satelitska TV"
"-","Avdio & Video","Televizorji","367","OLED televizorji","- -> Avdio & Video -> Televizorji -> OLED televizorji"
"-","Avdio & Video","Televizorji","1689","LCD / LED TV","- -> Avdio & Video -> Televizorji -> LCD / LED TV"
"-","Avdio & Video","Hišni kino","13","DVD predvajalniki","- -> Avdio & Video -> Hišni kino -> DVD predvajalniki"
"-","Avdio & Video","Hišni kino","14","DVD snemalniki","- -> Avdio & Video -> Hišni kino -> DVD snemalniki"
"-","Avdio & Video","Hišni kino","54","Zvočniki","- -> Avdio & Video -> Hišni kino -> Zvočniki"
"-","Avdio & Video","Hišni kino","96","Projektorji","- -> Avdio & Video -> Hišni kino -> Projektorji"
"-","Avdio & Video","Hišni kino","97","Dodatki za hišni kino","- -> Avdio & Video -> Hišni kino -> Dodatki za hišni kino"
"-","Avdio & Video","Hišni kino","123","Kompleti za hišni kino","- -> Avdio & Video -> Hišni kino -> Kompleti za hišni kino"
"-","Avdio & Video","Hišni kino","137","Projekcijska platna","- -> Avdio & Video -> Hišni kino -> Projekcijska platna"
"-","Avdio & Video","Hišni kino","365","Digitalni predvajalniki","- -> Avdio & Video -> Hišni kino -> Digitalni predvajalniki"
"-","Avdio & Video","Glasbeni predvajalniki","124","Glasbeni stolpi","- -> Avdio & Video -> Glasbeni predvajalniki -> Glasbeni stolpi"
"-","Avdio & Video","Glasbeni predvajalniki","125","Prenosni CD / radiokasetofoni","- -> Avdio & Video -> Glasbeni predvajalniki -> Prenosni CD / radiokasetofoni"
"-","Avdio & Video","Glasbeni predvajalniki","132","MP3 predvajalniki","- -> Avdio & Video -> Glasbeni predvajalniki -> MP3 predvajalniki"
"-","Avdio & Video","Glasbeni predvajalniki","135","Diktafoni","- -> Avdio & Video -> Glasbeni predvajalniki -> Diktafoni"
"-","Avdio & Video","Glasbeni predvajalniki","2959","Karaoke","- -> Avdio & Video -> Glasbeni predvajalniki -> Karaoke"
"-","Avdio & Video","Dodatna oprema za avdio in video","41","Za televizorje","- -> Avdio & Video -> Dodatna oprema za avdio in video -> Za televizorje"
"-","Avdio & Video","Dodatna oprema za avdio in video","55","Kabli in podaljški","- -> Avdio & Video -> Dodatna oprema za avdio in video -> Kabli in podaljški"
"-","Avdio & Video","Dodatna oprema za avdio in video","56","Konektorji in pretvorniki signala","- -> Avdio & Video -> Dodatna oprema za avdio in video -> Konektorji in pretvorniki signala"
"-","Avdio & Video","Dodatna oprema za avdio in video","131","Za MP3 predvajalnike","- -> Avdio & Video -> Dodatna oprema za avdio in video -> Za MP3 predvajalnike"
"-","Avdio & Video","Hi-Fi","128","Cd Predvajalniki","- -> Avdio & Video -> Hi-Fi -> Cd Predvajalniki"
"-","Avdio & Video","Hi-Fi","129","Gramofoni","- -> Avdio & Video -> Hi-Fi -> Gramofoni"
"-","Avdio & Video","Hi-Fi","130","Ojačevalci in receiverji","- -> Avdio & Video -> Hi-Fi -> Ojačevalci in receiverji"
"-","Avdio & Video","Hi-Fi","136","Slušalke","- -> Avdio & Video -> Hi-Fi -> Slušalke"
"-","Avdio & Video","Hi-Fi","171","Zvočniki","- -> Avdio & Video -> Hi-Fi -> Zvočniki"
"-","Avdio & Video","Glasbila","174","Kitare","- -> Avdio & Video -> Glasbila -> Kitare"
"-","Avdio & Video","Glasbila","175","Klaviature","- -> Avdio & Video -> Glasbila -> Klaviature"
"-","Avdio & Video","Glasbila","176","Bobni in tolkala","- -> Avdio & Video -> Glasbila -> Bobni in tolkala"
"-","Avdio & Video","Glasbila","177","Pihala","- -> Avdio & Video -> Glasbila -> Pihala"
"-","Avdio & Video","Glasbila","178","Trobila","- -> Avdio & Video -> Glasbila -> Trobila"
"-","Avdio & Video","Glasbila","179","Harmonike","- -> Avdio & Video -> Glasbila -> Harmonike"
"-","Avdio & Video","Glasbila","180","Druga glasbila","- -> Avdio & Video -> Glasbila -> Druga glasbila"
"-","Avdio & Video","Glasbila","515","Godala","- -> Avdio & Video -> Glasbila -> Godala"
"-","Avdio & Video","Glasbena oprema","181","Ojačevalci","- -> Avdio & Video -> Glasbena oprema -> Ojačevalci"
"-","Avdio & Video","Glasbena oprema","182","Ozvočenje & zvočniki","- -> Avdio & Video -> Glasbena oprema -> Ozvočenje & zvočniki"
"-","Avdio & Video","Glasbena oprema","184","Mikrofoni","- -> Avdio & Video -> Glasbena oprema -> Mikrofoni"
"-","Avdio & Video","Glasbena oprema","185","Kovčki in torbe","- -> Avdio & Video -> Glasbena oprema -> Kovčki in torbe"
"-","Avdio & Video","Glasbena oprema","186","Stojala","- -> Avdio & Video -> Glasbena oprema -> Stojala"
"-","Avdio & Video","Glasbena oprema","187","Efekti & pedali","- -> Avdio & Video -> Glasbena oprema -> Efekti & pedali"
"-","Avdio & Video","Glasbena oprema","188","Dodatna oprema in pribor","- -> Avdio & Video -> Glasbena oprema -> Dodatna oprema in pribor"
"-","Avdio & Video","Glasbena oprema","189","Potrošni material","- -> Avdio & Video -> Glasbena oprema -> Potrošni material"
"-","Avdio & Video","Glasbena oprema","516","Svetlobni efekti (light show)","- -> Avdio & Video -> Glasbena oprema -> Svetlobni efekti (light show)"
"-","Avdio & Video","Glasbena oprema","517","DJ oprema","- -> Avdio & Video -> Glasbena oprema -> DJ oprema"
"-","Avdio & Video","Glasbena oprema","518","Procesorji, efekti, konverterji,...","- -> Avdio & Video -> Glasbena oprema -> Procesorji, efekti, konverterji,..."
"-","Avdio & Video","Glasbena oprema","519","Studijska in snemalna oprema","- -> Avdio & Video -> Glasbena oprema -> Studijska in snemalna oprema"
"-","Avdio & Video","Glasbena oprema","529","Notna literatura","- -> Avdio & Video -> Glasbena oprema -> Notna literatura"
"-","Avdio & Video","Glasba in film","2955","CD plošče","- -> Avdio & Video -> Glasba in film -> CD plošče"
"-","Avdio & Video","Glasba in film","2956","LP plošče","- -> Avdio & Video -> Glasba in film -> LP plošče"
"-","Avdio & Video","Glasba in film","2957","DVD filmi","- -> Avdio & Video -> Glasba in film -> DVD filmi"
"-","Avdio & Video","Glasba in film","2958","Blu-ray filmi","- -> Avdio & Video -> Glasba in film -> Blu-ray filmi"
"-","Avto Oprema","Avtoakustika","1","Avtoradio","- -> Avto Oprema -> Avtoakustika -> Avtoradio"
"-","Avto Oprema","Avtoakustika","2","Avtoojačevalci","- -> Avto Oprema -> Avtoakustika -> Avtoojačevalci"
"-","Avto Oprema","Avtoakustika","3","Avtozvočniki","- -> Avto Oprema -> Avtoakustika -> Avtozvočniki"
"-","Avto Oprema","Avtoakustika","223","Globokotonci","- -> Avto Oprema -> Avtoakustika -> Globokotonci"
"-","Avto Oprema","Avtoakustika","225","Oprema za avtoakustiko","- -> Avto Oprema -> Avtoakustika -> Oprema za avtoakustiko"
"-","Avto Oprema","Platišča","198","ALU platišča do 15''","- -> Avto Oprema -> Platišča -> ALU platišča do 15""
"-","Avto Oprema","Platišča","199","ALU platišča 15''","- -> Avto Oprema -> Platišča -> ALU platišča 15""
"-","Avto Oprema","Platišča","200","ALU platišča 16''","- -> Avto Oprema -> Platišča -> ALU platišča 16""
"-","Avto Oprema","Platišča","201","ALU platišča 17''","- -> Avto Oprema -> Platišča -> ALU platišča 17""
"-","Avto Oprema","Platišča","202","ALU platišča 18''","- -> Avto Oprema -> Platišča -> ALU platišča 18""
"-","Avto Oprema","Platišča","203","ALU platišča nad 19''","- -> Avto Oprema -> Platišča -> ALU platišča nad 19""
"-","Avto Oprema","Platišča","204","Jeklena platišča","- -> Avto Oprema -> Platišča -> Jeklena platišča"
"-","Avto Oprema","Platišča","205","Plastični pokrovi","- -> Avto Oprema -> Platišča -> Plastični pokrovi"
"-","Avto Oprema","Platišča","271","ALU platišča 19''","- -> Avto Oprema -> Platišča -> ALU platišča 19""
"-","Avto Oprema","Avto oprema in GPS","145","GPS oprema","- -> Avto Oprema -> Avto oprema in GPS -> GPS oprema"
"-","Avto Oprema","Avto oprema in GPS","190","Prtljažniki & kovčki","- -> Avto Oprema -> Avto oprema in GPS -> Prtljažniki & kovčki"
"-","Avto Oprema","Avto oprema in GPS","192","Nasloni za roko","- -> Avto Oprema -> Avto oprema in GPS -> Nasloni za roko"
"-","Avto Oprema","Avto oprema in GPS","196","Brisalci","- -> Avto Oprema -> Avto oprema in GPS -> Brisalci"
"-","Avto Oprema","Avto oprema in GPS","197","Ostala avto oprema","- -> Avto Oprema -> Avto oprema in GPS -> Ostala avto oprema"
"-","Avto Oprema","Avto oprema in GPS","322","GPS enote (cestne)","- -> Avto Oprema -> Avto oprema in GPS -> GPS enote (cestne)"
"-","Avto Oprema","Avto oprema in GPS","455","Akumulatorji","- -> Avto Oprema -> Avto oprema in GPS -> Akumulatorji"
"-","Avto Oprema","Avtodomi, prikolice in oprema","476","Avtodomi in prikolice","- -> Avto Oprema -> Avtodomi, prikolice in oprema -> Avtodomi in prikolice"
"-","Avto Oprema","Avtodomi, prikolice in oprema","477","Notranja oprema","- -> Avto Oprema -> Avtodomi, prikolice in oprema -> Notranja oprema"
"-","Avto Oprema","Avtodomi, prikolice in oprema","478","Zunanja oprema","- -> Avto Oprema -> Avtodomi, prikolice in oprema -> Zunanja oprema"
"-","Avto Oprema","Avtodomi, prikolice in oprema","479","Varnost in zaščita","- -> Avto Oprema -> Avtodomi, prikolice in oprema -> Varnost in zaščita"
"-","Avto Oprema","Avtodomi, prikolice in oprema","480","Šotori, tende in oprema","- -> Avto Oprema -> Avtodomi, prikolice in oprema -> Šotori, tende in oprema"
"-","Avto Oprema","Avtodomi, prikolice in oprema","481","Okna in oprema","- -> Avto Oprema -> Avtodomi, prikolice in oprema -> Okna in oprema"
"-","Avto Oprema","Avtodomi, prikolice in oprema","482","Voda in sanitarije","- -> Avto Oprema -> Avtodomi, prikolice in oprema -> Voda in sanitarije"
"-","Avto Oprema","Avtodomi, prikolice in oprema","484","Hlajenje in ogrevanje","- -> Avto Oprema -> Avtodomi, prikolice in oprema -> Hlajenje in ogrevanje"
"-","Avto Oprema","Motorni deli in oprema","316","Motoristične čelade","- -> Avto Oprema -> Motorni deli in oprema -> Motoristične čelade"
"-","Avto Oprema","Motorni deli in oprema","512","Motoristična oprema","- -> Avto Oprema -> Motorni deli in oprema -> Motoristična oprema"
"-","Avto Oprema","Motorni deli in oprema","586","Tuning","- -> Avto Oprema -> Motorni deli in oprema -> Tuning"
"-","Avto Oprema","Motorni deli in oprema","587","Styling","- -> Avto Oprema -> Motorni deli in oprema -> Styling"
"-","Avto Oprema","Motorni deli in oprema","588","Vzmetenje in zavore","- -> Avto Oprema -> Motorni deli in oprema -> Vzmetenje in zavore"
"-","Avto Oprema","Motorni deli in oprema","589","Nadomestni deli in vzdrževanje","- -> Avto Oprema -> Motorni deli in oprema -> Nadomestni deli in vzdrževanje"
"-","Avto Oprema","Motorni deli in oprema","656","Moto platišča","- -> Avto Oprema -> Motorni deli in oprema -> Moto platišča"
"-","Avto Oprema","Avto deli","195","Avtomobilske luči","- -> Avto Oprema -> Avto deli -> Avtomobilske luči"
"-","Avto Oprema","Avto deli","601","Avto klime","- -> Avto Oprema -> Avto deli -> Avto klime"
"-","Avto Oprema","Avto deli","602","Avtostekla","- -> Avto Oprema -> Avto deli -> Avtostekla"
"-","Avto Oprema","Avto deli","603","Hladilni sistemi","- -> Avto Oprema -> Avto deli -> Hladilni sistemi"
"-","Avto Oprema","Avto deli","604","Izpušni sistemi","- -> Avto Oprema -> Avto deli -> Izpušni sistemi"
"-","Avto Oprema","Avto deli","605","Karoserijski deli","- -> Avto Oprema -> Avto deli -> Karoserijski deli"
"-","Avto Oprema","Avto deli","606","Ogledala","- -> Avto Oprema -> Avto deli -> Ogledala"
"-","Avto Oprema","Avto deli","607","Podvozje","- -> Avto Oprema -> Avto deli -> Podvozje"
"-","Avto Oprema","Avto deli","608","Sklopke","- -> Avto Oprema -> Avto deli -> Sklopke"
"-","Avto Oprema","Pnevmatike","657","Letne pnevmatike","- -> Avto Oprema -> Pnevmatike -> Letne pnevmatike"
"-","Avto Oprema","Pnevmatike","658","Zimske pnevmatike","- -> Avto Oprema -> Pnevmatike -> Zimske pnevmatike"
"-","Avto Oprema","Pnevmatike","659","Celoletne pnevmatike","- -> Avto Oprema -> Pnevmatike -> Celoletne pnevmatike"
"-","Avto Oprema","Pnevmatike","660","Moto pnevmatike","- -> Avto Oprema -> Pnevmatike -> Moto pnevmatike"
"-","Avto Oprema","Pnevmatike","2951","Traktorske, gradbene in tovorne pnevmatike","- -> Avto Oprema -> Pnevmatike -> Traktorske, gradbene in tovorne pnevmatike"
"-","Avto Oprema","Nova vozila","507","Motocikli","- -> Avto Oprema -> Nova vozila -> Motocikli"
"-","Avto Oprema","Nova vozila","508","Skuterji","- -> Avto Oprema -> Nova vozila -> Skuterji"
"-","Avto Oprema","Nova vozila","1667","Avtomobili","- -> Avto Oprema -> Nova vozila -> Avtomobili"
"-","Erotika","Erotični pripomočki","401","Erekcijski obročki in nastavki","- -> Erotika -> Erotični pripomočki -> Erekcijski obročki in nastavki"
"-","Erotika","Erotični pripomočki","402","Masturbatorji","- -> Erotika -> Erotični pripomočki -> Masturbatorji"
"-","Erotika","Erotični pripomočki","403","Vaginalne (vibracijske) kroglice","- -> Erotika -> Erotični pripomočki -> Vaginalne (vibracijske) kroglice"
"-","Erotika","Erotični pripomočki","404","Vibratorji","- -> Erotika -> Erotični pripomočki -> Vibratorji"
"-","Erotika","Erotični pripomočki","405","Umetni penisi (dildoti)","- -> Erotika -> Erotični pripomočki -> Umetni penisi (dildoti)"
"-","Erotika","Erotični pripomočki","406","Sex lutke","- -> Erotika -> Erotični pripomočki -> Sex lutke"
"-","Erotika","Erotični pripomočki","407","Erekcijske črpalke","- -> Erotika -> Erotični pripomočki -> Erekcijske črpalke"
"-","Erotika","Erotični pripomočki","408","Analni pripomočki","- -> Erotika -> Erotični pripomočki -> Analni pripomočki"
"-","Erotika","Erotični pripomočki","409","Erotični kompleti pripomočkov","- -> Erotika -> Erotični pripomočki -> Erotični kompleti pripomočkov"
"-","Erotika","Erotični pripomočki","410","Povečanje penisa","- -> Erotika -> Erotični pripomočki -> Povečanje penisa"
"-","Erotika","Erotični pripomočki","411","Ostali erotični pripomočki in dodatki","- -> Erotika -> Erotični pripomočki -> Ostali erotični pripomočki in dodatki"
"-","Erotika","Erotični pripomočki","424","Fetiš (S&M) erotični pripomočki","- -> Erotika -> Erotični pripomočki -> Fetiš (S&M) erotični pripomočki"
"-","Erotika","Erotična drogerija in kozmetika","412","Erotični stimulatorji","- -> Erotika -> Erotična drogerija in kozmetika -> Erotični stimulatorji"
"-","Erotika","Erotična drogerija in kozmetika","413","Lubrikanti","- -> Erotika -> Erotična drogerija in kozmetika -> Lubrikanti"
"-","Erotika","Erotična drogerija in kozmetika","414","Masažna olja","- -> Erotika -> Erotična drogerija in kozmetika -> Masažna olja"
"-","Erotika","Erotična drogerija in kozmetika","415","Nakit, piercing, tattoo, body paint","- -> Erotika -> Erotična drogerija in kozmetika -> Nakit, piercing, tattoo, body paint"
"-","Erotika","Erotična drogerija in kozmetika","416","Dišave, parfumi, nega telesa","- -> Erotika -> Erotična drogerija in kozmetika -> Dišave, parfumi, nega telesa"
"-","Erotika","Erotična drogerija in kozmetika","417","Kondomi","- -> Erotika -> Erotična drogerija in kozmetika -> Kondomi"
"-","Erotika","Erotična oblačila in perilo","418","Erotične obleke, kostumi in maske","- -> Erotika -> Erotična oblačila in perilo -> Erotične obleke, kostumi in maske"
"-","Erotika","Erotična oblačila in perilo","419","Erotično spodnje perilo za ženske","- -> Erotika -> Erotična oblačila in perilo -> Erotično spodnje perilo za ženske"
"-","Erotika","Erotična oblačila in perilo","420","Erotično perilo za moške","- -> Erotika -> Erotična oblačila in perilo -> Erotično perilo za moške"
"-","Erotika","Erotična oblačila in perilo","421","Nogavice, podvezice, dodatki","- -> Erotika -> Erotična oblačila in perilo -> Nogavice, podvezice, dodatki"
"-","Erotika","Erotična oblačila in perilo","422","Korzeti, body-ji, topi, kombineže","- -> Erotika -> Erotična oblačila in perilo -> Korzeti, body-ji, topi, kombineže"
"-","Erotika","Erotična oblačila in perilo","423","Čevlji in škornji","- -> Erotika -> Erotična oblačila in perilo -> Čevlji in škornji"
"-","Erotika","Erotična oblačila in perilo","425","Usnjena in lateks oblačila","- -> Erotika -> Erotična oblačila in perilo -> Usnjena in lateks oblačila"
"-","Erotika","Erotični filmi in revije","439","Erotične revije in knjige","- -> Erotika -> Erotični filmi in revije -> Erotične revije in knjige"
"-","Erotika","Erotični filmi in revije","1675","Erotični filmi","- -> Erotika -> Erotični filmi in revije -> Erotični filmi"
"-","Erotika","Erotične igre in darila","440","Erotična darila","- -> Erotika -> Erotične igre in darila -> Erotična darila"
"-","Erotika","Erotične igre in darila","1676","Erotične igre","- -> Erotika -> Erotične igre in darila -> Erotične igre"
"-","Foto","Digitalni fotoaparati","273","D-SLR fotoaparati","- -> Foto -> Digitalni fotoaparati -> D-SLR fotoaparati"
"-","Foto","Digitalni fotoaparati","600","Kompaktni digitalni fotoaparati","- -> Foto -> Digitalni fotoaparati -> Kompaktni digitalni fotoaparati"
"-","Foto","Spominske kartice in čitalci","31","Compact Flash (CF)","- -> Foto -> Spominske kartice in čitalci -> Compact Flash (CF)"
"-","Foto","Spominske kartice in čitalci","33","Memory Stick (MS)","- -> Foto -> Spominske kartice in čitalci -> Memory Stick (MS)"
"-","Foto","Spominske kartice in čitalci","34","Secure Digital (SD)","- -> Foto -> Spominske kartice in čitalci -> Secure Digital (SD)"
"-","Foto","Spominske kartice in čitalci","35","Ostale kartice","- -> Foto -> Spominske kartice in čitalci -> Ostale kartice"
"-","Foto","Spominske kartice in čitalci","62","Čitalci kartic","- -> Foto -> Spominske kartice in čitalci -> Čitalci kartic"
"-","Foto","Foto oprema","6","Stativi","- -> Foto -> Foto oprema -> Stativi"
"-","Foto","Foto oprema","7","Objektivi","- -> Foto -> Foto oprema -> Objektivi"
"-","Foto","Foto oprema","8","Bliskavice","- -> Foto -> Foto oprema -> Bliskavice"
"-","Foto","Foto oprema","10","Baterije za fotoaparate","- -> Foto -> Foto oprema -> Baterije za fotoaparate"
"-","Foto","Foto oprema","12","Ostala foto oprema","- -> Foto -> Foto oprema -> Ostala foto oprema"
"-","Foto","Foto oprema","63","Filtri in konverterji","- -> Foto -> Foto oprema -> Filtri in konverterji"
"-","Foto","Foto oprema","99","Foto papir","- -> Foto -> Foto oprema -> Foto papir"
"-","Foto","Foto oprema","100","Daljnogledi","- -> Foto -> Foto oprema -> Daljnogledi"
"-","Foto","Foto oprema","317","Torbice","- -> Foto -> Foto oprema -> Torbice"
"-","Foto","Foto oprema","366","Digitalni foto okvirji","- -> Foto -> Foto oprema -> Digitalni foto okvirji"
"-","Foto","Video kamere","50","Kamere s pomnilnikom / spominsko kartico","- -> Foto -> Video kamere -> Kamere s pomnilnikom / spominsko kartico"
"-","Foto","Video kamere","60","Baterije za video kamere","- -> Foto -> Video kamere -> Baterije za video kamere"
"-","Foto","Video kamere","666","Ostale kamere","- -> Foto -> Video kamere -> Ostale kamere"
"-","Foto","Video kamere","667","Dodatki za video kamere","- -> Foto -> Video kamere -> Dodatki za video kamere"
"-","Foto","Video kamere","1668","Športne kamere","- -> Foto -> Video kamere -> Športne kamere"
"-","Lepota in zdravje","Aparati za osebno nego","64","Brivniki","- -> Lepota in zdravje -> Aparati za osebno nego -> Brivniki"
"-","Lepota in zdravje","Aparati za osebno nego","66","Zobne ščetke","- -> Lepota in zdravje -> Aparati za osebno nego -> Zobne ščetke"
"-","Lepota in zdravje","Aparati za osebno nego","69","Ostalo za osebno nego","- -> Lepota in zdravje -> Aparati za osebno nego -> Ostalo za osebno nego"
"-","Lepota in zdravje","Aparati za osebno nego","139","Aparati za striženje las","- -> Lepota in zdravje -> Aparati za osebno nego -> Aparati za striženje las"
"-","Lepota in zdravje","Aparati za osebno nego","140","Depilatorji","- -> Lepota in zdravje -> Aparati za osebno nego -> Depilatorji"
"-","Lepota in zdravje","Aparati za osebno nego","141","Sušilci las","- -> Lepota in zdravje -> Aparati za osebno nego -> Sušilci las"
"-","Lepota in zdravje","Aparati za osebno nego","173","Oblikovalci las","- -> Lepota in zdravje -> Aparati za osebno nego -> Oblikovalci las"
"-","Lepota in zdravje","Kozmetika in higiena","456","Lasulje in lasni vložki","- -> Lepota in zdravje -> Kozmetika in higiena -> Lasulje in lasni vložki"
"-","Lepota in zdravje","Kozmetika in higiena","465","Nega obraza","- -> Lepota in zdravje -> Kozmetika in higiena -> Nega obraza"
"-","Lepota in zdravje","Kozmetika in higiena","466","Nega telesa","- -> Lepota in zdravje -> Kozmetika in higiena -> Nega telesa"
"-","Lepota in zdravje","Kozmetika in higiena","467","Nega las","- -> Lepota in zdravje -> Kozmetika in higiena -> Nega las"
"-","Lepota in zdravje","Kozmetika in higiena","527","Ostala nega in higiena","- -> Lepota in zdravje -> Kozmetika in higiena -> Ostala nega in higiena"
"-","Lepota in zdravje","Aparati za zdravje","65","Tehtnice","- -> Lepota in zdravje -> Aparati za zdravje -> Tehtnice"
"-","Lepota in zdravje","Aparati za zdravje","67","Masažni aparati","- -> Lepota in zdravje -> Aparati za zdravje -> Masažni aparati"
"-","Lepota in zdravje","Aparati za zdravje","313","Merilci krvnega tlaka","- -> Lepota in zdravje -> Aparati za zdravje -> Merilci krvnega tlaka"
"-","Lepota in zdravje","Aparati za zdravje","489","Ostalo za zdravje","- -> Lepota in zdravje -> Aparati za zdravje -> Ostalo za zdravje"
"-","Lepota in zdravje","Aparati za zdravje","528","Eko izdelki","- -> Lepota in zdravje -> Aparati za zdravje -> Eko izdelki"
"-","Lepota in zdravje","Aparati za zdravje","611","Inhalatorji","- -> Lepota in zdravje -> Aparati za zdravje -> Inhalatorji"
"-","Lepota in zdravje","Aparati za zdravje","1669","Termometri","- -> Lepota in zdravje -> Aparati za zdravje -> Termometri"
"-","Lepota in zdravje","Hrana in pijača","463","Hrana iz konoplje","- -> Lepota in zdravje -> Hrana in pijača -> Hrana iz konoplje"
"-","Lepota in zdravje","Hrana in pijača","509","Osnovna živila","- -> Lepota in zdravje -> Hrana in pijača -> Osnovna živila"
"-","Lepota in zdravje","Hrana in pijača","511","Sladki program","- -> Lepota in zdravje -> Hrana in pijača -> Sladki program"
"-","Lepota in zdravje","Optika","534","Kontaktne leče","- -> Lepota in zdravje -> Optika -> Kontaktne leče"
"-","Lepota in zdravje","Optika","1674","Korekcijska očala","- -> Lepota in zdravje -> Optika -> Korekcijska očala"
"-","Lepota in zdravje","Lekarna","536","Zdravila, zdravljenje","- -> Lepota in zdravje -> Lekarna -> Zdravila, zdravljenje"
"-","Lepota in zdravje","Lekarna","537","Poškodbe in oskrba","- -> Lepota in zdravje -> Lekarna -> Poškodbe in oskrba"
"-","Lepota in zdravje","Parfumerija","1677","Parfumi","- -> Lepota in zdravje -> Parfumerija -> Parfumi"
"-","Lepota in zdravje","Parfumerija","1678","Deodoranti","- -> Lepota in zdravje -> Parfumerija -> Deodoranti"
"-","Lepota in zdravje","Parfumerija","1679","Toaletne vode","- -> Lepota in zdravje -> Parfumerija -> Toaletne vode"
"-","Lepota in zdravje","Parfumerija","1680","Ostale dišave","- -> Lepota in zdravje -> Parfumerija -> Ostale dišave"
"-","Lepota in zdravje","Ličila","1681","Maskare","- -> Lepota in zdravje -> Ličila -> Maskare"
"-","Lepota in zdravje","Ličila","1682","Laki za nohte","- -> Lepota in zdravje -> Ličila -> Laki za nohte"
"-","Lepota in zdravje","Ličila","1683","Senčila / rdečila","- -> Lepota in zdravje -> Ličila -> Senčila / rdečila"
"-","Lepota in zdravje","Ličila","1684","Pudri","- -> Lepota in zdravje -> Ličila -> Pudri"
"-","Lepota in zdravje","Ličila","1685","Linerji / eyelinerji","- -> Lepota in zdravje -> Ličila -> Linerji / eyelinerji"
"-","Lepota in zdravje","Ličila","1686","Šminke","- -> Lepota in zdravje -> Ličila -> Šminke"
"-","Lepota in zdravje","Ličila","1687","Lip glossi","- -> Lepota in zdravje -> Ličila -> Lip glossi"
"-","Lepota in zdravje","Ličila","1688","Pripomočki za ličenje","- -> Lepota in zdravje -> Ličila -> Pripomočki za ličenje"
"-","Lepota in zdravje","Prehranska dopolnila","2152","Dopolnila za energijo","- -> Lepota in zdravje -> Prehranska dopolnila -> Dopolnila za energijo"
"-","Lepota in zdravje","Prehranska dopolnila","2153","Dopolnila za hujšanje","- -> Lepota in zdravje -> Prehranska dopolnila -> Dopolnila za hujšanje"
"-","Lepota in zdravje","Prehranska dopolnila","2154","Dopolnila za lepoto","- -> Lepota in zdravje -> Prehranska dopolnila -> Dopolnila za lepoto"
"-","Lepota in zdravje","Prehranska dopolnila","2155","Dopolnila za zdravje / imunost","- -> Lepota in zdravje -> Prehranska dopolnila -> Dopolnila za zdravje / imunost"
"-","Lepota in zdravje","Prehranska dopolnila","2156","Vitamini in minerali","- -> Lepota in zdravje -> Prehranska dopolnila -> Vitamini in minerali"
"-","Lepota in zdravje","Prehranska dopolnila","2157","Superživila","- -> Lepota in zdravje -> Prehranska dopolnila -> Superživila"
"-","Pisarna in šola","Obrazci in dokumenti","497","Delo in zaposlovanje","- -> Pisarna in šola -> Obrazci in dokumenti -> Delo in zaposlovanje"
"-","Pisarna in šola","Obrazci in dokumenti","498","Dopisi","- -> Pisarna in šola -> Obrazci in dokumenti -> Dopisi"
"-","Pisarna in šola","Obrazci in dokumenti","499","Ostali dokumenti","- -> Pisarna in šola -> Obrazci in dokumenti -> Ostali dokumenti"
"-","Pisarna in šola","Obrazci in dokumenti","500","Gospodarstvo","- -> Pisarna in šola -> Obrazci in dokumenti -> Gospodarstvo"
"-","Pisarna in šola","Obrazci in dokumenti","501","Družina in dedovanje","- -> Pisarna in šola -> Obrazci in dokumenti -> Družina in dedovanje"
"-","Pisarna in šola","Obrazci in dokumenti","502","Izvršbe","- -> Pisarna in šola -> Obrazci in dokumenti -> Izvršbe"
"-","Pisarna in šola","Obrazci in dokumenti","503","Varstvo osebnih podatkov","- -> Pisarna in šola -> Obrazci in dokumenti -> Varstvo osebnih podatkov"
"-","Pisarna in šola","Obrazci in dokumenti","504","Nepremičnine","- -> Pisarna in šola -> Obrazci in dokumenti -> Nepremičnine"
"-","Pisarna in šola","Obrazci in dokumenti","506","Pogodbe","- -> Pisarna in šola -> Obrazci in dokumenti -> Pogodbe"
"-","Pisarna in šola","Obrazci in dokumenti","652","Stečaj in prisilna poravnava","- -> Pisarna in šola -> Obrazci in dokumenti -> Stečaj in prisilna poravnava"
"-","Pisarna in šola","Obrazci in dokumenti","653","Ločitveni postopki","- -> Pisarna in šola -> Obrazci in dokumenti -> Ločitveni postopki"
"-","Pisarna in šola","Šolske potrebščine","612","Peresnice","- -> Pisarna in šola -> Šolske potrebščine -> Peresnice"
"-","Pisarna in šola","Šolske potrebščine","613","Zvezki","- -> Pisarna in šola -> Šolske potrebščine -> Zvezki"
"-","Pisarna in šola","Šolske potrebščine","614","Šolske torbe in nahrbtniki","- -> Pisarna in šola -> Šolske potrebščine -> Šolske torbe in nahrbtniki"
"-","Pisarna in šola","Šolske potrebščine","615","Likovni program","- -> Pisarna in šola -> Šolske potrebščine -> Likovni program"
"-","Pisarna in šola","Šolske potrebščine","616","Šolski kalkulatorji","- -> Pisarna in šola -> Šolske potrebščine -> Šolski kalkulatorji"
"-","Pisarna in šola","Šolske potrebščine","617","Druge potrebščine","- -> Pisarna in šola -> Šolske potrebščine -> Druge potrebščine"
"-","Pisarna in šola","Papir in papirna galanterija","618","Papir","- -> Pisarna in šola -> Papir in papirna galanterija -> Papir"
"-","Pisarna in šola","Papir in papirna galanterija","619","Kuverte","- -> Pisarna in šola -> Papir in papirna galanterija -> Kuverte"
"-","Pisarna in šola","Papir in papirna galanterija","620","Samolepilni lističi","- -> Pisarna in šola -> Papir in papirna galanterija -> Samolepilni lističi"
"-","Pisarna in šola","Papir in papirna galanterija","621","Nalepke in etikete","- -> Pisarna in šola -> Papir in papirna galanterija -> Nalepke in etikete"
"-","Pisarna in šola","Arhiviranje","622","Mape","- -> Pisarna in šola -> Arhiviranje -> Mape"
"-","Pisarna in šola","Arhiviranje","623","Registratorji","- -> Pisarna in šola -> Arhiviranje -> Registratorji"
"-","Pisarna in šola","Arhiviranje","624","Predalniki, odlagalniki, škatle","- -> Pisarna in šola -> Arhiviranje -> Predalniki, odlagalniki, škatle"
"-","Pisarna in šola","Pisarniški aparati","319","Fotokopirni stroji","- -> Pisarna in šola -> Pisarniški aparati -> Fotokopirni stroji"
"-","Pisarna in šola","Pisarniški aparati","584","Kalkulatorji","- -> Pisarna in šola -> Pisarniški aparati -> Kalkulatorji"
"-","Pisarna in šola","Pisarniški aparati","625","Aparati za špiralno vezavo","- -> Pisarna in šola -> Pisarniški aparati -> Aparati za špiralno vezavo"
"-","Pisarna in šola","Pisarniški aparati","626","Aparati za toplotno vezavo","- -> Pisarna in šola -> Pisarniški aparati -> Aparati za toplotno vezavo"
"-","Pisarna in šola","Pisarniški aparati","627","Plastifikatorji","- -> Pisarna in šola -> Pisarniški aparati -> Plastifikatorji"
"-","Pisarna in šola","Pisarniški aparati","628","Uničevalci dokumentov","- -> Pisarna in šola -> Pisarniški aparati -> Uničevalci dokumentov"
"-","Pisarna in šola","Pisarniški aparati","629","Rezalniki, giljotine","- -> Pisarna in šola -> Pisarniški aparati -> Rezalniki, giljotine"
"-","Pisarna in šola","Pisarniški aparati","630","POS oprema","- -> Pisarna in šola -> Pisarniški aparati -> POS oprema"
"-","Pisarna in šola","Pisarniški aparati","631","Tiskalniki nalepk","- -> Pisarna in šola -> Pisarniški aparati -> Tiskalniki nalepk"
"-","Pisarna in šola","Pisala","632","Kemični svinčniki","- -> Pisarna in šola -> Pisala -> Kemični svinčniki"
"-","Pisarna in šola","Pisala","633","Pisala z gelom, rolerji","- -> Pisarna in šola -> Pisala -> Pisala z gelom, rolerji"
"-","Pisarna in šola","Pisala","634","Tehnični in grafitni svinčniki","- -> Pisarna in šola -> Pisala -> Tehnični in grafitni svinčniki"
"-","Pisarna in šola","Pisala","635","Markerji, flomastri","- -> Pisarna in šola -> Pisala -> Markerji, flomastri"
"-","Pisarna in šola","Pisala","636","Nalivna peresa","- -> Pisarna in šola -> Pisala -> Nalivna peresa"
"-","Pisarna in šola","Pisarniški pripomočki","637","Spenjači","- -> Pisarna in šola -> Pisarniški pripomočki -> Spenjači"
"-","Pisarna in šola","Pisarniški pripomočki","638","Luknjači","- -> Pisarna in šola -> Pisarniški pripomočki -> Luknjači"
"-","Pisarna in šola","Pisarniški pripomočki","639","Škarje, noži","- -> Pisarna in šola -> Pisarniški pripomočki -> Škarje, noži"
"-","Pisarna in šola","Pisarniški pripomočki","640","Lepila, trakovi in selotejpi","- -> Pisarna in šola -> Pisarniški pripomočki -> Lepila, trakovi in selotejpi"
"-","Pisarna in šola","Pisarniški pripomočki","641","Sponke in risalni žebljički","- -> Pisarna in šola -> Pisarniški pripomočki -> Sponke in risalni žebljički"
"-","Pisarna in šola","Pisarniški pripomočki","642","Šilčki in ravnila","- -> Pisarna in šola -> Pisarniški pripomočki -> Šilčki in ravnila"
"-","Pisarna in šola","Pisarniški pripomočki","643","Štampiljke in blazinice","- -> Pisarna in šola -> Pisarniški pripomočki -> Štampiljke in blazinice"
"-","Pisarna in šola","Pisarniški pripomočki","644","Table","- -> Pisarna in šola -> Pisarniški pripomočki -> Table"
"-","Pisarna in šola","Pisarniški pripomočki","649","Ostali pripomočki","- -> Pisarna in šola -> Pisarniški pripomočki -> Ostali pripomočki"
"-","Pisarna in šola","Pisarniško pohištvo","645","Pisarniški stoli","- -> Pisarna in šola -> Pisarniško pohištvo -> Pisarniški stoli"
"-","Pisarna in šola","Pisarniško pohištvo","646","Pisarniške mize","- -> Pisarna in šola -> Pisarniško pohištvo -> Pisarniške mize"
"-","Pisarna in šola","Pisarniško pohištvo","647","Omare in predalniki","- -> Pisarna in šola -> Pisarniško pohištvo -> Omare in predalniki"
"-","Pisarna in šola","Pisarniško pohištvo","650","Pisarniški pohištveni dodatki","- -> Pisarna in šola -> Pisarniško pohištvo -> Pisarniški pohištveni dodatki"
"-","Pisarna in šola","Knjige in literatura","661","Knjige","- -> Pisarna in šola -> Knjige in literatura -> Knjige"
"-","Računalništvo","Računalniki","111","Kompleti","- -> Računalništvo -> Računalniki -> Kompleti"
"-","Računalništvo","Računalniki","112","Samo računalnik","- -> Računalništvo -> Računalniki -> Samo računalnik"
"-","Računalništvo","Računalniki","368","All-In-One PC","- -> Računalništvo -> Računalniki -> All-In-One PC"
"-","Računalništvo","Prenosniki","30","Dodatki za prenosnike","- -> Računalništvo -> Prenosniki -> Dodatki za prenosnike"
"-","Računalništvo","Prenosniki","1696","Prenosniki","- -> Računalništvo -> Prenosniki -> Prenosniki"
"-","Računalništvo","Tiskalniki, skenerji","42","INK-JET tiskalniki","- -> Računalništvo -> Tiskalniki, skenerji -> INK-JET tiskalniki"
"-","Računalništvo","Tiskalniki, skenerji","43","Laserski tiskalniki","- -> Računalništvo -> Tiskalniki, skenerji -> Laserski tiskalniki"
"-","Računalništvo","Tiskalniki, skenerji","44","Iglični tiskalniki","- -> Računalništvo -> Tiskalniki, skenerji -> Iglični tiskalniki"
"-","Računalništvo","Tiskalniki, skenerji","45","Vse v enem (multifunkcijski)","- -> Računalništvo -> Tiskalniki, skenerji -> Vse v enem (multifunkcijski)"
"-","Računalništvo","Tiskalniki, skenerji","46","Foto tiskalniki","- -> Računalništvo -> Tiskalniki, skenerji -> Foto tiskalniki"
"-","Računalništvo","Tiskalniki, skenerji","47","Skenerji","- -> Računalništvo -> Tiskalniki, skenerji -> Skenerji"
"-","Računalništvo","Tiskalniki, skenerji","49","Dodatki","- -> Računalništvo -> Tiskalniki, skenerji -> Dodatki"
"-","Računalništvo","Tiskalniki, skenerji","3041","3D tiskalniki","- -> Računalništvo -> Tiskalniki, skenerji -> 3D tiskalniki"
"-","Računalništvo","Računalniške komponente","16","Procesorji","- -> Računalništvo -> Računalniške komponente -> Procesorji"
"-","Računalništvo","Računalniške komponente","17","Delovni spomin - RAM","- -> Računalništvo -> Računalniške komponente -> Delovni spomin - RAM"
"-","Računalništvo","Računalniške komponente","19","Grafične kartice","- -> Računalništvo -> Računalniške komponente -> Grafične kartice"
"-","Računalništvo","Računalniške komponente","20","Optične enote","- -> Računalništvo -> Računalniške komponente -> Optične enote"
"-","Računalništvo","Računalniške komponente","22","TV / DV kartice","- -> Računalništvo -> Računalniške komponente -> TV / DV kartice"
"-","Računalništvo","Računalniške komponente","23","Ostale komponente","- -> Računalništvo -> Računalniške komponente -> Ostale komponente"
"-","Računalništvo","Računalniške komponente","58","Trdi diski","- -> Računalništvo -> Računalniške komponente -> Trdi diski"
"-","Računalništvo","Računalniške komponente","115","Ohišja","- -> Računalništvo -> Računalniške komponente -> Ohišja"
"-","Računalništvo","Računalniške komponente","116","Osnovne Plošče","- -> Računalništvo -> Računalniške komponente -> Osnovne Plošče"
"-","Računalništvo","Računalniške komponente","121","Zvočne kartice","- -> Računalništvo -> Računalniške komponente -> Zvočne kartice"
"-","Računalništvo","Računalniške komponente","609","SSD diski","- -> Računalništvo -> Računalniške komponente -> SSD diski"
"-","Računalništvo","Računalniške komponente","2952","Napajalniki","- -> Računalništvo -> Računalniške komponente -> Napajalniki"
"-","Računalništvo","Računalniška oprema","18","USB ključi","- -> Računalništvo -> Računalniška oprema -> USB ključi"
"-","Računalništvo","Računalniška oprema","24","Igre","- -> Računalništvo -> Računalniška oprema -> Igre"
"-","Računalništvo","Računalniška oprema","25","Igralni Pripomočki","- -> Računalništvo -> Računalniška oprema -> Igralni Pripomočki"
"-","Računalništvo","Računalniška oprema","26","Snemalni mediji (CD, DVD)","- -> Računalništvo -> Računalniška oprema -> Snemalni mediji (CD, DVD)"
"-","Računalništvo","Računalniška oprema","27","Programska oprema","- -> Računalništvo -> Računalniška oprema -> Programska oprema"
"-","Računalništvo","Računalniška oprema","28","Igralne konzole","- -> Računalništvo -> Računalniška oprema -> Igralne konzole"
"-","Računalništvo","Računalniška oprema","29","Serverji","- -> Računalništvo -> Računalniška oprema -> Serverji"
"-","Računalništvo","Računalniška oprema","98","Dodatki za igralne konzole","- -> Računalništvo -> Računalniška oprema -> Dodatki za igralne konzole"
"-","Računalništvo","Računalniška oprema","114","Miške","- -> Računalništvo -> Računalniška oprema -> Miške"
"-","Računalništvo","Računalniška oprema","119","Tipkovnice","- -> Računalništvo -> Računalniška oprema -> Tipkovnice"
"-","Računalništvo","Računalniška oprema","120","Tipkovnice + Miške","- -> Računalništvo -> Računalniška oprema -> Tipkovnice + Miške"
"-","Računalništvo","Računalniška oprema","318","UPS - brezprekinitveno napajanje","- -> Računalništvo -> Računalniška oprema -> UPS - brezprekinitveno napajanje"
"-","Računalništvo","Računalniška oprema","581","CDkey-i za igre","- -> Računalništvo -> Računalniška oprema -> CDkey-i za igre"
"-","Računalništvo","Računalniška oprema","610","Zunanji diski","- -> Računalništvo -> Računalniška oprema -> Zunanji diski"
"-","Računalništvo","Računalniška oprema","665","NAS naprave","- -> Računalništvo -> Računalniška oprema -> NAS naprave"
"-","Računalništvo","Računalniška oprema","2631","VR očala","- -> Računalništvo -> Računalniška oprema -> VR očala"
"-","Računalništvo","Mrežna oprema","101","Brezžični usmerjevalniki - routerji","- -> Računalništvo -> Mrežna oprema -> Brezžični usmerjevalniki - routerji"
"-","Računalništvo","Mrežna oprema","102","Brezžične mrežne kartice","- -> Računalništvo -> Mrežna oprema -> Brezžične mrežne kartice"
"-","Računalništvo","Mrežna oprema","103","Brezžični switchi - stikala","- -> Računalništvo -> Mrežna oprema -> Brezžični switchi - stikala"
"-","Računalništvo","Mrežna oprema","104","Mrežne kartice","- -> Računalništvo -> Mrežna oprema -> Mrežne kartice"
"-","Računalništvo","Mrežna oprema","105","Switchi (stikala)","- -> Računalništvo -> Mrežna oprema -> Switchi (stikala)"
"-","Računalništvo","Mrežna oprema","106","Kabli, konektorji...","- -> Računalništvo -> Mrežna oprema -> Kabli, konektorji..."
"-","Računalništvo","Mrežna oprema","107","Ostala mrežna oprema","- -> Računalništvo -> Mrežna oprema -> Ostala mrežna oprema"
"-","Računalništvo","Mrežna oprema","108","Usmerjevalniki - routerji","- -> Računalništvo -> Mrežna oprema -> Usmerjevalniki - routerji"
"-","Računalništvo","Slika in zvok","21","Zvočniki","- -> Računalništvo -> Slika in zvok -> Zvočniki"
"-","Računalništvo","Slika in zvok","118","Slušalke in mikrofoni","- -> Računalništvo -> Slika in zvok -> Slušalke in mikrofoni"
"-","Računalništvo","Slika in zvok","144","Spletne kamere","- -> Računalništvo -> Slika in zvok -> Spletne kamere"
"-","Računalništvo","Slika in zvok","1690","Monitorji","- -> Računalništvo -> Slika in zvok -> Monitorji"
"-","Računalništvo","Tablični računalniki","113","Tablični računalniki","- -> Računalništvo -> Tablični računalniki -> Tablični računalniki"
"-","Računalništvo","Tablični računalniki","1694","Dodatki za tablične računalnike","- -> Računalništvo -> Tablični računalniki -> Dodatki za tablične računalnike"
"-","Računalništvo","Tablični računalniki","1695","Bralniki (e-book)","- -> Računalništvo -> Tablični računalniki -> Bralniki (e-book)"
"-","Računalništvo","Kartuše in tonerji","48","Kartuše","- -> Računalništvo -> Kartuše in tonerji -> Kartuše"
"-","Računalništvo","Kartuše in tonerji","138","Tonerji","- -> Računalništvo -> Kartuše in tonerji -> Tonerji"
"-","Računalništvo","Kartuše in tonerji","1697","Bobni","- -> Računalništvo -> Kartuše in tonerji -> Bobni"
"-","Računalništvo","Kartuše in tonerji","1698","Trakovi","- -> Računalništvo -> Kartuše in tonerji -> Trakovi"
"-","Telefonija","Mobilni telefoni in oprema","146","Mobilni telefoni","- -> Telefonija -> Mobilni telefoni in oprema -> Mobilni telefoni"
"-","Telefonija","Mobilni telefoni in oprema","149","Slušalke","- -> Telefonija -> Mobilni telefoni in oprema -> Slušalke"
"-","Telefonija","Mobilni telefoni in oprema","150","Dodatki","- -> Telefonija -> Mobilni telefoni in oprema -> Dodatki"
"-","Telefonija","Mobilni telefoni in oprema","1691","Ovitki, etuiji in torbice","- -> Telefonija -> Mobilni telefoni in oprema -> Ovitki, etuiji in torbice"
"-","Telefonija","Mobilni telefoni in oprema","1692","Zaščitne folije","- -> Telefonija -> Mobilni telefoni in oprema -> Zaščitne folije"
"-","Telefonija","Mobilni telefoni in oprema","1693","Baterije in (avto) polnilci","- -> Telefonija -> Mobilni telefoni in oprema -> Baterije in (avto) polnilci"
"-","Telefonija","Mobilni telefoni in oprema","2060","Prenosni bluetooth zvočniki","- -> Telefonija -> Mobilni telefoni in oprema -> Prenosni bluetooth zvočniki"
"-","Telefonija","Stacionarna telefonija","151","Vrvični telefoni","- -> Telefonija -> Stacionarna telefonija -> Vrvični telefoni"
"-","Telefonija","Stacionarna telefonija","152","Brezžični telefoni","- -> Telefonija -> Stacionarna telefonija -> Brezžični telefoni"
"-","Telefonija","Stacionarna telefonija","153","Fax naprave","- -> Telefonija -> Stacionarna telefonija -> Fax naprave"
"-","Telefonija","Stacionarna telefonija","154","Ostalo","- -> Telefonija -> Stacionarna telefonija -> Ostalo"
"-","Telefonija","VoIP telefonija","155","Vrvični telefoni","- -> Telefonija -> VoIP telefonija -> Vrvični telefoni"
"-","Telefonija","VoIP telefonija","156","Brezžični telefoni","- -> Telefonija -> VoIP telefonija -> Brezžični telefoni"
"-","Telefonija","VoIP telefonija","157","Adapterji","- -> Telefonija -> VoIP telefonija -> Adapterji"
"-","Telefonija","VoIP telefonija","158","Ostalo","- -> Telefonija -> VoIP telefonija -> Ostalo"
"-","Telefonija","GSM paketi","147","Naročniški paketi","- -> Telefonija -> GSM paketi -> Naročniški paketi"
"-","Telefonija","GSM paketi","148","Predplačniški paketi","- -> Telefonija -> GSM paketi -> Predplačniški paketi"
"-","Supermarket","Sadje in zelenjava","2961","Sveže sadje","- -> Supermarket -> Sadje in zelenjava -> Sveže sadje"
"-","Supermarket","Sadje in zelenjava","2962","Sveža zelenjava","- -> Supermarket -> Sadje in zelenjava -> Sveža zelenjava"
"-","Supermarket","Sadje in zelenjava","2963","Suho sadje","- -> Supermarket -> Sadje in zelenjava -> Suho sadje"
"-","Supermarket","Sadje in zelenjava","2964","Oreščki","- -> Supermarket -> Sadje in zelenjava -> Oreščki"
"-","Supermarket","Sadje in zelenjava","2965","Stročnice in semena","- -> Supermarket -> Sadje in zelenjava -> Stročnice in semena"
"-","Supermarket","Zamrznjena in hlajena hrana","2966","Meso","- -> Supermarket -> Zamrznjena in hlajena hrana -> Meso"
"-","Supermarket","Zamrznjena in hlajena hrana","2967","Morska hrana","- -> Supermarket -> Zamrznjena in hlajena hrana -> Morska hrana"
"-","Supermarket","Zamrznjena in hlajena hrana","2968","Pekovski izdelki","- -> Supermarket -> Zamrznjena in hlajena hrana -> Pekovski izdelki"
"-","Supermarket","Zamrznjena in hlajena hrana","2969","Zelenjava in sadje","- -> Supermarket -> Zamrznjena in hlajena hrana -> Zelenjava in sadje"
"-","Supermarket","Zamrznjena in hlajena hrana","2970","Sladoled","- -> Supermarket -> Zamrznjena in hlajena hrana -> Sladoled"
"-","Supermarket","Zamrznjena in hlajena hrana","2971","Močnati izdelki","- -> Supermarket -> Zamrznjena in hlajena hrana -> Močnati izdelki"
"-","Supermarket","Zamrznjena in hlajena hrana","2973","Pripravljene jedi","- -> Supermarket -> Zamrznjena in hlajena hrana -> Pripravljene jedi"
"-","Supermarket","Meso in ribe","2972","Sveže meso","- -> Supermarket -> Meso in ribe -> Sveže meso"
"-","Supermarket","Meso in ribe","2979","Klobase, salame in suhe mesnine","- -> Supermarket -> Meso in ribe -> Klobase, salame in suhe mesnine"
"-","Supermarket","Meso in ribe","2983","Ribe","- -> Supermarket -> Meso in ribe -> Ribe"
"-","Supermarket","Meso in ribe","2984","Ribji namazi","- -> Supermarket -> Meso in ribe -> Ribji namazi"
"-","Supermarket","Meso in ribe","2985","Morski sadeži","- -> Supermarket -> Meso in ribe -> Morski sadeži"
"-","Supermarket","Slani prigrizki","2981","Čips in flips","- -> Supermarket -> Slani prigrizki -> Čips in flips"
"-","Supermarket","Slani prigrizki","2982","Grisini, krekerji, palčke","- -> Supermarket -> Slani prigrizki -> Grisini, krekerji, palčke"
"-","Supermarket","Slani prigrizki","2987","Arašidi in oreščki","- -> Supermarket -> Slani prigrizki -> Arašidi in oreščki"
"-","Supermarket","Slani prigrizki","2989","Slano pecivo","- -> Supermarket -> Slani prigrizki -> Slano pecivo"
"-","Supermarket","Osnovna živila","2992","Moka","- -> Supermarket -> Osnovna živila -> Moka"
"-","Supermarket","Osnovna živila","2993","Kaše, zdrobi in žitarice","- -> Supermarket -> Osnovna živila -> Kaše, zdrobi in žitarice"
"-","Supermarket","Osnovna živila","2994","Sladkor","- -> Supermarket -> Osnovna živila -> Sladkor"
"-","Supermarket","Osnovna živila","2995","Olje","- -> Supermarket -> Osnovna živila -> Olje"
"-","Supermarket","Osnovna živila","2997","Kis","- -> Supermarket -> Osnovna živila -> Kis"
"-","Supermarket","Konzervirana in vložena hrana","2974","Omake","- -> Supermarket -> Konzervirana in vložena hrana -> Omake"
"-","Supermarket","Konzervirana in vložena hrana","2975","Paštete","- -> Supermarket -> Konzervirana in vložena hrana -> Paštete"
"-","Supermarket","Konzervirana in vložena hrana","2976","Konzervirane ribe","- -> Supermarket -> Konzervirana in vložena hrana -> Konzervirane ribe"
"-","Supermarket","Konzervirana in vložena hrana","2977","Kompoti / Sadje / Čežane","- -> Supermarket -> Konzervirana in vložena hrana -> Kompoti / Sadje / Čežane"
"-","Supermarket","Konzervirana in vložena hrana","2978","Zelenjava","- -> Supermarket -> Konzervirana in vložena hrana -> Zelenjava"
"-","Supermarket","Konzervirana in vložena hrana","2980","Pripravljene jedi","- -> Supermarket -> Konzervirana in vložena hrana -> Pripravljene jedi"
"-","Supermarket","Vse za zajtrk in malico","3003","Začimbe, dišave in sol","- -> Supermarket -> Vse za zajtrk in malico -> Začimbe, dišave in sol"
"-","Supermarket","Vse za zajtrk in malico","3004","Kosmiči in musliji","- -> Supermarket -> Vse za zajtrk in malico -> Kosmiči in musliji"
"-","Supermarket","Vse za zajtrk in malico","3005","Čaji","- -> Supermarket -> Vse za zajtrk in malico -> Čaji"
"-","Supermarket","Vse za zajtrk in malico","3006","Marmelade in džemi","- -> Supermarket -> Vse za zajtrk in malico -> Marmelade in džemi"
"-","Supermarket","Vse za zajtrk in malico","3007","Čokoladni in kremni namazi","- -> Supermarket -> Vse za zajtrk in malico -> Čokoladni in kremni namazi"
"-","Supermarket","Vse za zajtrk in malico","3008","Med","- -> Supermarket -> Vse za zajtrk in malico -> Med"
"-","Supermarket","Vse za zajtrk in malico","3009","Kava","- -> Supermarket -> Vse za zajtrk in malico -> Kava"
"-","Supermarket","Vse za zajtrk in malico","3010","Kakav in ostali napitki","- -> Supermarket -> Vse za zajtrk in malico -> Kakav in ostali napitki"
"-","Supermarket","Mleko, mlečni izdelki in jajca","2986","Mleko","- -> Supermarket -> Mleko, mlečni izdelki in jajca -> Mleko"
"-","Supermarket","Mleko, mlečni izdelki in jajca","2988","Namazi","- -> Supermarket -> Mleko, mlečni izdelki in jajca -> Namazi"
"-","Supermarket","Mleko, mlečni izdelki in jajca","2990","Siri","- -> Supermarket -> Mleko, mlečni izdelki in jajca -> Siri"
"-","Supermarket","Mleko, mlečni izdelki in jajca","2991","Maslo in margarine","- -> Supermarket -> Mleko, mlečni izdelki in jajca -> Maslo in margarine"
"-","Supermarket","Mleko, mlečni izdelki in jajca","2996","Jogurti, pudingi, deserti","- -> Supermarket -> Mleko, mlečni izdelki in jajca -> Jogurti, pudingi, deserti"
"-","Supermarket","Mleko, mlečni izdelki in jajca","2998","Smetane in skute","- -> Supermarket -> Mleko, mlečni izdelki in jajca -> Smetane in skute"
"-","Supermarket","Mleko, mlečni izdelki in jajca","2999","Jajca","- -> Supermarket -> Mleko, mlečni izdelki in jajca -> Jajca"
"-","Supermarket","Testenine, riž in juhe","3000","Testenine","- -> Supermarket -> Testenine, riž in juhe -> Testenine"
"-","Supermarket","Testenine, riž in juhe","3001","Riž","- -> Supermarket -> Testenine, riž in juhe -> Riž"
"-","Supermarket","Testenine, riž in juhe","3002","Juhe","- -> Supermarket -> Testenine, riž in juhe -> Juhe"
"-","Supermarket","Testenine, riž in juhe","3040","Jušne zakuhe in osnove","- -> Supermarket -> Testenine, riž in juhe -> Jušne zakuhe in osnove"
"-","Supermarket","Kruh in pekovski izdelki","3011","Kruh in pekovsko pecivo","- -> Supermarket -> Kruh in pekovski izdelki -> Kruh in pekovsko pecivo"
"-","Supermarket","Kruh in pekovski izdelki","3012","Prepečenec in hrustljavi kruhki","- -> Supermarket -> Kruh in pekovski izdelki -> Prepečenec in hrustljavi kruhki"
"-","Supermarket","Kruh in pekovski izdelki","3013","Toast in trajni kruh","- -> Supermarket -> Kruh in pekovski izdelki -> Toast in trajni kruh"
"-","Supermarket","Kruh in pekovski izdelki","3014","Torte, pecivo, slaščice","- -> Supermarket -> Kruh in pekovski izdelki -> Torte, pecivo, slaščice"
"-","Supermarket","Sladki program","3015","Žitne in sadne rezine","- -> Supermarket -> Sladki program -> Žitne in sadne rezine"
"-","Supermarket","Sladki program","3016","Piškoti in napolitanke","- -> Supermarket -> Sladki program -> Piškoti in napolitanke"
"-","Supermarket","Sladki program","3018","Bonboni","- -> Supermarket -> Sladki program -> Bonboni"
"-","Supermarket","Sladki program","3019","Bonboniere","- -> Supermarket -> Sladki program -> Bonboniere"
"-","Supermarket","Sladki program","3020","Čokolade in čokoladni izdelki","- -> Supermarket -> Sladki program -> Čokolade in čokoladni izdelki"
"-","Supermarket","Sladki program","3021","Pecivo, rolade in biskviti","- -> Supermarket -> Sladki program -> Pecivo, rolade in biskviti"
"-","Supermarket","Sladki program","3022","Žvečilni gumiji","- -> Supermarket -> Sladki program -> Žvečilni gumiji"
"-","Supermarket","Sladki program","3025","Drobni sladki izdelki","- -> Supermarket -> Sladki program -> Drobni sladki izdelki"
"-","Supermarket","Alkoholne pijače","599","Vina","- -> Supermarket -> Alkoholne pijače -> Vina"
"-","Supermarket","Alkoholne pijače","648","Piva","- -> Supermarket -> Alkoholne pijače -> Piva"
"-","Supermarket","Alkoholne pijače","3017","Koktajli","- -> Supermarket -> Alkoholne pijače -> Koktajli"
"-","Supermarket","Alkoholne pijače","3038","Žgane in druge alkoholne pijače","- -> Supermarket -> Alkoholne pijače -> Žgane in druge alkoholne pijače"
"-","Supermarket","Brezalkoholne pijače","3023","Gazirane pijače","- -> Supermarket -> Brezalkoholne pijače -> Gazirane pijače"
"-","Supermarket","Brezalkoholne pijače","3024","Vode","- -> Supermarket -> Brezalkoholne pijače -> Vode"
"-","Supermarket","Brezalkoholne pijače","3026","Sirupi in instant napitki","- -> Supermarket -> Brezalkoholne pijače -> Sirupi in instant napitki"
"-","Supermarket","Brezalkoholne pijače","3027","Energijske in izotonične pijače","- -> Supermarket -> Brezalkoholne pijače -> Energijske in izotonične pijače"
"-","Supermarket","Brezalkoholne pijače","3028","Ledeni čaji","- -> Supermarket -> Brezalkoholne pijače -> Ledeni čaji"
"-","Supermarket","Brezalkoholne pijače","3029","Zelenjavni sokovi in nektarji","- -> Supermarket -> Brezalkoholne pijače -> Zelenjavni sokovi in nektarji"
"-","Supermarket","Brezalkoholne pijače","3039","Sadni sokovi in pijače","- -> Supermarket -> Brezalkoholne pijače -> Sadni sokovi in pijače"
"-","Supermarket","Vse za peko","3030","Kvas","- -> Supermarket -> Vse za peko -> Kvas"
"-","Supermarket","Vse za peko","3031","Čokolade in kakavi za peko","- -> Supermarket -> Vse za peko -> Čokolade in kakavi za peko"
"-","Supermarket","Vse za peko","3032","Oreščki, sadje, mak","- -> Supermarket -> Vse za peko -> Oreščki, sadje, mak"
"-","Supermarket","Vse za peko","3033","Dodatki in okraski za peko","- -> Supermarket -> Vse za peko -> Dodatki in okraski za peko"
"-","Supermarket","Vse za peko","3034","Sladki prelivi in sirupi","- -> Supermarket -> Vse za peko -> Sladki prelivi in sirupi"
"-","Supermarket","Vse za peko","3035","Vanilij sladkor, pecilni prašek","- -> Supermarket -> Vse za peko -> Vanilij sladkor, pecilni prašek"
"-","Supermarket","Vse za peko","3036","Pudingi in kreme","- -> Supermarket -> Vse za peko -> Pudingi in kreme"
"-","Supermarket","Vse za peko","3037","Oblati, vaflji, korneti","- -> Supermarket -> Vse za peko -> Oblati, vaflji, korneti"
"Oblačila in obutev","Ženska oblačila","Ženska oblačila za prosti čas","1817","Ženske hlače in kavbojke","Oblačila in obutev -> Ženska oblačila -> Ženska oblačila za prosti čas -> Ženske hlače in kavbojke"
"Oblačila in obutev","Ženska oblačila","Ženska oblačila za prosti čas","1818","Ženski hlačni kombinezoni  / pajaci","Oblačila in obutev -> Ženska oblačila -> Ženska oblačila za prosti čas -> Ženski hlačni kombinezoni  / pajaci"
"Oblačila in obutev","Ženska oblačila","Ženska oblačila za prosti čas","1819","Ženske jakne in plašči","Oblačila in obutev -> Ženska oblačila -> Ženska oblačila za prosti čas -> Ženske jakne in plašči"
"Oblačila in obutev","Ženska oblačila","Ženska oblačila za prosti čas","1820","Ženske kopalke","Oblačila in obutev -> Ženska oblačila -> Ženska oblačila za prosti čas -> Ženske kopalke"
"Oblačila in obutev","Ženska oblačila","Ženska oblačila za prosti čas","1821","Krila","Oblačila in obutev -> Ženska oblačila -> Ženska oblačila za prosti čas -> Krila"
"Oblačila in obutev","Ženska oblačila","Ženska oblačila za prosti čas","1822","Ženske majice in tunike","Oblačila in obutev -> Ženska oblačila -> Ženska oblačila za prosti čas -> Ženske majice in tunike"
"Oblačila in obutev","Ženska oblačila","Ženska oblačila za prosti čas","1823","Nosečniška oblačila","Oblačila in obutev -> Ženska oblačila -> Ženska oblačila za prosti čas -> Nosečniška oblačila"
"Oblačila in obutev","Ženska oblačila","Ženska oblačila za prosti čas","1824","Ženske obleke","Oblačila in obutev -> Ženska oblačila -> Ženska oblačila za prosti čas -> Ženske obleke"
"Oblačila in obutev","Ženska oblačila","Ženska oblačila za prosti čas","1825","Ženski puloverji in jope","Oblačila in obutev -> Ženska oblačila -> Ženska oblačila za prosti čas -> Ženski puloverji in jope"
"Oblačila in obutev","Ženska oblačila","Ženska oblačila za prosti čas","1826","Ženske srajce in bluze","Oblačila in obutev -> Ženska oblačila -> Ženska oblačila za prosti čas -> Ženske srajce in bluze"
"Oblačila in obutev","Ženska oblačila","Žensko spodnje perilo in pižame","1827","Ženski modrčki / nedrčki","Oblačila in obutev -> Ženska oblačila -> Žensko spodnje perilo in pižame -> Ženski modrčki / nedrčki"
"Oblačila in obutev","Ženska oblačila","Žensko spodnje perilo in pižame","1828","Ženske nogavice","Oblačila in obutev -> Ženska oblačila -> Žensko spodnje perilo in pižame -> Ženske nogavice"
"Oblačila in obutev","Ženska oblačila","Žensko spodnje perilo in pižame","1829","Ženske pižame","Oblačila in obutev -> Ženska oblačila -> Žensko spodnje perilo in pižame -> Ženske pižame"
"Oblačila in obutev","Ženska oblačila","Žensko spodnje perilo in pižame","1830","Ženske spodnje hlače","Oblačila in obutev -> Ženska oblačila -> Žensko spodnje perilo in pižame -> Ženske spodnje hlače"
"Oblačila in obutev","Ženska oblačila","Žensko spodnje perilo in pižame","1831","Ženske spodnje majice","Oblačila in obutev -> Ženska oblačila -> Žensko spodnje perilo in pižame -> Ženske spodnje majice"
"Oblačila in obutev","Ženska oblačila","Žensko spodnje perilo in pižame","1904","Ženski kopalni plašči","Oblačila in obutev -> Ženska oblačila -> Žensko spodnje perilo in pižame -> Ženski kopalni plašči"
"Oblačila in obutev","Ženska oblačila","Ženska športna oblačila","1832","Ženski dresi","Oblačila in obutev -> Ženska oblačila -> Ženska športna oblačila -> Ženski dresi"
"Oblačila in obutev","Ženska oblačila","Ženska športna oblačila","1833","Ženske športne hlače","Oblačila in obutev -> Ženska oblačila -> Ženska športna oblačila -> Ženske športne hlače"
"Oblačila in obutev","Ženska oblačila","Ženska športna oblačila","1834","Ženske športne jakne","Oblačila in obutev -> Ženska oblačila -> Ženska športna oblačila -> Ženske športne jakne"
"Oblačila in obutev","Ženska oblačila","Ženska športna oblačila","1835","Ženske športne majice","Oblačila in obutev -> Ženska oblačila -> Ženska športna oblačila -> Ženske športne majice"
"Oblačila in obutev","Ženska oblačila","Ženska športna oblačila","1836","Ženski športni puloverji in jope","Oblačila in obutev -> Ženska oblačila -> Ženska športna oblačila -> Ženski športni puloverji in jope"
"Oblačila in obutev","Ženska oblačila","Ženska športna oblačila","1837","Žensko športno spodnje perilo","Oblačila in obutev -> Ženska oblačila -> Ženska športna oblačila -> Žensko športno spodnje perilo"
"Oblačila in obutev","Ženska oblačila","Ženska športna oblačila","1838","Ženske trenirke","Oblačila in obutev -> Ženska oblačila -> Ženska športna oblačila -> Ženske trenirke"
"Oblačila in obutev","Ženska obutev","Ženska obutev za prosti čas","1839","Ženske balerinke","Oblačila in obutev -> Ženska obutev -> Ženska obutev za prosti čas -> Ženske balerinke"
"Oblačila in obutev","Ženska obutev","Ženska obutev za prosti čas","1840","Ženski copati","Oblačila in obutev -> Ženska obutev -> Ženska obutev za prosti čas -> Ženski copati"
"Oblačila in obutev","Ženska obutev","Ženska obutev za prosti čas","1841","Ženski čevlji","Oblačila in obutev -> Ženska obutev -> Ženska obutev za prosti čas -> Ženski čevlji"
"Oblačila in obutev","Ženska obutev","Ženska obutev za prosti čas","1842","Ženski gležnjarji","Oblačila in obutev -> Ženska obutev -> Ženska obutev za prosti čas -> Ženski gležnjarji"
"Oblačila in obutev","Ženska obutev","Ženska obutev za prosti čas","1843","Ženski natikači in japonke","Oblačila in obutev -> Ženska obutev -> Ženska obutev za prosti čas -> Ženski natikači in japonke"
"Oblačila in obutev","Ženska obutev","Ženska obutev za prosti čas","1844","Ženski salonarji in sandali","Oblačila in obutev -> Ženska obutev -> Ženska obutev za prosti čas -> Ženski salonarji in sandali"
"Oblačila in obutev","Ženska obutev","Ženska obutev za prosti čas","1845","Ženske superge","Oblačila in obutev -> Ženska obutev -> Ženska obutev za prosti čas -> Ženske superge"
"Oblačila in obutev","Ženska obutev","Ženska obutev za prosti čas","1846","Ženski škornji","Oblačila in obutev -> Ženska obutev -> Ženska obutev za prosti čas -> Ženski škornji"
"Oblačila in obutev","Ženska obutev","Ženska športna obutev","1847","Ženska dvoranska obutev","Oblačila in obutev -> Ženska obutev -> Ženska športna obutev -> Ženska dvoranska obutev"
"Oblačila in obutev","Ženska obutev","Ženska športna obutev","1848","Ženska kolesarska obutev","Oblačila in obutev -> Ženska obutev -> Ženska športna obutev -> Ženska kolesarska obutev"
"Oblačila in obutev","Ženska obutev","Ženska športna obutev","1849","Ženska košarkarska obutev","Oblačila in obutev -> Ženska obutev -> Ženska športna obutev -> Ženska košarkarska obutev"
"Oblačila in obutev","Ženska obutev","Ženska športna obutev","1850","Ženska nogometna obutev","Oblačila in obutev -> Ženska obutev -> Ženska športna obutev -> Ženska nogometna obutev"
"Oblačila in obutev","Ženska obutev","Ženska športna obutev","1851","Ostala ženska športna obutev","Oblačila in obutev -> Ženska obutev -> Ženska športna obutev -> Ostala ženska športna obutev"
"Oblačila in obutev","Ženska obutev","Ženska športna obutev","1852","Ženska pohodniška obutev","Oblačila in obutev -> Ženska obutev -> Ženska športna obutev -> Ženska pohodniška obutev"
"Oblačila in obutev","Ženska obutev","Ženska športna obutev","1853","Ženska tekaška obutev","Oblačila in obutev -> Ženska obutev -> Ženska športna obutev -> Ženska tekaška obutev"
"Oblačila in obutev","Moška oblačila","Moška oblačila za prosti čas","1789","Moške hlače in kavbojke","Oblačila in obutev -> Moška oblačila -> Moška oblačila za prosti čas -> Moške hlače in kavbojke"
"Oblačila in obutev","Moška oblačila","Moška oblačila za prosti čas","1790","Moške jakne in plašči","Oblačila in obutev -> Moška oblačila -> Moška oblačila za prosti čas -> Moške jakne in plašči"
"Oblačila in obutev","Moška oblačila","Moška oblačila za prosti čas","1791","Moške kopalke","Oblačila in obutev -> Moška oblačila -> Moška oblačila za prosti čas -> Moške kopalke"
"Oblačila in obutev","Moška oblačila","Moška oblačila za prosti čas","1792","Moške majice","Oblačila in obutev -> Moška oblačila -> Moška oblačila za prosti čas -> Moške majice"
"Oblačila in obutev","Moška oblačila","Moška oblačila za prosti čas","1793","Moške obleke in suknjiči","Oblačila in obutev -> Moška oblačila -> Moška oblačila za prosti čas -> Moške obleke in suknjiči"
"Oblačila in obutev","Moška oblačila","Moška oblačila za prosti čas","1901","Moški puloverji in jope","Oblačila in obutev -> Moška oblačila -> Moška oblačila za prosti čas -> Moški puloverji in jope"
"Oblačila in obutev","Moška oblačila","Moška oblačila za prosti čas","1902","Moške srajce","Oblačila in obutev -> Moška oblačila -> Moška oblačila za prosti čas -> Moške srajce"
"Oblačila in obutev","Moška oblačila","Moško spodnje perilo in pižame","1794","Moški kopalni plašči","Oblačila in obutev -> Moška oblačila -> Moško spodnje perilo in pižame -> Moški kopalni plašči"
"Oblačila in obutev","Moška oblačila","Moško spodnje perilo in pižame","1795","Moške nogavice","Oblačila in obutev -> Moška oblačila -> Moško spodnje perilo in pižame -> Moške nogavice"
"Oblačila in obutev","Moška oblačila","Moško spodnje perilo in pižame","1796","Moške spodnje hlače","Oblačila in obutev -> Moška oblačila -> Moško spodnje perilo in pižame -> Moške spodnje hlače"
"Oblačila in obutev","Moška oblačila","Moško spodnje perilo in pižame","1797","Moške spodnje majice","Oblačila in obutev -> Moška oblačila -> Moško spodnje perilo in pižame -> Moške spodnje majice"
"Oblačila in obutev","Moška oblačila","Moško spodnje perilo in pižame","1903","Moške pižame","Oblačila in obutev -> Moška oblačila -> Moško spodnje perilo in pižame -> Moške pižame"
"Oblačila in obutev","Moška oblačila","Moška športna oblačila","1798","Moški dresi","Oblačila in obutev -> Moška oblačila -> Moška športna oblačila -> Moški dresi"
"Oblačila in obutev","Moška oblačila","Moška športna oblačila","1799","Moške športne hlače","Oblačila in obutev -> Moška oblačila -> Moška športna oblačila -> Moške športne hlače"
"Oblačila in obutev","Moška oblačila","Moška športna oblačila","1800","Moške športne jakne","Oblačila in obutev -> Moška oblačila -> Moška športna oblačila -> Moške športne jakne"
"Oblačila in obutev","Moška oblačila","Moška športna oblačila","1801","Moške športne majice","Oblačila in obutev -> Moška oblačila -> Moška športna oblačila -> Moške športne majice"
"Oblačila in obutev","Moška oblačila","Moška športna oblačila","1802","Moški športni puloverji in jope","Oblačila in obutev -> Moška oblačila -> Moška športna oblačila -> Moški športni puloverji in jope"
"Oblačila in obutev","Moška oblačila","Moška športna oblačila","1803","Moško športno perilo","Oblačila in obutev -> Moška oblačila -> Moška športna oblačila -> Moško športno perilo"
"Oblačila in obutev","Moška oblačila","Moška športna oblačila","1804","Moške trenirke","Oblačila in obutev -> Moška oblačila -> Moška športna oblačila -> Moške trenirke"
"Oblačila in obutev","Moška obutev","Moška obutev za prosti čas","1805","Moški copati","Oblačila in obutev -> Moška obutev -> Moška obutev za prosti čas -> Moški copati"
"Oblačila in obutev","Moška obutev","Moška obutev za prosti čas","1806","Moški čevlji","Oblačila in obutev -> Moška obutev -> Moška obutev za prosti čas -> Moški čevlji"
"Oblačila in obutev","Moška obutev","Moška obutev za prosti čas","1807","Moški gležnjarji in škornji","Oblačila in obutev -> Moška obutev -> Moška obutev za prosti čas -> Moški gležnjarji in škornji"
"Oblačila in obutev","Moška obutev","Moška obutev za prosti čas","1808","Moški natikači in sandali","Oblačila in obutev -> Moška obutev -> Moška obutev za prosti čas -> Moški natikači in sandali"
"Oblačila in obutev","Moška obutev","Moška obutev za prosti čas","1809","Moške superge","Oblačila in obutev -> Moška obutev -> Moška obutev za prosti čas -> Moške superge"
"Oblačila in obutev","Moška obutev","Moška športna obutev","1810","Moška dvoranska obutev","Oblačila in obutev -> Moška obutev -> Moška športna obutev -> Moška dvoranska obutev"
"Oblačila in obutev","Moška obutev","Moška športna obutev","1811","Moška kolesarska obutev","Oblačila in obutev -> Moška obutev -> Moška športna obutev -> Moška kolesarska obutev"
"Oblačila in obutev","Moška obutev","Moška športna obutev","1812","Moška košarkarska obutev","Oblačila in obutev -> Moška obutev -> Moška športna obutev -> Moška košarkarska obutev"
"Oblačila in obutev","Moška obutev","Moška športna obutev","1813","Moška nogometna obutev","Oblačila in obutev -> Moška obutev -> Moška športna obutev -> Moška nogometna obutev"
"Oblačila in obutev","Moška obutev","Moška športna obutev","1814","Ostala moška športna obutev","Oblačila in obutev -> Moška obutev -> Moška športna obutev -> Ostala moška športna obutev"
"Oblačila in obutev","Moška obutev","Moška športna obutev","1815","Moška pohodniška obutev","Oblačila in obutev -> Moška obutev -> Moška športna obutev -> Moška pohodniška obutev"
"Oblačila in obutev","Moška obutev","Moška športna obutev","1816","Moška tekaška obutev","Oblačila in obutev -> Moška obutev -> Moška športna obutev -> Moška tekaška obutev"
"Oblačila in obutev","Otroška oblačila in obutev","Dekliška oblačila","1854","Dekliške hlače in kavbojke","Oblačila in obutev -> Otroška oblačila in obutev -> Dekliška oblačila -> Dekliške hlače in kavbojke"
"Oblačila in obutev","Otroška oblačila in obutev","Dekliška oblačila","1855","Dekliške jakne in plašči","Oblačila in obutev -> Otroška oblačila in obutev -> Dekliška oblačila -> Dekliške jakne in plašči"
"Oblačila in obutev","Otroška oblačila in obutev","Dekliška oblačila","1856","Dekliški kompleti","Oblačila in obutev -> Otroška oblačila in obutev -> Dekliška oblačila -> Dekliški kompleti"
"Oblačila in obutev","Otroška oblačila in obutev","Dekliška oblačila","1857","Dekliške kopalke","Oblačila in obutev -> Otroška oblačila in obutev -> Dekliška oblačila -> Dekliške kopalke"
"Oblačila in obutev","Otroška oblačila in obutev","Dekliška oblačila","1858","Dekliške majice","Oblačila in obutev -> Otroška oblačila in obutev -> Dekliška oblačila -> Dekliške majice"
"Oblačila in obutev","Otroška oblačila in obutev","Dekliška oblačila","1859","Dekliške obleke in krila","Oblačila in obutev -> Otroška oblačila in obutev -> Dekliška oblačila -> Dekliške obleke in krila"
"Oblačila in obutev","Otroška oblačila in obutev","Dekliška oblačila","1860","Dekliške pižame","Oblačila in obutev -> Otroška oblačila in obutev -> Dekliška oblačila -> Dekliške pižame"
"Oblačila in obutev","Otroška oblačila in obutev","Dekliška oblačila","1861","Dekliški puloverji in jope","Oblačila in obutev -> Otroška oblačila in obutev -> Dekliška oblačila -> Dekliški puloverji in jope"
"Oblačila in obutev","Otroška oblačila in obutev","Dekliška oblačila","1862","Dekliško spodnje perilo","Oblačila in obutev -> Otroška oblačila in obutev -> Dekliška oblačila -> Dekliško spodnje perilo"
"Oblačila in obutev","Otroška oblačila in obutev","Dekliška oblačila","1863","Dekliške trenirke","Oblačila in obutev -> Otroška oblačila in obutev -> Dekliška oblačila -> Dekliške trenirke"
"Oblačila in obutev","Otroška oblačila in obutev","Fantovska oblačila","1864","Fantovske hlače in kavbojke","Oblačila in obutev -> Otroška oblačila in obutev -> Fantovska oblačila -> Fantovske hlače in kavbojke"
"Oblačila in obutev","Otroška oblačila in obutev","Fantovska oblačila","1865","Fantovske jakne in plašči","Oblačila in obutev -> Otroška oblačila in obutev -> Fantovska oblačila -> Fantovske jakne in plašči"
"Oblačila in obutev","Otroška oblačila in obutev","Fantovska oblačila","1866","Fantovski kompleti","Oblačila in obutev -> Otroška oblačila in obutev -> Fantovska oblačila -> Fantovski kompleti"
"Oblačila in obutev","Otroška oblačila in obutev","Fantovska oblačila","1867","Fantovske kopalke","Oblačila in obutev -> Otroška oblačila in obutev -> Fantovska oblačila -> Fantovske kopalke"
"Oblačila in obutev","Otroška oblačila in obutev","Fantovska oblačila","1868","Fantovske majice","Oblačila in obutev -> Otroška oblačila in obutev -> Fantovska oblačila -> Fantovske majice"
"Oblačila in obutev","Otroška oblačila in obutev","Fantovska oblačila","1869","Fantovske pižame","Oblačila in obutev -> Otroška oblačila in obutev -> Fantovska oblačila -> Fantovske pižame"
"Oblačila in obutev","Otroška oblačila in obutev","Fantovska oblačila","1870","Fantovski puloverji in jope","Oblačila in obutev -> Otroška oblačila in obutev -> Fantovska oblačila -> Fantovski puloverji in jope"
"Oblačila in obutev","Otroška oblačila in obutev","Fantovska oblačila","1871","Fantovsko spodnje perilo","Oblačila in obutev -> Otroška oblačila in obutev -> Fantovska oblačila -> Fantovsko spodnje perilo"
"Oblačila in obutev","Otroška oblačila in obutev","Fantovska oblačila","1872","Fantovske trenirke","Oblačila in obutev -> Otroška oblačila in obutev -> Fantovska oblačila -> Fantovske trenirke"
"Oblačila in obutev","Otroška oblačila in obutev","Otroška obutev","1873","Otroški copati","Oblačila in obutev -> Otroška oblačila in obutev -> Otroška obutev -> Otroški copati"
"Oblačila in obutev","Otroška oblačila in obutev","Otroška obutev","1874","Otroški čevlji","Oblačila in obutev -> Otroška oblačila in obutev -> Otroška obutev -> Otroški čevlji"
"Oblačila in obutev","Otroška oblačila in obutev","Otroška obutev","1875","Otroški gležnjarji in škornji","Oblačila in obutev -> Otroška oblačila in obutev -> Otroška obutev -> Otroški gležnjarji in škornji"
"Oblačila in obutev","Otroška oblačila in obutev","Otroška obutev","1876","Otroški natikači in sandali","Oblačila in obutev -> Otroška oblačila in obutev -> Otroška obutev -> Otroški natikači in sandali"
"Oblačila in obutev","Otroška oblačila in obutev","Otroška obutev","1877","Otroške superge","Oblačila in obutev -> Otroška oblačila in obutev -> Otroška obutev -> Otroške superge"
"Oblačila in obutev","Otroška oblačila in obutev","Otroška obutev","1878","Otroška športna obutev","Oblačila in obutev -> Otroška oblačila in obutev -> Otroška obutev -> Otroška športna obutev"
"Oblačila in obutev","Modni dodatki","Nakit","469","Zapestnice","Oblačila in obutev -> Modni dodatki -> Nakit -> Zapestnice"
"Oblačila in obutev","Modni dodatki","Nakit","470","Prstani","Oblačila in obutev -> Modni dodatki -> Nakit -> Prstani"
"Oblačila in obutev","Modni dodatki","Nakit","471","Verižice / ogrlice","Oblačila in obutev -> Modni dodatki -> Nakit -> Verižice / ogrlice"
"Oblačila in obutev","Modni dodatki","Nakit","472","Uhani","Oblačila in obutev -> Modni dodatki -> Nakit -> Uhani"
"Oblačila in obutev","Modni dodatki","Nakit","473","Obeski","Oblačila in obutev -> Modni dodatki -> Nakit -> Obeski"
"Oblačila in obutev","Modni dodatki","Nakit","474","Sponke, broške, manšetni gumbi","Oblačila in obutev -> Modni dodatki -> Nakit -> Sponke, broške, manšetni gumbi"
"Oblačila in obutev","Modni dodatki","Nakit","2623","Shranjevanje nakita","Oblačila in obutev -> Modni dodatki -> Nakit -> Shranjevanje nakita"
"Oblačila in obutev","Modni dodatki","Nakit","2624","Kompleti nakita","Oblačila in obutev -> Modni dodatki -> Nakit -> Kompleti nakita"
"Oblačila in obutev","Modni dodatki","Ročne ure","1670","Analogne ročne ure","Oblačila in obutev -> Modni dodatki -> Ročne ure -> Analogne ročne ure"
"Oblačila in obutev","Modni dodatki","Ročne ure","1671","Digitalne ročne ure","Oblačila in obutev -> Modni dodatki -> Ročne ure -> Digitalne ročne ure"
"Oblačila in obutev","Modni dodatki","Ročne ure","2625","Dodatki za ročne ure","Oblačila in obutev -> Modni dodatki -> Ročne ure -> Dodatki za ročne ure"
"Oblačila in obutev","Modni dodatki","Torbice in torbe","1879","Enoramne torbice","Oblačila in obutev -> Modni dodatki -> Torbice in torbe -> Enoramne torbice"
"Oblačila in obutev","Modni dodatki","Torbice in torbe","1880","Modne torbice","Oblačila in obutev -> Modni dodatki -> Torbice in torbe -> Modne torbice"
"Oblačila in obutev","Modni dodatki","Torbice in torbe","1881","Otroške torbice","Oblačila in obutev -> Modni dodatki -> Torbice in torbe -> Otroške torbice"
"Oblačila in obutev","Modni dodatki","Torbice in torbe","1882","Pasne torbice","Oblačila in obutev -> Modni dodatki -> Torbice in torbe -> Pasne torbice"
"Oblačila in obutev","Modni dodatki","Torbice in torbe","1883","Poslovne torbe","Oblačila in obutev -> Modni dodatki -> Torbice in torbe -> Poslovne torbe"
"Oblačila in obutev","Modni dodatki","Potovalni program","1884","Kovčki","Oblačila in obutev -> Modni dodatki -> Potovalni program -> Kovčki"
"Oblačila in obutev","Modni dodatki","Potovalni program","1885","Kozmetični kovčki in torbe","Oblačila in obutev -> Modni dodatki -> Potovalni program -> Kozmetični kovčki in torbe"
"Oblačila in obutev","Modni dodatki","Potovalni program","1886","Potovalne torbe in potovalke","Oblačila in obutev -> Modni dodatki -> Potovalni program -> Potovalne torbe in potovalke"
"Oblačila in obutev","Modni dodatki","Potovalni program","1887","Potovalni dodatki","Oblačila in obutev -> Modni dodatki -> Potovalni program -> Potovalni dodatki"
"Oblačila in obutev","Modni dodatki","Ostali modni dodatki","1673","Sončna očala","Oblačila in obutev -> Modni dodatki -> Ostali modni dodatki -> Sončna očala"
"Oblačila in obutev","Modni dodatki","Ostali modni dodatki","1888","Denarnice","Oblačila in obutev -> Modni dodatki -> Ostali modni dodatki -> Denarnice"
"Oblačila in obutev","Modni dodatki","Ostali modni dodatki","1889","Dežniki","Oblačila in obutev -> Modni dodatki -> Ostali modni dodatki -> Dežniki"
"Oblačila in obutev","Modni dodatki","Ostali modni dodatki","1890","Kape in klobuki","Oblačila in obutev -> Modni dodatki -> Ostali modni dodatki -> Kape in klobuki"
"Oblačila in obutev","Modni dodatki","Ostali modni dodatki","1891","Kravate in metuljčki","Oblačila in obutev -> Modni dodatki -> Ostali modni dodatki -> Kravate in metuljčki"
"Oblačila in obutev","Modni dodatki","Ostali modni dodatki","1892","Pasovi","Oblačila in obutev -> Modni dodatki -> Ostali modni dodatki -> Pasovi"
"Oblačila in obutev","Modni dodatki","Ostali modni dodatki","1893","Šali, rute in rokavice","Oblačila in obutev -> Modni dodatki -> Ostali modni dodatki -> Šali, rute in rokavice"
"Oblačila in obutev","Modni dodatki","Dodatki za oblačila in obutev","1894","Nega oblačil / obutve","Oblačila in obutev -> Modni dodatki -> Dodatki za oblačila in obutev -> Nega oblačil / obutve"
"Oblačila in obutev","Modni dodatki","Dodatki za oblačila in obutev","1895","Ostali dodatki","Oblačila in obutev -> Modni dodatki -> Dodatki za oblačila in obutev -> Ostali dodatki"
"Oblačila in obutev","Modni dodatki","Dodatki za oblačila in obutev","1896","Našitki","Oblačila in obutev -> Modni dodatki -> Dodatki za oblačila in obutev -> Našitki"
"Oblačila in obutev","Modni dodatki","Dodatki za oblačila in obutev","1897","Vložki","Oblačila in obutev -> Modni dodatki -> Dodatki za oblačila in obutev -> Vložki"
"Oblačila in obutev","Modni dodatki","Pustni kostumi","1898","Pustne maske","Oblačila in obutev -> Modni dodatki -> Pustni kostumi -> Pustne maske"
"Oblačila in obutev","Modni dodatki","Pustni kostumi","1899","Pustni dodatki","Oblačila in obutev -> Modni dodatki -> Pustni kostumi -> Pustni dodatki"
"Oblačila in obutev","Modni dodatki","Pustni kostumi","1900","Pustni kostumi","Oblačila in obutev -> Modni dodatki -> Pustni kostumi -> Pustni kostumi"
"Šport","Fitnes in vadba","Fitnes naprave","220","Dodatna oprema za fitnes naprave","Šport -> Fitnes in vadba -> Fitnes naprave -> Dodatna oprema za fitnes naprave"
"Šport","Fitnes in vadba","Fitnes naprave","2040","Sobna kolesa","Šport -> Fitnes in vadba -> Fitnes naprave -> Sobna kolesa"
"Šport","Fitnes in vadba","Fitnes naprave","2041","Eliptiki","Šport -> Fitnes in vadba -> Fitnes naprave -> Eliptiki"
"Šport","Fitnes in vadba","Fitnes naprave","2042","Tekalne steze","Šport -> Fitnes in vadba -> Fitnes naprave -> Tekalne steze"
"Šport","Fitnes in vadba","Fitnes naprave","2043","Veslaške naprave","Šport -> Fitnes in vadba -> Fitnes naprave -> Veslaške naprave"
"Šport","Fitnes in vadba","Fitnes naprave","2044","Steperji","Šport -> Fitnes in vadba -> Fitnes naprave -> Steperji"
"Šport","Fitnes in vadba","Fitnes naprave","2045","Vibracijske plošče","Šport -> Fitnes in vadba -> Fitnes naprave -> Vibracijske plošče"
"Šport","Fitnes in vadba","Fitnes naprave","2046","Večnamenske naprave","Šport -> Fitnes in vadba -> Fitnes naprave -> Večnamenske naprave"
"Šport","Fitnes in vadba","Fitnes naprave","2047","Klopi","Šport -> Fitnes in vadba -> Fitnes naprave -> Klopi"
"Šport","Fitnes in vadba","Vse za vadbo","1936","Drogovi, ročke in trakovi","Šport -> Fitnes in vadba -> Vse za vadbo -> Drogovi, ročke in trakovi"
"Šport","Fitnes in vadba","Vse za vadbo","1937","Uteži","Šport -> Fitnes in vadba -> Vse za vadbo -> Uteži"
"Šport","Fitnes in vadba","Vse za vadbo","1938","Blazine za vadbo","Šport -> Fitnes in vadba -> Vse za vadbo -> Blazine za vadbo"
"Šport","Fitnes in vadba","Vse za vadbo","1939","Vadbeni pripomočki","Šport -> Fitnes in vadba -> Vse za vadbo -> Vadbeni pripomočki"
"Šport","Fitnes in vadba","Vse za vadbo","1940","Vadbene žoge","Šport -> Fitnes in vadba -> Vse za vadbo -> Vadbene žoge"
"Šport","Fitnes in vadba","Borilni športi","1941","Boksarske vreče","Šport -> Fitnes in vadba -> Borilni športi -> Boksarske vreče"
"Šport","Fitnes in vadba","Borilni športi","1942","Zaščitna oprema  za borilne športe","Šport -> Fitnes in vadba -> Borilni športi -> Zaščitna oprema  za borilne športe"
"Šport","Fitnes in vadba","Borilni športi","1943","Oprema za borilni šport","Šport -> Fitnes in vadba -> Borilni športi -> Oprema za borilni šport"
"Šport","Zimski športi","Smučanje","206","Smuči","Šport -> Zimski športi -> Smučanje -> Smuči"
"Šport","Zimski športi","Smučanje","210","Smučarske vezi","Šport -> Zimski športi -> Smučanje -> Smučarske vezi"
"Šport","Zimski športi","Smučanje","211","Smučarski čevlji","Šport -> Zimski športi -> Smučanje -> Smučarski čevlji"
"Šport","Zimski športi","Smučanje","212","Smučarska oprema","Šport -> Zimski športi -> Smučanje -> Smučarska oprema"
"Šport","Zimski športi","Smučanje","2050","Smučarske čelade","Šport -> Zimski športi -> Smučanje -> Smučarske čelade"
"Šport","Zimski športi","Smučanje","2051","Smučarska očala","Šport -> Zimski športi -> Smučanje -> Smučarska očala"
"Šport","Zimski športi","Snowboard","209","Boardi / deske","Šport -> Zimski športi -> Snowboard -> Boardi / deske"
"Šport","Zimski športi","Snowboard","2021","Snowboard vezi","Šport -> Zimski športi -> Snowboard -> Snowboard vezi"
"Šport","Zimski športi","Snowboard","2022","Čevlji za snowboard / deskanje","Šport -> Zimski športi -> Snowboard -> Čevlji za snowboard / deskanje"
"Šport","Zimski športi","Snowboard","2023","Ostala snowboard oprema","Šport -> Zimski športi -> Snowboard -> Ostala snowboard oprema"
"Šport","Zimski športi","Tek na smučeh","207","Tekaške smuči","Šport -> Zimski športi -> Tek na smučeh -> Tekaške smuči"
"Šport","Zimski športi","Tek na smučeh","2024","Čevlji za tekaške smuči","Šport -> Zimski športi -> Tek na smučeh -> Čevlji za tekaške smuči"
"Šport","Zimski športi","Tek na smučeh","2025","Oprema za tek na smučeh","Šport -> Zimski športi -> Tek na smučeh -> Oprema za tek na smučeh"
"Šport","Zimski športi","Turno smučanje","297","Turna oprema","Šport -> Zimski športi -> Turno smučanje -> Turna oprema"
"Šport","Zimski športi","Turno smučanje","2026","Turne smuči","Šport -> Zimski športi -> Turno smučanje -> Turne smuči"
"Šport","Zimski športi","Turno smučanje","2027","Čevlji za turno smučanje","Šport -> Zimski športi -> Turno smučanje -> Čevlji za turno smučanje"
"Šport","Zimski športi","Turno smučanje","2028","Vezi za turno smučanje","Šport -> Zimski športi -> Turno smučanje -> Vezi za turno smučanje"
"Šport","Zimski športi","Zimske športne aktivnosti","309","Sankanje","Šport -> Zimski športi -> Zimske športne aktivnosti -> Sankanje"
"Šport","Zimski športi","Zimske športne aktivnosti","2029","Drsanje","Šport -> Zimski športi -> Zimske športne aktivnosti -> Drsanje"
"Šport","Pohodništvo in plezanje","Plezalna oprema","2035","Klini in kladiva","Šport -> Pohodništvo in plezanje -> Plezalna oprema -> Klini in kladiva"
"Šport","Pohodništvo in plezanje","Plezalna oprema","2036","Metulji in  zatiči","Šport -> Pohodništvo in plezanje -> Plezalna oprema -> Metulji in  zatiči"
"Šport","Pohodništvo in plezanje","Plezalna oprema","2037","Plezalne vponke in sistemi","Šport -> Pohodništvo in plezanje -> Plezalna oprema -> Plezalne vponke in sistemi"
"Šport","Pohodništvo in plezanje","Plezalna oprema","2038","Plezalne vrvi in pribor","Šport -> Pohodništvo in plezanje -> Plezalna oprema -> Plezalne vrvi in pribor"
"Šport","Pohodništvo in plezanje","Plezalna oprema","2039","Ostali plezalni pripomočki","Šport -> Pohodništvo in plezanje -> Plezalna oprema -> Ostali plezalni pripomočki"
"Šport","Pohodništvo in plezanje","Dodatki za plezalce","1926","Plezalne čelade","Šport -> Pohodništvo in plezanje -> Dodatki za plezalce -> Plezalne čelade"
"Šport","Pohodništvo in plezanje","Dodatki za plezalce","1927","Plezalni čevlji / plezalniki","Šport -> Pohodništvo in plezanje -> Dodatki za plezalce -> Plezalni čevlji / plezalniki"
"Šport","Pohodništvo in plezanje","Dodatki za plezalce","1928","Plezalni pasovi","Šport -> Pohodništvo in plezanje -> Dodatki za plezalce -> Plezalni pasovi"
"Šport","Pohodništvo in plezanje","Oprema za sneg in led","1929","Cepini in pribor","Šport -> Pohodništvo in plezanje -> Oprema za sneg in led -> Cepini in pribor"
"Šport","Pohodništvo in plezanje","Oprema za sneg in led","1930","Dereze","Šport -> Pohodništvo in plezanje -> Oprema za sneg in led -> Dereze"
"Šport","Pohodništvo in plezanje","Oprema za sneg in led","1931","Vijaki in varovala","Šport -> Pohodništvo in plezanje -> Oprema za sneg in led -> Vijaki in varovala"
"Šport","Pohodništvo in plezanje","Oprema za sneg in led","1932","Ostala oprema za sneg in led","Šport -> Pohodništvo in plezanje -> Oprema za sneg in led -> Ostala oprema za sneg in led"
"Šport","Pohodništvo in plezanje","Pohodništvo","296","Pohodniški nahrbtniki in torbe","Šport -> Pohodništvo in plezanje -> Pohodništvo -> Pohodniški nahrbtniki in torbe"
"Šport","Pohodništvo in plezanje","Pohodništvo","1933","Pohodniške palice","Šport -> Pohodništvo in plezanje -> Pohodništvo -> Pohodniške palice"
"Šport","Pohodništvo in plezanje","Pohodništvo","1935","Ostala pohodniška oprema","Šport -> Pohodništvo in plezanje -> Pohodništvo -> Ostala pohodniška oprema"
"Šport","Kolesarstvo","Kolesa","213","Gorska / MTB kolesa","Šport -> Kolesarstvo -> Kolesa -> Gorska / MTB kolesa"
"Šport","Kolesarstvo","Kolesa","214","Cestna kolesa","Šport -> Kolesarstvo -> Kolesa -> Cestna kolesa"
"Šport","Kolesarstvo","Kolesa","215","Treking / cross kolesa","Šport -> Kolesarstvo -> Kolesa -> Treking / cross kolesa"
"Šport","Kolesarstvo","Kolesa","216","Otroška kolesa","Šport -> Kolesarstvo -> Kolesa -> Otroška kolesa"
"Šport","Kolesarstvo","Kolesa","217","Ostala kolesa","Šport -> Kolesarstvo -> Kolesa -> Ostala kolesa"
"Šport","Kolesarstvo","Kolesa","222","Mestna kolesa","Šport -> Kolesarstvo -> Kolesa -> Mestna kolesa"
"Šport","Kolesarstvo","Kolesa","2034","BMX kolesa","Šport -> Kolesarstvo -> Kolesa -> BMX kolesa"
"Šport","Kolesarstvo","Kolesa","2058","Električna kolesa","Šport -> Kolesarstvo -> Kolesa -> Električna kolesa"
"Šport","Kolesarstvo","Kolesa","2059","Zložljiva kolesa","Šport -> Kolesarstvo -> Kolesa -> Zložljiva kolesa"
"Šport","Kolesarstvo","Dodatna kolesarska oprema","219","Ostala kolesarska oprema","Šport -> Kolesarstvo -> Dodatna kolesarska oprema -> Ostala kolesarska oprema"
"Šport","Kolesarstvo","Dodatna kolesarska oprema","1905","Bidoni in nosilci","Šport -> Kolesarstvo -> Dodatna kolesarska oprema -> Bidoni in nosilci"
"Šport","Kolesarstvo","Dodatna kolesarska oprema","1906","Kolesarske čelade","Šport -> Kolesarstvo -> Dodatna kolesarska oprema -> Kolesarske čelade"
"Šport","Kolesarstvo","Dodatna kolesarska oprema","1907","Kolesarske ključavnice","Šport -> Kolesarstvo -> Dodatna kolesarska oprema -> Kolesarske ključavnice"
"Šport","Kolesarstvo","Dodatna kolesarska oprema","1908","Kolesarski nahrbtniki","Šport -> Kolesarstvo -> Dodatna kolesarska oprema -> Kolesarski nahrbtniki"
"Šport","Kolesarstvo","Dodatna kolesarska oprema","1909","Kolesarski števci / računalniki","Šport -> Kolesarstvo -> Dodatna kolesarska oprema -> Kolesarski števci / računalniki"
"Šport","Kolesarstvo","Dodatna kolesarska oprema","1910","Kolesarski otroški sedeži in prikolice","Šport -> Kolesarstvo -> Dodatna kolesarska oprema -> Kolesarski otroški sedeži in prikolice"
"Šport","Kolesarstvo","Dodatna kolesarska oprema","1911","Kolesarske svetilke in luči","Šport -> Kolesarstvo -> Dodatna kolesarska oprema -> Kolesarske svetilke in luči"
"Šport","Kolesarstvo","Dodatna kolesarska oprema","1912","Kolesarske tlačilke","Šport -> Kolesarstvo -> Dodatna kolesarska oprema -> Kolesarske tlačilke"
"Šport","Kolesarstvo","Dodatna kolesarska oprema","1913","Kolesarske torbe in košare","Šport -> Kolesarstvo -> Dodatna kolesarska oprema -> Kolesarske torbe in košare"
"Šport","Kolesarstvo","Dodatna kolesarska oprema","1914","Trenažerji in oprema","Šport -> Kolesarstvo -> Dodatna kolesarska oprema -> Trenažerji in oprema"
"Šport","Kolesarstvo","Dodatna kolesarska oprema","1915","Kolesarska zaščitna oprema in dodatki","Šport -> Kolesarstvo -> Dodatna kolesarska oprema -> Kolesarska zaščitna oprema in dodatki"
"Šport","Kolesarstvo","Kolesarske komponente","218","Ostali kolesarski deli","Šport -> Kolesarstvo -> Kolesarske komponente -> Ostali kolesarski deli"
"Šport","Kolesarstvo","Kolesarske komponente","305","Kolesarski okvirji in deli okvirjev","Šport -> Kolesarstvo -> Kolesarske komponente -> Kolesarski okvirji in deli okvirjev"
"Šport","Kolesarstvo","Kolesarske komponente","306","Kolesarske pnevmatike, zračnice in platišča","Šport -> Kolesarstvo -> Kolesarske komponente -> Kolesarske pnevmatike, zračnice in platišča"
"Šport","Kolesarstvo","Kolesarske komponente","1916","Krmila in ročke","Šport -> Kolesarstvo -> Kolesarske komponente -> Krmila in ročke"
"Šport","Kolesarstvo","Kolesarske komponente","1917","Kolesarska pedala in dodatki","Šport -> Kolesarstvo -> Kolesarske komponente -> Kolesarska pedala in dodatki"
"Šport","Kolesarstvo","Kolesarske komponente","1918","Kolesarski sedeži in dodatki","Šport -> Kolesarstvo -> Kolesarske komponente -> Kolesarski sedeži in dodatki"
"Šport","Kolesarstvo","Kolesarske komponente","1919","Verižniki in verige","Šport -> Kolesarstvo -> Kolesarske komponente -> Verižniki in verige"
"Šport","Kolesarstvo","Kolesarske komponente","1920","Kolesarsko vzmetenje","Šport -> Kolesarstvo -> Kolesarske komponente -> Kolesarsko vzmetenje"
"Šport","Kolesarstvo","Kolesarske komponente","1921","Kolesarski zavorni sistem","Šport -> Kolesarstvo -> Kolesarske komponente -> Kolesarski zavorni sistem"
"Šport","Kolesarstvo","Kolesarsko orodje in vzdrževanje","1922","Čistila za kolo","Šport -> Kolesarstvo -> Kolesarsko orodje in vzdrževanje -> Čistila za kolo"
"Šport","Kolesarstvo","Kolesarsko orodje in vzdrževanje","1923","Kolesarska maziva in olja","Šport -> Kolesarstvo -> Kolesarsko orodje in vzdrževanje -> Kolesarska maziva in olja"
"Šport","Kolesarstvo","Kolesarsko orodje in vzdrževanje","1924","Kolesarsko orodje in pripomočki","Šport -> Kolesarstvo -> Kolesarsko orodje in vzdrževanje -> Kolesarsko orodje in pripomočki"
"Šport","Kolesarstvo","Kolesarsko orodje in vzdrževanje","1925","Shranjevanje koles","Šport -> Kolesarstvo -> Kolesarsko orodje in vzdrževanje -> Shranjevanje koles"
"Šport","Prosti čas","Kampiranje","298","Šotori in senčniki","Šport -> Prosti čas -> Kampiranje -> Šotori in senčniki"
"Šport","Prosti čas","Kampiranje","299","Oprema za kampiranje","Šport -> Prosti čas -> Kampiranje -> Oprema za kampiranje"
"Šport","Prosti čas","Kampiranje","485","Pohištvo za kampiranje","Šport -> Prosti čas -> Kampiranje -> Pohištvo za kampiranje"
"Šport","Prosti čas","Kampiranje","2048","Spalne vreče","Šport -> Prosti čas -> Kampiranje -> Spalne vreče"
"Šport","Prosti čas","Na kolescih","315","Rolerji","Šport -> Prosti čas -> Na kolescih -> Rolerji"
"Šport","Prosti čas","Na kolescih","1992","Skate / rolkanje","Šport -> Prosti čas -> Na kolescih -> Skate / rolkanje"
"Šport","Prosti čas","Na kolescih","1993","Skiroji","Šport -> Prosti čas -> Na kolescih -> Skiroji"
"Šport","Prosti čas","Na kolescih","1994","Ščitniki","Šport -> Prosti čas -> Na kolescih -> Ščitniki"
"Šport","Prosti čas","Na kolescih","1995","Dodatna oprema","Šport -> Prosti čas -> Na kolescih -> Dodatna oprema"
"Šport","Prosti čas","Na kolescih","2960","Električni skiroji","Šport -> Prosti čas -> Na kolescih -> Električni skiroji"
"Šport","Prosti čas","Namizni športi","580","Biljard","Šport -> Prosti čas -> Namizni športi -> Biljard"
"Šport","Prosti čas","Namizni športi","1996","Namizni nogomet","Šport -> Prosti čas -> Namizni športi -> Namizni nogomet"
"Šport","Prosti čas","Namizni športi","1998","Namizni hokej","Šport -> Prosti čas -> Namizni športi -> Namizni hokej"
"Šport","Prosti čas","Ribolov","312","Ribiški pribor / oprema","Šport -> Prosti čas -> Ribolov -> Ribiški pribor / oprema"
"Šport","Prosti čas","Ribolov","1999","Ribiške palice in kompleti","Šport -> Prosti čas -> Ribolov -> Ribiške palice in kompleti"
"Šport","Prosti čas","Ribolov","2000","Vabe","Šport -> Prosti čas -> Ribolov -> Vabe"
"Šport","Prosti čas","Prostočasne aktivnosti","530","Poker","Šport -> Prosti čas -> Prostočasne aktivnosti -> Poker"
"Šport","Prosti čas","Prostočasne aktivnosti","2001","Igre na plaži","Šport -> Prosti čas -> Prostočasne aktivnosti -> Igre na plaži"
"Šport","Prosti čas","Prostočasne aktivnosti","2002","Pikado","Šport -> Prosti čas -> Prostočasne aktivnosti -> Pikado"
"Šport","Prosti čas","Prostočasne aktivnosti","2003","Šah","Šport -> Prosti čas -> Prostočasne aktivnosti -> Šah"
"Šport","Športi na prostem","Modelarstvo","590","Modeli avtomobilov","Šport -> Športi na prostem -> Modelarstvo -> Modeli avtomobilov"
"Šport","Športi na prostem","Modelarstvo","591","Modeli letal in helikopterjev","Šport -> Športi na prostem -> Modelarstvo -> Modeli letal in helikopterjev"
"Šport","Športi na prostem","Modelarstvo","592","Modeli plovil","Šport -> Športi na prostem -> Modelarstvo -> Modeli plovil"
"Šport","Športi na prostem","Modelarstvo","593","Modelarska elektro-tehnična oprema","Šport -> Športi na prostem -> Modelarstvo -> Modelarska elektro-tehnična oprema"
"Šport","Športi na prostem","Modelarstvo","594","Materiali in orodja za modelarstvo","Šport -> Športi na prostem -> Modelarstvo -> Materiali in orodja za modelarstvo"
"Šport","Športi na prostem","Modelarstvo","595","Motorji, goriva in olja za modelarstvo","Šport -> Športi na prostem -> Modelarstvo -> Motorji, goriva in olja za modelarstvo"
"Šport","Športi na prostem","Modelarstvo","596","Modelarski rezervni deli in oprema","Šport -> Športi na prostem -> Modelarstvo -> Modelarski rezervni deli in oprema"
"Šport","Športi na prostem","Modelarstvo","597","RV sistemi","Šport -> Športi na prostem -> Modelarstvo -> RV sistemi"
"Šport","Športi na prostem","Modelarstvo","2049","Multikopterji / droni","Šport -> Športi na prostem -> Modelarstvo -> Multikopterji / droni"
"Šport","Športi na prostem","Tek","2004","Dodatki za tek","Šport -> Športi na prostem -> Tek -> Dodatki za tek"
"Šport","Športi na prostem","Tek","2005","Tekaški pasovi in nahrbtniki","Šport -> Športi na prostem -> Tek -> Tekaški pasovi in nahrbtniki"
"Šport","Športi na prostem","Golf","2006","Golf palice","Šport -> Športi na prostem -> Golf -> Golf palice"
"Šport","Športi na prostem","Golf","2007","Golf žogice","Šport -> Športi na prostem -> Golf -> Golf žogice"
"Šport","Športi na prostem","Golf","2008","Golf seti","Šport -> Športi na prostem -> Golf -> Golf seti"
"Šport","Športi na prostem","Golf","2009","Golf oprema","Šport -> Športi na prostem -> Golf -> Golf oprema"
"Šport","Športi na prostem","Jahanje","2010","Hrana in priboljški za konja","Šport -> Športi na prostem -> Jahanje -> Hrana in priboljški za konja"
"Šport","Športi na prostem","Jahanje","2011","Nega konja","Šport -> Športi na prostem -> Jahanje -> Nega konja"
"Šport","Športi na prostem","Jahanje","2012","Oprema za konja","Šport -> Športi na prostem -> Jahanje -> Oprema za konja"
"Šport","Športi na prostem","Jahanje","2013","Oprema za jahača","Šport -> Športi na prostem -> Jahanje -> Oprema za jahača"
"Šport","Športi na prostem","Jahanje","2014","Hlevska oprema","Šport -> Športi na prostem -> Jahanje -> Hlevska oprema"
"Šport","Športi na prostem","Lokostrelstvo","2015","Loki","Šport -> Športi na prostem -> Lokostrelstvo -> Loki"
"Šport","Športi na prostem","Lokostrelstvo","2016","Puščice in deli","Šport -> Športi na prostem -> Lokostrelstvo -> Puščice in deli"
"Šport","Športi na prostem","Lokostrelstvo","2017","Tarče in podloge","Šport -> Športi na prostem -> Lokostrelstvo -> Tarče in podloge"
"Šport","Športi na prostem","Lov","2018","Lovska oprema","Šport -> Športi na prostem -> Lov -> Lovska oprema"
"Šport","Športi na prostem","Lov","2019","Lovska oblačila","Šport -> Športi na prostem -> Lov -> Lovska oblačila"
"Šport","Športi na prostem","Lov","2020","Lovska optika","Šport -> Športi na prostem -> Lov -> Lovska optika"
"Šport","Športi z loparjem","Badminton","1944","Badminton loparji","Šport -> Športi z loparjem -> Badminton -> Badminton loparji"
"Šport","Športi z loparjem","Badminton","1945","Badminton igralni kompleti","Šport -> Športi z loparjem -> Badminton -> Badminton igralni kompleti"
"Šport","Športi z loparjem","Badminton","1946","Badminton žogice","Šport -> Športi z loparjem -> Badminton -> Badminton žogice"
"Šport","Športi z loparjem","Speedminton","1947","Speedminton loparji","Šport -> Športi z loparjem -> Speedminton -> Speedminton loparji"
"Šport","Športi z loparjem","Speedminton","1948","Speedminton igralni kompleti","Šport -> Športi z loparjem -> Speedminton -> Speedminton igralni kompleti"
"Šport","Športi z loparjem","Speedminton","1949","Speedminton žogice","Šport -> Športi z loparjem -> Speedminton -> Speedminton žogice"
"Šport","Športi z loparjem","Squash","1950","Squash loparji","Šport -> Športi z loparjem -> Squash -> Squash loparji"
"Šport","Športi z loparjem","Squash","1951","Squash igralni kompleti","Šport -> Športi z loparjem -> Squash -> Squash igralni kompleti"
"Šport","Športi z loparjem","Squash","1952","Squash žogice","Šport -> Športi z loparjem -> Squash -> Squash žogice"
"Šport","Športi z loparjem","Tenis","1953","Tenis loparji","Šport -> Športi z loparjem -> Tenis -> Tenis loparji"
"Šport","Športi z loparjem","Tenis","1954","Tenis igralni kompleti","Šport -> Športi z loparjem -> Tenis -> Tenis igralni kompleti"
"Šport","Športi z loparjem","Tenis","1955","Tenis žogice","Šport -> Športi z loparjem -> Tenis -> Tenis žogice"
"Šport","Športi z loparjem","Dodatna oprema za športe z loparjem","522","Strune za športe z loparjem","Šport -> Športi z loparjem -> Dodatna oprema za športe z loparjem -> Strune za športe z loparjem"
"Šport","Športi z loparjem","Dodatna oprema za športe z loparjem","524","Gripi za loparje","Šport -> Športi z loparjem -> Dodatna oprema za športe z loparjem -> Gripi za loparje"
"Šport","Športi z loparjem","Dodatna oprema za športe z loparjem","526","Ostala oprema za športe z loparjem","Šport -> Športi z loparjem -> Dodatna oprema za športe z loparjem -> Ostala oprema za športe z loparjem"
"Šport","Športi z loparjem","Namizni tenis","2054","Loparji za namizni tenis","Šport -> Športi z loparjem -> Namizni tenis -> Loparji za namizni tenis"
"Šport","Športi z loparjem","Namizni tenis","2055","Žogice za namizni tenis","Šport -> Športi z loparjem -> Namizni tenis -> Žogice za namizni tenis"
"Šport","Športi z loparjem","Namizni tenis","2056","Mize za namizni tenis","Šport -> Športi z loparjem -> Namizni tenis -> Mize za namizni tenis"
"Šport","Športi z loparjem","Namizni tenis","2057","Dodatki za namizni tenis","Šport -> Športi z loparjem -> Namizni tenis -> Dodatki za namizni tenis"
"Šport","Ekipni športi","Košarka","1956","Košarkarske žoge","Šport -> Ekipni športi -> Košarka -> Košarkarske žoge"
"Šport","Ekipni športi","Košarka","1957","Koši in dodatki","Šport -> Ekipni športi -> Košarka -> Koši in dodatki"
"Šport","Ekipni športi","Košarka","1958","Ostala košarkarska oprema","Šport -> Ekipni športi -> Košarka -> Ostala košarkarska oprema"
"Šport","Ekipni športi","Nogomet","1959","Nogometne žoge","Šport -> Ekipni športi -> Nogomet -> Nogometne žoge"
"Šport","Ekipni športi","Nogomet","1960","Nogometni goli in oprema","Šport -> Ekipni športi -> Nogomet -> Nogometni goli in oprema"
"Šport","Ekipni športi","Nogomet","1961","Nogometni ščitniki","Šport -> Ekipni športi -> Nogomet -> Nogometni ščitniki"
"Šport","Ekipni športi","Nogomet","1962","Ostala nogometna oprema","Šport -> Ekipni športi -> Nogomet -> Ostala nogometna oprema"
"Šport","Ekipni športi","Rokomet","1963","Rokometne žoge","Šport -> Ekipni športi -> Rokomet -> Rokometne žoge"
"Šport","Ekipni športi","Rokomet","1964","Rokometni ščitniki","Šport -> Ekipni športi -> Rokomet -> Rokometni ščitniki"
"Šport","Ekipni športi","Rokomet","1965","Rokometni goli in oprema","Šport -> Ekipni športi -> Rokomet -> Rokometni goli in oprema"
"Šport","Ekipni športi","Rokomet","1966","Ostala rokometna oprema","Šport -> Ekipni športi -> Rokomet -> Ostala rokometna oprema"
"Šport","Ekipni športi","Odbojka","1967","Žoge za odbojko","Šport -> Ekipni športi -> Odbojka -> Žoge za odbojko"
"Šport","Ekipni športi","Odbojka","1968","Stojala in mreže za odbojko","Šport -> Ekipni športi -> Odbojka -> Stojala in mreže za odbojko"
"Šport","Ekipni športi","Odbojka","1969","Ostala oprema za odbojko","Šport -> Ekipni športi -> Odbojka -> Ostala oprema za odbojko"
"Šport","Ekipni športi","Airsoft in paintball","1970","Airsoft orožje","Šport -> Ekipni športi -> Airsoft in paintball -> Airsoft orožje"
"Šport","Ekipni športi","Airsoft in paintball","1971","Airsoft oprema","Šport -> Ekipni športi -> Airsoft in paintball -> Airsoft oprema"
"Šport","Ekipni športi","Airsoft in paintball","1972","Paintball oprema","Šport -> Ekipni športi -> Airsoft in paintball -> Paintball oprema"
"Šport","Ekipni športi","Airsoft in paintball","1973","Zaščitna oprema za airsoft / paintball","Šport -> Ekipni športi -> Airsoft in paintball -> Zaščitna oprema za airsoft / paintball"
"Šport","Ekipni športi","Airsoft in paintball","1974","Taktična oprema","Šport -> Ekipni športi -> Airsoft in paintball -> Taktična oprema"
"Šport","Ekipni športi","Hokej","1975","Drsalke za hokej","Šport -> Ekipni športi -> Hokej -> Drsalke za hokej"
"Šport","Ekipni športi","Hokej","1976","Hokej goli in oprema","Šport -> Ekipni športi -> Hokej -> Hokej goli in oprema"
"Šport","Ekipni športi","Hokej","1977","Hokej palice","Šport -> Ekipni športi -> Hokej -> Hokej palice"
"Šport","Ekipni športi","Hokej","1978","Zaščitna oprema za hokej","Šport -> Ekipni športi -> Hokej -> Zaščitna oprema za hokej"
"Šport","Ekipni športi","Hokej","1979","Ostala hokej oprema","Šport -> Ekipni športi -> Hokej -> Ostala hokej oprema"
"Šport","Ekipni športi","Drugi ekipni športi","1980","Ameriški nogomet / rugby","Šport -> Ekipni športi -> Drugi ekipni športi -> Ameriški nogomet / rugby"
"Šport","Ekipni športi","Drugi ekipni športi","1981","Baseball / softball","Šport -> Ekipni športi -> Drugi ekipni športi -> Baseball / softball"
"Šport","Športna oprema in prehrana","Športna prehrana","283","Beljakovine / proteini","Šport -> Športna oprema in prehrana -> Športna prehrana -> Beljakovine / proteini"
"Šport","Športna oprema in prehrana","Športna prehrana","284","Glutamin","Šport -> Športna oprema in prehrana -> Športna prehrana -> Glutamin"
"Šport","Športna oprema in prehrana","Športna prehrana","285","Aminokisline","Šport -> Športna oprema in prehrana -> Športna prehrana -> Aminokisline"
"Šport","Športna oprema in prehrana","Športna prehrana","286","Kreatin","Šport -> Športna oprema in prehrana -> Športna prehrana -> Kreatin"
"Šport","Športna oprema in prehrana","Športna prehrana","288","Maščobne kisline","Šport -> Športna oprema in prehrana -> Športna prehrana -> Maščobne kisline"
"Šport","Športna oprema in prehrana","Športna prehrana","289","Nadomestki obroka","Šport -> Športna oprema in prehrana -> Športna prehrana -> Nadomestki obroka"
"Šport","Športna oprema in prehrana","Športna prehrana","290","Vitamini in minerali","Šport -> Športna oprema in prehrana -> Športna prehrana -> Vitamini in minerali"
"Šport","Športna oprema in prehrana","Športna prehrana","292","Gainerji","Šport -> Športna oprema in prehrana -> Športna prehrana -> Gainerji"
"Šport","Športna oprema in prehrana","Športna prehrana","293","Izguba maščobe","Šport -> Športna oprema in prehrana -> Športna prehrana -> Izguba maščobe"
"Šport","Športna oprema in prehrana","Športna prehrana","307","Energija / vzdržljivost","Šport -> Športna oprema in prehrana -> Športna prehrana -> Energija / vzdržljivost"
"Šport","Športna oprema in prehrana","Športna prehrana","2052","Shakerji in dodatki","Šport -> Športna oprema in prehrana -> Športna prehrana -> Shakerji in dodatki"
"Šport","Športna oprema in prehrana","Ure, merilci in GPS","303","Pametne ure in merilci","Šport -> Športna oprema in prehrana -> Ure, merilci in GPS -> Pametne ure in merilci"
"Šport","Športna oprema in prehrana","Ure, merilci in GPS","314","Oprema za pametne ure in merilce","Šport -> Športna oprema in prehrana -> Ure, merilci in GPS -> Oprema za pametne ure in merilce"
"Šport","Športna oprema in prehrana","Ure, merilci in GPS","320","GPS enote (ročne)","Šport -> Športna oprema in prehrana -> Ure, merilci in GPS -> GPS enote (ročne)"
"Šport","Športna oprema in prehrana","Športni dodatki","308","Športne torbe in nahrbtniki","Šport -> Športna oprema in prehrana -> Športni dodatki -> Športne torbe in nahrbtniki"
"Šport","Športna oprema in prehrana","Športni dodatki","494","Športna očala","Šport -> Športna oprema in prehrana -> Športni dodatki -> Športna očala"
"Šport","Športna oprema in prehrana","Športni dodatki","2030","Medalje in pokali","Šport -> Športna oprema in prehrana -> Športni dodatki -> Medalje in pokali"
"Šport","Športna oprema in prehrana","Navijaški kotiček","2031","Navijaška oblačila","Šport -> Športna oprema in prehrana -> Navijaški kotiček -> Navijaška oblačila"
"Šport","Športna oprema in prehrana","Navijaški kotiček","2032","Navijaški rekviziti","Šport -> Športna oprema in prehrana -> Navijaški kotiček -> Navijaški rekviziti"
"Šport","Športna oprema in prehrana","Navijaški kotiček","2033","Navijaški pripomočki","Šport -> Športna oprema in prehrana -> Navijaški kotiček -> Navijaški pripomočki"
"Šport","Vodni športi","Potapljanje","514","Oprema za potapljanje","Šport -> Vodni športi -> Potapljanje -> Oprema za potapljanje"
"Šport","Vodni športi","Potapljanje","1982","Oprema za potapljače","Šport -> Vodni športi -> Potapljanje -> Oprema za potapljače"
"Šport","Vodni športi","Potapljanje","1983","Podvodni ribolov","Šport -> Vodni športi -> Potapljanje -> Podvodni ribolov"
"Šport","Vodni športi","Plavanje","1984","Plavalna očala","Šport -> Vodni športi -> Plavanje -> Plavalna očala"
"Šport","Vodni športi","Plavanje","1985","Plavalne kape","Šport -> Vodni športi -> Plavanje -> Plavalne kape"
"Šport","Vodni športi","Plavanje","1986","Pripomočki za plavanje","Šport -> Vodni športi -> Plavanje -> Pripomočki za plavanje"
"Šport","Vodni športi","Plavanje","2053","Vodni trening","Šport -> Vodni športi -> Plavanje -> Vodni trening"
"Šport","Vodni športi","Športi na vodi","1987","Čolni","Šport -> Vodni športi -> Športi na vodi -> Čolni"
"Šport","Vodni športi","Športi na vodi","1988","Kajaki in kanuji","Šport -> Vodni športi -> Športi na vodi -> Kajaki in kanuji"
"Šport","Vodni športi","Športi na vodi","1989","Kite, wakeboard, surf","Šport -> Vodni športi -> Športi na vodi -> Kite, wakeboard, surf"
"Šport","Vodni športi","Športi na vodi","1990","SUP","Šport -> Vodni športi -> Športi na vodi -> SUP"
"Šport","Vodni športi","Športi na vodi","1991","Navtična oprema","Šport -> Vodni športi -> Športi na vodi -> Navtična oprema"
"Vse za otroke","Otroški vozički in avtosedeži","Otroški avtosedeži","2061","Otroški avtosedeži","Vse za otroke -> Otroški vozički in avtosedeži -> Otroški avtosedeži -> Otroški avtosedeži"
"Vse za otroke","Otroški vozički in avtosedeži","Otroški avtosedeži","2062","Isofix podstavki / baze","Vse za otroke -> Otroški vozički in avtosedeži -> Otroški avtosedeži -> Isofix podstavki / baze"
"Vse za otroke","Otroški vozički in avtosedeži","Otroški avtosedeži","2063","Dodatki za v avto","Vse za otroke -> Otroški vozički in avtosedeži -> Otroški avtosedeži -> Dodatki za v avto"
"Vse za otroke","Otroški vozički in avtosedeži","Otroški avtosedeži","2064","Dodatna oprema za avtosedeže","Vse za otroke -> Otroški vozički in avtosedeži -> Otroški avtosedeži -> Dodatna oprema za avtosedeže"
"Vse za otroke","Otroški vozički in avtosedeži","Otroški vozički","2065","Otroški vozički","Vse za otroke -> Otroški vozički in avtosedeži -> Otroški vozički -> Otroški vozički"
"Vse za otroke","Otroški vozički in avtosedeži","Otroški vozički","2066","Modularni sistemi","Vse za otroke -> Otroški vozički in avtosedeži -> Otroški vozički -> Modularni sistemi"
"Vse za otroke","Otroški vozički in avtosedeži","Otroški vozički","2067","Športni vozički","Vse za otroke -> Otroški vozički in avtosedeži -> Otroški vozički -> Športni vozički"
"Vse za otroke","Otroški vozički in avtosedeži","Otroški vozički","2068","Vozički za dvojčke / trojčke","Vse za otroke -> Otroški vozički in avtosedeži -> Otroški vozički -> Vozički za dvojčke / trojčke"
"Vse za otroke","Otroški vozički in avtosedeži","Otroški vozički","2069","Zimske vreče in prevleke","Vse za otroke -> Otroški vozički in avtosedeži -> Otroški vozički -> Zimske vreče in prevleke"
"Vse za otroke","Otroški vozički in avtosedeži","Otroški vozički","2070","Dodatna oprema za vozičke","Vse za otroke -> Otroški vozički in avtosedeži -> Otroški vozički -> Dodatna oprema za vozičke"
"Vse za otroke","Otroška oprema","Otroška oprema","2071","Elektronske varuške","Vse za otroke -> Otroška oprema -> Otroška oprema -> Elektronske varuške"
"Vse za otroke","Otroška oprema","Otroška oprema","2072","Otroške posteljice","Vse za otroke -> Otroška oprema -> Otroška oprema -> Otroške posteljice"
"Vse za otroke","Otroška oprema","Otroška oprema","2073","Otroška varovala","Vse za otroke -> Otroška oprema -> Otroška oprema -> Otroška varovala"
"Vse za otroke","Otroška oprema","Otroška oprema","2074","Ležalniki / gugalniki","Vse za otroke -> Otroška oprema -> Otroška oprema -> Ležalniki / gugalniki"
"Vse za otroke","Otroška oprema","Otroška oprema","2075","Nahrbtniki / kengurujčki","Vse za otroke -> Otroška oprema -> Otroška oprema -> Nahrbtniki / kengurujčki"
"Vse za otroke","Otroška oprema","Otroška oprema","2076","Hojice in sprehajalci","Vse za otroke -> Otroška oprema -> Otroška oprema -> Hojice in sprehajalci"
"Vse za otroke","Otroška oprema","Otroška oprema","2077","Oblačila za dojenčka","Vse za otroke -> Otroška oprema -> Otroška oprema -> Oblačila za dojenčka"
"Vse za otroke","Otroška oprema","Otroška oprema","2078","Obutev za dojenčka","Vse za otroke -> Otroška oprema -> Otroška oprema -> Obutev za dojenčka"
"Vse za otroke","Otroška oprema","Otroška oprema","2079","Nočne svetilke","Vse za otroke -> Otroška oprema -> Otroška oprema -> Nočne svetilke"
"Vse za otroke","Otroška oprema","Dojenje","2080","Prsne črpalke","Vse za otroke -> Otroška oprema -> Dojenje -> Prsne črpalke"
"Vse za otroke","Otroška oprema","Dojenje","2081","Ščitniki in prsne blazinice","Vse za otroke -> Otroška oprema -> Dojenje -> Ščitniki in prsne blazinice"
"Vse za otroke","Otroška oprema","Dojenje","2082","Blazine za dojenje","Vse za otroke -> Otroška oprema -> Dojenje -> Blazine za dojenje"
"Vse za otroke","Otroška oprema","Hranjenje","2083","Stoli za hranjenje","Vse za otroke -> Otroška oprema -> Hranjenje -> Stoli za hranjenje"
"Vse za otroke","Otroška oprema","Hranjenje","2084","Hrana za otroke","Vse za otroke -> Otroška oprema -> Hranjenje -> Hrana za otroke"
"Vse za otroke","Otroška oprema","Hranjenje","2085","Otroški jedilni pribor","Vse za otroke -> Otroška oprema -> Hranjenje -> Otroški jedilni pribor"
"Vse za otroke","Otroška oprema","Hranjenje","2086","Otroške stekleničke","Vse za otroke -> Otroška oprema -> Hranjenje -> Otroške stekleničke"
"Vse za otroke","Otroška oprema","Hranjenje","2087","Slinčki","Vse za otroke -> Otroška oprema -> Hranjenje -> Slinčki"
"Vse za otroke","Otroška oprema","Hranjenje","2088","Dude","Vse za otroke -> Otroška oprema -> Hranjenje -> Dude"
"Vse za otroke","Otroška oprema","Hranjenje","2089","Sterilizatorji","Vse za otroke -> Otroška oprema -> Hranjenje -> Sterilizatorji"
"Vse za otroke","Otroška oprema","Hranjenje","2090","Grelci stekleničk","Vse za otroke -> Otroška oprema -> Hranjenje -> Grelci stekleničk"
"Vse za otroke","Otroška oprema","Nega otroka","2091","Previjalne mize","Vse za otroke -> Otroška oprema -> Nega otroka -> Previjalne mize"
"Vse za otroke","Otroška oprema","Nega otroka","2092","Previjanje","Vse za otroke -> Otroška oprema -> Nega otroka -> Previjanje"
"Vse za otroke","Otroška oprema","Nega otroka","2093","Previjalne torbe","Vse za otroke -> Otroška oprema -> Nega otroka -> Previjalne torbe"
"Vse za otroke","Otroška oprema","Nega otroka","2094","Plenice","Vse za otroke -> Otroška oprema -> Nega otroka -> Plenice"
"Vse za otroke","Otroška oprema","Nega otroka","2095","Otroške banjice","Vse za otroke -> Otroška oprema -> Nega otroka -> Otroške banjice"
"Vse za otroke","Otroška oprema","Nega otroka","2096","Kahlice","Vse za otroke -> Otroška oprema -> Nega otroka -> Kahlice"
"Vse za otroke","Otroška oprema","Nega otroka","2097","Nega in higiena otrok","Vse za otroke -> Otroška oprema -> Nega otroka -> Nega in higiena otrok"
"Vse za otroke","Otroška oprema","Otroška kozmetika","2098","Otroški šamponi","Vse za otroke -> Otroška oprema -> Otroška kozmetika -> Otroški šamponi"
"Vse za otroke","Otroška oprema","Otroška kozmetika","2099","Otroške kreme","Vse za otroke -> Otroška oprema -> Otroška kozmetika -> Otroške kreme"
"Vse za otroke","Otroška oprema","Otroška kozmetika","2100","Otroška mila","Vse za otroke -> Otroška oprema -> Otroška kozmetika -> Otroška mila"
"Vse za otroke","Otroška oprema","Otroška kozmetika","2101","Ostala otroška kozmetika","Vse za otroke -> Otroška oprema -> Otroška kozmetika -> Ostala otroška kozmetika"
"Vse za otroke","Igrače","Otroške igrače","2102","Punčke in dojenčki","Vse za otroke -> Igrače -> Otroške igrače -> Punčke in dojenčki"
"Vse za otroke","Igrače","Otroške igrače","2103","Dodatki za punčke / dojenčke","Vse za otroke -> Igrače -> Otroške igrače -> Dodatki za punčke / dojenčke"
"Vse za otroke","Igrače","Otroške igrače","2104","Hiške in kuhinje","Vse za otroke -> Igrače -> Otroške igrače -> Hiške in kuhinje"
"Vse za otroke","Igrače","Otroške igrače","2105","Igra vlog","Vse za otroke -> Igrače -> Otroške igrače -> Igra vlog"
"Vse za otroke","Igrače","Otroške igrače","2106","Radijsko vodene igrače","Vse za otroke -> Igrače -> Otroške igrače -> Radijsko vodene igrače"
"Vse za otroke","Igrače","Otroške igrače","2107","Avtomobilčki / vozila","Vse za otroke -> Igrače -> Otroške igrače -> Avtomobilčki / vozila"
"Vse za otroke","Igrače","Otroške igrače","2108","Avtomobilske steze in garaže","Vse za otroke -> Igrače -> Otroške igrače -> Avtomobilske steze in garaže"
"Vse za otroke","Igrače","Otroške igrače","2109","Plovila in letala","Vse za otroke -> Igrače -> Otroške igrače -> Plovila in letala"
"Vse za otroke","Igrače","Otroške igrače","2110","Vlaki in železnice","Vse za otroke -> Igrače -> Otroške igrače -> Vlaki in železnice"
"Vse za otroke","Igrače","Otroške igrače","2111","Pištole, meči in loki","Vse za otroke -> Igrače -> Otroške igrače -> Pištole, meči in loki"
"Vse za otroke","Igrače","Otroške igrače","2151","Figure / figurice","Vse za otroke -> Igrače -> Otroške igrače -> Figure / figurice"
"Vse za otroke","Igrače","Igrače za najmlajše","2112","Ninice / crkljavčki","Vse za otroke -> Igrače -> Igrače za najmlajše -> Ninice / crkljavčki"
"Vse za otroke","Igrače","Igrače za najmlajše","2113","Igralni centri / blazine","Vse za otroke -> Igrače -> Igrače za najmlajše -> Igralni centri / blazine"
"Vse za otroke","Igrače","Igrače za najmlajše","2114","Ropotuljice in grizala","Vse za otroke -> Igrače -> Igrače za najmlajše -> Ropotuljice in grizala"
"Vse za otroke","Igrače","Igrače za najmlajše","2115","Prve igračke","Vse za otroke -> Igrače -> Igrače za najmlajše -> Prve igračke"
"Vse za otroke","Igrače","Igrače za najmlajše","2116","Gugalne igrače","Vse za otroke -> Igrače -> Igrače za najmlajše -> Gugalne igrače"
"Vse za otroke","Igrače","Igrače za najmlajše","2117","Zvočne igrače","Vse za otroke -> Igrače -> Igrače za najmlajše -> Zvočne igrače"
"Vse za otroke","Igrače","Igrače za najmlajše","2118","Plišaste igrače","Vse za otroke -> Igrače -> Igrače za najmlajše -> Plišaste igrače"
"Vse za otroke","Igrače","Poučne in ustvarjalne igrače","2119","Otroška glasbila","Vse za otroke -> Igrače -> Poučne in ustvarjalne igrače -> Otroška glasbila"
"Vse za otroke","Igrače","Poučne in ustvarjalne igrače","2120","Ustvarjalni seti","Vse za otroke -> Igrače -> Poučne in ustvarjalne igrače -> Ustvarjalni seti"
"Vse za otroke","Igrače","Poučne in ustvarjalne igrače","2121","Plastelin in modelirne mase","Vse za otroke -> Igrače -> Poučne in ustvarjalne igrače -> Plastelin in modelirne mase"
"Vse za otroke","Igrače","Poučne in ustvarjalne igrače","2122","Sestavljanke / puzzle","Vse za otroke -> Igrače -> Poučne in ustvarjalne igrače -> Sestavljanke / puzzle"
"Vse za otroke","Igrače","Poučne in ustvarjalne igrače","2123","Družabne igre","Vse za otroke -> Igrače -> Poučne in ustvarjalne igrače -> Družabne igre"
"Vse za otroke","Igrače","Poučne in ustvarjalne igrače","2124","Elektronske / tehnične igrače","Vse za otroke -> Igrače -> Poučne in ustvarjalne igrače -> Elektronske / tehnične igrače"
"Vse za otroke","Igrače","Poučne in ustvarjalne igrače","2125","Raziskovalne igrače","Vse za otroke -> Igrače -> Poučne in ustvarjalne igrače -> Raziskovalne igrače"
"Vse za otroke","Igrače","Poučne in ustvarjalne igrače","2126","Didaktične igrače","Vse za otroke -> Igrače -> Poučne in ustvarjalne igrače -> Didaktične igrače"
"Vse za otroke","Igrače","Knjige, pobarvanke, slikanice in risanke","2127","Otroške knjige","Vse za otroke -> Igrače -> Knjige, pobarvanke, slikanice in risanke -> Otroške knjige"
"Vse za otroke","Igrače","Knjige, pobarvanke, slikanice in risanke","2128","Otroške pobarvanke","Vse za otroke -> Igrače -> Knjige, pobarvanke, slikanice in risanke -> Otroške pobarvanke"
"Vse za otroke","Igrače","Knjige, pobarvanke, slikanice in risanke","2129","Slikanice in pravljice","Vse za otroke -> Igrače -> Knjige, pobarvanke, slikanice in risanke -> Slikanice in pravljice"
"Vse za otroke","Igrače","Knjige, pobarvanke, slikanice in risanke","2130","Otroški delovni zvezki","Vse za otroke -> Igrače -> Knjige, pobarvanke, slikanice in risanke -> Otroški delovni zvezki"
"Vse za otroke","Igrače","Knjige, pobarvanke, slikanice in risanke","2131","Risanke","Vse za otroke -> Igrače -> Knjige, pobarvanke, slikanice in risanke -> Risanke"
"Vse za otroke","Igrače","Kocke in igralni kompleti","2132","Lego kocke","Vse za otroke -> Igrače -> Kocke in igralni kompleti -> Lego kocke"
"Vse za otroke","Igrače","Kocke in igralni kompleti","2134","Ostale kocke","Vse za otroke -> Igrače -> Kocke in igralni kompleti -> Ostale kocke"
"Vse za otroke","Igrače","Kocke in igralni kompleti","2135","Igralni kompleti","Vse za otroke -> Igrače -> Kocke in igralni kompleti -> Igralni kompleti"
"Vse za otroke","Igrače","Kocke in igralni kompleti","2136","Makete","Vse za otroke -> Igrače -> Kocke in igralni kompleti -> Makete"
"Vse za otroke","Igrače","Lesene igrače","2133","Lesene kocke","Vse za otroke -> Igrače -> Lesene igrače -> Lesene kocke"
"Vse za otroke","Igrala in vozila","Zunanja igrala","2137","Otroške gugalnice","Vse za otroke -> Igrala in vozila -> Zunanja igrala -> Otroške gugalnice"
"Vse za otroke","Igrala in vozila","Zunanja igrala","2138","Otroške hiške in šotori","Vse za otroke -> Igrala in vozila -> Zunanja igrala -> Otroške hiške in šotori"
"Vse za otroke","Igrala in vozila","Zunanja igrala","2139","Tobogani","Vse za otroke -> Igrala in vozila -> Zunanja igrala -> Tobogani"
"Vse za otroke","Igrala in vozila","Zunanja igrala","2140","Trampolini","Vse za otroke -> Igrala in vozila -> Zunanja igrala -> Trampolini"
"Vse za otroke","Igrala in vozila","Zunanja igrala","2141","Napihljiva igrala","Vse za otroke -> Igrala in vozila -> Zunanja igrala -> Napihljiva igrala"
"Vse za otroke","Igrala in vozila","Zunanja igrala","2142","Otroški peskovniki","Vse za otroke -> Igrala in vozila -> Zunanja igrala -> Otroški peskovniki"
"Vse za otroke","Igrala in vozila","Zunanja igrala","2143","Otroške mize in stoli","Vse za otroke -> Igrala in vozila -> Zunanja igrala -> Otroške mize in stoli"
"Vse za otroke","Igrala in vozila","Igre na prostem","2144","Skakalne žoge in skakači","Vse za otroke -> Igrala in vozila -> Igre na prostem -> Skakalne žoge in skakači"
"Vse za otroke","Igrala in vozila","Igre na prostem","2145","Športne igrače / igrala","Vse za otroke -> Igrala in vozila -> Igre na prostem -> Športne igrače / igrala"
"Vse za otroke","Igrala in vozila","Igre na prostem","2146","Igrače za vrt / peskovnik","Vse za otroke -> Igrala in vozila -> Igre na prostem -> Igrače za vrt / peskovnik"
"Vse za otroke","Igrala in vozila","Otroška vozila","2147","Otroški poganjalci","Vse za otroke -> Igrala in vozila -> Otroška vozila -> Otroški poganjalci"
"Vse za otroke","Igrala in vozila","Otroška vozila","2148","Otroška akumulatorska vozila","Vse za otroke -> Igrala in vozila -> Otroška vozila -> Otroška akumulatorska vozila"
"Vse za otroke","Igrala in vozila","Otroška vozila","2149","Otroška pogonska vozila","Vse za otroke -> Igrala in vozila -> Otroška vozila -> Otroška pogonska vozila"
"Vse za otroke","Igrala in vozila","Otroška vozila","2150","Otroški tricikli","Vse za otroke -> Igrala in vozila -> Otroška vozila -> Otroški tricikli"
"Dom & Vrt","Bela tehnika","Kuhanje","71","Kuhinjske nape","Dom & Vrt -> Bela tehnika -> Kuhanje -> Kuhinjske nape"
"Dom & Vrt","Bela tehnika","Kuhanje","72","Mikrovalovne pečice","Dom & Vrt -> Bela tehnika -> Kuhanje -> Mikrovalovne pečice"
"Dom & Vrt","Bela tehnika","Kuhanje","73","Vgradne pečice","Dom & Vrt -> Bela tehnika -> Kuhanje -> Vgradne pečice"
"Dom & Vrt","Bela tehnika","Kuhanje","74","Kuhalne plošče","Dom & Vrt -> Bela tehnika -> Kuhanje -> Kuhalne plošče"
"Dom & Vrt","Bela tehnika","Kuhanje","75","Kuhalni seti","Dom & Vrt -> Bela tehnika -> Kuhanje -> Kuhalni seti"
"Dom & Vrt","Bela tehnika","Kuhanje","2587","Mini pečice","Dom & Vrt -> Bela tehnika -> Kuhanje -> Mini pečice"
"Dom & Vrt","Bela tehnika","Kuhanje","2588","Štedilniki","Dom & Vrt -> Bela tehnika -> Kuhanje -> Štedilniki"
"Dom & Vrt","Bela tehnika","Hladilniki","83","Hladilniki","Dom & Vrt -> Bela tehnika -> Hladilniki -> Hladilniki"
"Dom & Vrt","Bela tehnika","Hladilniki","85","Hladilniki z zamrzovalnikom","Dom & Vrt -> Bela tehnika -> Hladilniki -> Hladilniki z zamrzovalnikom"
"Dom & Vrt","Bela tehnika","Hladilniki","1666","Vinske vitrine","Dom & Vrt -> Bela tehnika -> Hladilniki -> Vinske vitrine"
"Dom & Vrt","Bela tehnika","Hladilniki","2585","Dodatki za belo tehniko","Dom & Vrt -> Bela tehnika -> Hladilniki -> Dodatki za belo tehniko"
"Dom & Vrt","Bela tehnika","Pranje in sušenje","87","Pralni stroji","Dom & Vrt -> Bela tehnika -> Pranje in sušenje -> Pralni stroji"
"Dom & Vrt","Bela tehnika","Pranje in sušenje","109","Sušilni stroji","Dom & Vrt -> Bela tehnika -> Pranje in sušenje -> Sušilni stroji"
"Dom & Vrt","Bela tehnika","Pranje in sušenje","2586","Pralno-sušilni stroji","Dom & Vrt -> Bela tehnika -> Pranje in sušenje -> Pralno-sušilni stroji"
"Dom & Vrt","Bela tehnika","Zamrzovalniki","2171","Zamrzovalne omare","Dom & Vrt -> Bela tehnika -> Zamrzovalniki -> Zamrzovalne omare"
"Dom & Vrt","Bela tehnika","Zamrzovalniki","2172","Zamrzovalne skrinje","Dom & Vrt -> Bela tehnika -> Zamrzovalniki -> Zamrzovalne skrinje"
"Dom & Vrt","Bela tehnika","Pomivalni stroji","2173","Prostostoječi pomivalni stroji","Dom & Vrt -> Bela tehnika -> Pomivalni stroji -> Prostostoječi pomivalni stroji"
"Dom & Vrt","Bela tehnika","Pomivalni stroji","2174","Vgradni pomivalni stroji","Dom & Vrt -> Bela tehnika -> Pomivalni stroji -> Vgradni pomivalni stroji"
"Dom & Vrt","Mali gospodinjski aparati","Priprava hrane","70","Opekači kruha","Dom & Vrt -> Mali gospodinjski aparati -> Priprava hrane -> Opekači kruha"
"Dom & Vrt","Mali gospodinjski aparati","Priprava hrane","76","Cvrtniki, friteze","Dom & Vrt -> Mali gospodinjski aparati -> Priprava hrane -> Cvrtniki, friteze"
"Dom & Vrt","Mali gospodinjski aparati","Priprava hrane","82","Kuhinjske tehtnice","Dom & Vrt -> Mali gospodinjski aparati -> Priprava hrane -> Kuhinjske tehtnice"
"Dom & Vrt","Mali gospodinjski aparati","Priprava hrane","142","Aparati za peko kruha","Dom & Vrt -> Mali gospodinjski aparati -> Priprava hrane -> Aparati za peko kruha"
"Dom & Vrt","Mali gospodinjski aparati","Priprava hrane","2175","Aparati za pripravo jogurta","Dom & Vrt -> Mali gospodinjski aparati -> Priprava hrane -> Aparati za pripravo jogurta"
"Dom & Vrt","Mali gospodinjski aparati","Priprava hrane","2176","Aparati za led","Dom & Vrt -> Mali gospodinjski aparati -> Priprava hrane -> Aparati za led"
"Dom & Vrt","Mali gospodinjski aparati","Priprava hrane","2177","Aparati za sladoled","Dom & Vrt -> Mali gospodinjski aparati -> Priprava hrane -> Aparati za sladoled"
"Dom & Vrt","Mali gospodinjski aparati","Priprava hrane","2178","Aparati za vakuumiranje in dodatki","Dom & Vrt -> Mali gospodinjski aparati -> Priprava hrane -> Aparati za vakuumiranje in dodatki"
"Dom & Vrt","Mali gospodinjski aparati","Priprava hrane","2179","Električne ponve","Dom & Vrt -> Mali gospodinjski aparati -> Priprava hrane -> Električne ponve"
"Dom & Vrt","Mali gospodinjski aparati","Priprava hrane","2180","Električni kuhalniki","Dom & Vrt -> Mali gospodinjski aparati -> Priprava hrane -> Električni kuhalniki"
"Dom & Vrt","Mali gospodinjski aparati","Priprava hrane","2181","Kuhalniki za jajca","Dom & Vrt -> Mali gospodinjski aparati -> Priprava hrane -> Kuhalniki za jajca"
"Dom & Vrt","Mali gospodinjski aparati","Priprava hrane","2182","Parni kuhalniki","Dom & Vrt -> Mali gospodinjski aparati -> Priprava hrane -> Parni kuhalniki"
"Dom & Vrt","Mali gospodinjski aparati","Priprava hrane","2183","Sušilniki sadja / dehidratorji","Dom & Vrt -> Mali gospodinjski aparati -> Priprava hrane -> Sušilniki sadja / dehidratorji"
"Dom & Vrt","Mali gospodinjski aparati","Priprava hrane","2184","Kontaktni / kuhinjski žari","Dom & Vrt -> Mali gospodinjski aparati -> Priprava hrane -> Kontaktni / kuhinjski žari"
"Dom & Vrt","Mali gospodinjski aparati","Priprava hrane","2185","Ostali aparati za pripravo hrane","Dom & Vrt -> Mali gospodinjski aparati -> Priprava hrane -> Ostali aparati za pripravo hrane"
"Dom & Vrt","Mali gospodinjski aparati","Žari","2186","Električni / namizni žari","Dom & Vrt -> Mali gospodinjski aparati -> Žari -> Električni / namizni žari"
"Dom & Vrt","Mali gospodinjski aparati","Žari","2187","Plinski žari","Dom & Vrt -> Mali gospodinjski aparati -> Žari -> Plinski žari"
"Dom & Vrt","Mali gospodinjski aparati","Žari","2188","Vrtni / kamin žari","Dom & Vrt -> Mali gospodinjski aparati -> Žari -> Vrtni / kamin žari"
"Dom & Vrt","Mali gospodinjski aparati","Žari","2189","Žari na oglje","Dom & Vrt -> Mali gospodinjski aparati -> Žari -> Žari na oglje"
"Dom & Vrt","Mali gospodinjski aparati","Žari","2190","Oprema za žar","Dom & Vrt -> Mali gospodinjski aparati -> Žari -> Oprema za žar"
"Dom & Vrt","Mali gospodinjski aparati","Priprava napitkov","79","Sokovniki","Dom & Vrt -> Mali gospodinjski aparati -> Priprava napitkov -> Sokovniki"
"Dom & Vrt","Mali gospodinjski aparati","Priprava napitkov","80","Grelniki vode","Dom & Vrt -> Mali gospodinjski aparati -> Priprava napitkov -> Grelniki vode"
"Dom & Vrt","Mali gospodinjski aparati","Priprava napitkov","143","Kavni aparati","Dom & Vrt -> Mali gospodinjski aparati -> Priprava napitkov -> Kavni aparati"
"Dom & Vrt","Mali gospodinjski aparati","Priprava napitkov","2191","Ožemalniki","Dom & Vrt -> Mali gospodinjski aparati -> Priprava napitkov -> Ožemalniki"
"Dom & Vrt","Mali gospodinjski aparati","Priprava napitkov","2192","Penilci mleka","Dom & Vrt -> Mali gospodinjski aparati -> Priprava napitkov -> Penilci mleka"
"Dom & Vrt","Mali gospodinjski aparati","Priprava napitkov","2193","Posode za napitke","Dom & Vrt -> Mali gospodinjski aparati -> Priprava napitkov -> Posode za napitke"
"Dom & Vrt","Mali gospodinjski aparati","Rezalniki in sekljalniki","2194","Mesoreznice","Dom & Vrt -> Mali gospodinjski aparati -> Rezalniki in sekljalniki -> Mesoreznice"
"Dom & Vrt","Mali gospodinjski aparati","Rezalniki in sekljalniki","2195","Salamoreznice","Dom & Vrt -> Mali gospodinjski aparati -> Rezalniki in sekljalniki -> Salamoreznice"
"Dom & Vrt","Mali gospodinjski aparati","Rezalniki in sekljalniki","2196","Sekljalniki","Dom & Vrt -> Mali gospodinjski aparati -> Rezalniki in sekljalniki -> Sekljalniki"
"Dom & Vrt","Mali gospodinjski aparati","Likanje in šivanje","86","Likalniki","Dom & Vrt -> Mali gospodinjski aparati -> Likanje in šivanje -> Likalniki"
"Dom & Vrt","Mali gospodinjski aparati","Likanje in šivanje","2201","Likalne deske","Dom & Vrt -> Mali gospodinjski aparati -> Likanje in šivanje -> Likalne deske"
"Dom & Vrt","Mali gospodinjski aparati","Likanje in šivanje","2202","Parne postaje","Dom & Vrt -> Mali gospodinjski aparati -> Likanje in šivanje -> Parne postaje"
"Dom & Vrt","Mali gospodinjski aparati","Likanje in šivanje","2203","Šivalni stroji","Dom & Vrt -> Mali gospodinjski aparati -> Likanje in šivanje -> Šivalni stroji"
"Dom & Vrt","Mali gospodinjski aparati","Likanje in šivanje","2204","Pripomočki za šivanje","Dom & Vrt -> Mali gospodinjski aparati -> Likanje in šivanje -> Pripomočki za šivanje"
"Dom & Vrt","Mali gospodinjski aparati","Sesalniki","2205","Robotski sesalniki","Dom & Vrt -> Mali gospodinjski aparati -> Sesalniki -> Robotski sesalniki"
"Dom & Vrt","Mali gospodinjski aparati","Sesalniki","2206","Ročni sesalniki","Dom & Vrt -> Mali gospodinjski aparati -> Sesalniki -> Ročni sesalniki"
"Dom & Vrt","Mali gospodinjski aparati","Sesalniki","2207","Ležeči sesalniki","Dom & Vrt -> Mali gospodinjski aparati -> Sesalniki -> Ležeči sesalniki"
"Dom & Vrt","Mali gospodinjski aparati","Sesalniki","2208","Vrečke za sesalnike","Dom & Vrt -> Mali gospodinjski aparati -> Sesalniki -> Vrečke za sesalnike"
"Dom & Vrt","Mali gospodinjski aparati","Sesalniki","2209","Dodatki za sesalnike","Dom & Vrt -> Mali gospodinjski aparati -> Sesalniki -> Dodatki za sesalnike"
"Dom & Vrt","Mali gospodinjski aparati","Mešalniki","2197","Blenderji / smoothie makerji","Dom & Vrt -> Mali gospodinjski aparati -> Mešalniki -> Blenderji / smoothie makerji"
"Dom & Vrt","Mali gospodinjski aparati","Mešalniki","2198","Palični mešalniki","Dom & Vrt -> Mali gospodinjski aparati -> Mešalniki -> Palični mešalniki"
"Dom & Vrt","Mali gospodinjski aparati","Mešalniki","2199","Ročni mešalniki","Dom & Vrt -> Mali gospodinjski aparati -> Mešalniki -> Ročni mešalniki"
"Dom & Vrt","Mali gospodinjski aparati","Mešalniki","2200","Dodatki za kuhinjske aparate","Dom & Vrt -> Mali gospodinjski aparati -> Mešalniki -> Dodatki za kuhinjske aparate"
"Dom & Vrt","Mali gospodinjski aparati","Mešalniki","2626","Kuhinjski roboti in multipraktiki","Dom & Vrt -> Mali gospodinjski aparati -> Mešalniki -> Kuhinjski roboti in multipraktiki"
"Dom & Vrt","V kuhinji","Kuhinjski pripomočki","2593","Cedila","Dom & Vrt -> V kuhinji -> Kuhinjski pripomočki -> Cedila"
"Dom & Vrt","V kuhinji","Kuhinjski pripomočki","2594","Deske za rezanje","Dom & Vrt -> V kuhinji -> Kuhinjski pripomočki -> Deske za rezanje"
"Dom & Vrt","V kuhinji","Kuhinjski pripomočki","2595","Kuhalnice","Dom & Vrt -> V kuhinji -> Kuhinjski pripomočki -> Kuhalnice"
"Dom & Vrt","V kuhinji","Kuhinjski pripomočki","2596","Kuhinjske obračalke /  prijemalke","Dom & Vrt -> V kuhinji -> Kuhinjski pripomočki -> Kuhinjske obračalke /  prijemalke"
"Dom & Vrt","V kuhinji","Kuhinjski pripomočki","2597","Kuhinjske lopatice","Dom & Vrt -> V kuhinji -> Kuhinjski pripomočki -> Kuhinjske lopatice"
"Dom & Vrt","V kuhinji","Kuhinjski pripomočki","2598","Kuhinjske metlice","Dom & Vrt -> V kuhinji -> Kuhinjski pripomočki -> Kuhinjske metlice"
"Dom & Vrt","V kuhinji","Kuhinjski pripomočki","2599","Kuhinjske penovke","Dom & Vrt -> V kuhinji -> Kuhinjski pripomočki -> Kuhinjske penovke"
"Dom & Vrt","V kuhinji","Kuhinjski pripomočki","2600","Kuhinjske zajemalke","Dom & Vrt -> V kuhinji -> Kuhinjski pripomočki -> Kuhinjske zajemalke"
"Dom & Vrt","V kuhinji","Kuhinjski pripomočki","2601","Kuhinjski noži","Dom & Vrt -> V kuhinji -> Kuhinjski pripomočki -> Kuhinjski noži"
"Dom & Vrt","V kuhinji","Kuhinjski pripomočki","2602","Kuhinjski termometri","Dom & Vrt -> V kuhinji -> Kuhinjski pripomočki -> Kuhinjski termometri"
"Dom & Vrt","V kuhinji","Kuhinjski pripomočki","2603","Mlinčki","Dom & Vrt -> V kuhinji -> Kuhinjski pripomočki -> Mlinčki"
"Dom & Vrt","V kuhinji","Kuhinjski pripomočki","2604","Odpirači in zamaški","Dom & Vrt -> V kuhinji -> Kuhinjski pripomočki -> Odpirači in zamaški"
"Dom & Vrt","V kuhinji","Kuhinjski pripomočki","2605","Pribor za kuhanje","Dom & Vrt -> V kuhinji -> Kuhinjski pripomočki -> Pribor za kuhanje"
"Dom & Vrt","V kuhinji","Kuhinjski pripomočki","2606","Rezalniki in strgalniki","Dom & Vrt -> V kuhinji -> Kuhinjski pripomočki -> Rezalniki in strgalniki"
"Dom & Vrt","V kuhinji","Kuhinjski pripomočki","2607","Stiskalniki","Dom & Vrt -> V kuhinji -> Kuhinjski pripomočki -> Stiskalniki"
"Dom & Vrt","V kuhinji","Kuhinjski pripomočki","2608","Vrči za filtriranje vode in filtri","Dom & Vrt -> V kuhinji -> Kuhinjski pripomočki -> Vrči za filtriranje vode in filtri"
"Dom & Vrt","V kuhinji","Kuhinjska posoda","2296","Lonci na pritisk / ekonom lonci","Dom & Vrt -> V kuhinji -> Kuhinjska posoda -> Lonci na pritisk / ekonom lonci"
"Dom & Vrt","V kuhinji","Kuhinjska posoda","2297","Kompleti kuhinjske posode","Dom & Vrt -> V kuhinji -> Kuhinjska posoda -> Kompleti kuhinjske posode"
"Dom & Vrt","V kuhinji","Kuhinjska posoda","2298","Lonci in kozice","Dom & Vrt -> V kuhinji -> Kuhinjska posoda -> Lonci in kozice"
"Dom & Vrt","V kuhinji","Kuhinjska posoda","2299","Pekači","Dom & Vrt -> V kuhinji -> Kuhinjska posoda -> Pekači"
"Dom & Vrt","V kuhinji","Kuhinjska posoda","2300","Pokrovke","Dom & Vrt -> V kuhinji -> Kuhinjska posoda -> Pokrovke"
"Dom & Vrt","V kuhinji","Kuhinjska posoda","2301","Ponve in voki","Dom & Vrt -> V kuhinji -> Kuhinjska posoda -> Ponve in voki"
"Dom & Vrt","V kuhinji","Kuhinjska posoda","2302","Posode za tople napitke","Dom & Vrt -> V kuhinji -> Kuhinjska posoda -> Posode za tople napitke"
"Dom & Vrt","V kuhinji","Namizni program","2303","Jedilni pribor","Dom & Vrt -> V kuhinji -> Namizni program -> Jedilni pribor"
"Dom & Vrt","V kuhinji","Namizni program","2304","Jedilni servis","Dom & Vrt -> V kuhinji -> Namizni program -> Jedilni servis"
"Dom & Vrt","V kuhinji","Namizni program","2305","Kozarci","Dom & Vrt -> V kuhinji -> Namizni program -> Kozarci"
"Dom & Vrt","V kuhinji","Namizni program","2306","Servirne sklede / posode","Dom & Vrt -> V kuhinji -> Namizni program -> Servirne sklede / posode"
"Dom & Vrt","V kuhinji","Namizni program","2307","Servirni pladnji / podstavki","Dom & Vrt -> V kuhinji -> Namizni program -> Servirni pladnji / podstavki"
"Dom & Vrt","V kuhinji","Namizni program","2308","Skodelice","Dom & Vrt -> V kuhinji -> Namizni program -> Skodelice"
"Dom & Vrt","V kuhinji","Namizni program","2309","Vrči","Dom & Vrt -> V kuhinji -> Namizni program -> Vrči"
"Dom & Vrt","V kuhinji","Namizni program","2310","Pripomočki za serviranje","Dom & Vrt -> V kuhinji -> Namizni program -> Pripomočki za serviranje"
"Dom & Vrt","V kuhinji","Shranjevanje in organiziranje živil","2311","Flaške za vodo","Dom & Vrt -> V kuhinji -> Shranjevanje in organiziranje živil -> Flaške za vodo"
"Dom & Vrt","V kuhinji","Shranjevanje in organiziranje živil","2312","Odcejalniki","Dom & Vrt -> V kuhinji -> Shranjevanje in organiziranje živil -> Odcejalniki"
"Dom & Vrt","V kuhinji","Shranjevanje in organiziranje živil","2313","Posode in škatle za kruh","Dom & Vrt -> V kuhinji -> Shranjevanje in organiziranje živil -> Posode in škatle za kruh"
"Dom & Vrt","V kuhinji","Shranjevanje in organiziranje živil","2314","Posode za shranjevanje","Dom & Vrt -> V kuhinji -> Shranjevanje in organiziranje živil -> Posode za shranjevanje"
"Dom & Vrt","V kuhinji","Shranjevanje in organiziranje živil","2315","Stojala","Dom & Vrt -> V kuhinji -> Shranjevanje in organiziranje živil -> Stojala"
"Dom & Vrt","V kuhinji","Shranjevanje in organiziranje živil","2316","Termo posode","Dom & Vrt -> V kuhinji -> Shranjevanje in organiziranje živil -> Termo posode"
"Dom & Vrt","V kuhinji","Shranjevanje in organiziranje živil","2317","Termovke","Dom & Vrt -> V kuhinji -> Shranjevanje in organiziranje živil -> Termovke"
"Dom & Vrt","V kuhinji","Shranjevanje in organiziranje živil","2318","Vlaganje / konzerviranje","Dom & Vrt -> V kuhinji -> Shranjevanje in organiziranje živil -> Vlaganje / konzerviranje"
"Dom & Vrt","V kuhinji","Vse za peko","2319","Modeli za pečenje","Dom & Vrt -> V kuhinji -> Vse za peko -> Modeli za pečenje"
"Dom & Vrt","V kuhinji","Vse za peko","2320","Pekači za peko","Dom & Vrt -> V kuhinji -> Vse za peko -> Pekači za peko"
"Dom & Vrt","V kuhinji","Vse za peko","2321","Pripomočki za peko","Dom & Vrt -> V kuhinji -> Vse za peko -> Pripomočki za peko"
"Dom & Vrt","Hlajenje in gretje","Ogrevalna telesa","92","Radiatorji","Dom & Vrt -> Hlajenje in gretje -> Ogrevalna telesa -> Radiatorji"
"Dom & Vrt","Hlajenje in gretje","Ogrevalna telesa","94","Kaloriferji","Dom & Vrt -> Hlajenje in gretje -> Ogrevalna telesa -> Kaloriferji"
"Dom & Vrt","Hlajenje in gretje","Ogrevalna telesa","392","Bojlerji (grelniki vode)","Dom & Vrt -> Hlajenje in gretje -> Ogrevalna telesa -> Bojlerji (grelniki vode)"
"Dom & Vrt","Hlajenje in gretje","Ogrevalna telesa","2589","Grelniki","Dom & Vrt -> Hlajenje in gretje -> Ogrevalna telesa -> Grelniki"
"Dom & Vrt","Hlajenje in gretje","Ogrevalna telesa","2590","Infra, kvarčne in halogenske peči","Dom & Vrt -> Hlajenje in gretje -> Ogrevalna telesa -> Infra, kvarčne in halogenske peči"
"Dom & Vrt","Hlajenje in gretje","Ogrevalna telesa","2591","IR paneli","Dom & Vrt -> Hlajenje in gretje -> Ogrevalna telesa -> IR paneli"
"Dom & Vrt","Hlajenje in gretje","Ogrevalna telesa","2592","Konvektorji","Dom & Vrt -> Hlajenje in gretje -> Ogrevalna telesa -> Konvektorji"
"Dom & Vrt","Hlajenje in gretje","Ugodna bivalna klima","91","Klimatske naprave","Dom & Vrt -> Hlajenje in gretje -> Ugodna bivalna klima -> Klimatske naprave"
"Dom & Vrt","Hlajenje in gretje","Ugodna bivalna klima","93","Ventilatorji","Dom & Vrt -> Hlajenje in gretje -> Ugodna bivalna klima -> Ventilatorji"
"Dom & Vrt","Hlajenje in gretje","Ugodna bivalna klima","2210","Difuzorji in osvežilci zraka","Dom & Vrt -> Hlajenje in gretje -> Ugodna bivalna klima -> Difuzorji in osvežilci zraka"
"Dom & Vrt","Hlajenje in gretje","Ugodna bivalna klima","2211","Ionizatorji in čistilniki zraka","Dom & Vrt -> Hlajenje in gretje -> Ugodna bivalna klima -> Ionizatorji in čistilniki zraka"
"Dom & Vrt","Hlajenje in gretje","Ugodna bivalna klima","2212","Razvlažilniki","Dom & Vrt -> Hlajenje in gretje -> Ugodna bivalna klima -> Razvlažilniki"
"Dom & Vrt","Hlajenje in gretje","Ugodna bivalna klima","2213","Rekuperatorji","Dom & Vrt -> Hlajenje in gretje -> Ugodna bivalna klima -> Rekuperatorji"
"Dom & Vrt","Hlajenje in gretje","Ugodna bivalna klima","2214","Vlažilniki","Dom & Vrt -> Hlajenje in gretje -> Ugodna bivalna klima -> Vlažilniki"
"Dom & Vrt","Hlajenje in gretje","Toplotne črpalke","2215","Toplotne črpalke za ogrevanje","Dom & Vrt -> Hlajenje in gretje -> Toplotne črpalke -> Toplotne črpalke za ogrevanje"
"Dom & Vrt","Hlajenje in gretje","Toplotne črpalke","2216","Toplotne črpalke za sanitarno vodo","Dom & Vrt -> Hlajenje in gretje -> Toplotne črpalke -> Toplotne črpalke za sanitarno vodo"
"Dom & Vrt","Hlajenje in gretje","Peči, kamini in kotli","391","Kotli","Dom & Vrt -> Hlajenje in gretje -> Peči, kamini in kotli -> Kotli"
"Dom & Vrt","Hlajenje in gretje","Peči, kamini in kotli","2217","Kamini","Dom & Vrt -> Hlajenje in gretje -> Peči, kamini in kotli -> Kamini"
"Dom & Vrt","Hlajenje in gretje","Peči, kamini in kotli","2218","Pribor za kamine / peči","Dom & Vrt -> Hlajenje in gretje -> Peči, kamini in kotli -> Pribor za kamine / peči"
"Dom & Vrt","Hlajenje in gretje","Peči, kamini in kotli","2219","Peči","Dom & Vrt -> Hlajenje in gretje -> Peči, kamini in kotli -> Peči"
"Dom & Vrt","Hlajenje in gretje","Peči, kamini in kotli","2220","Dodatki za ogrevalne naprave","Dom & Vrt -> Hlajenje in gretje -> Peči, kamini in kotli -> Dodatki za ogrevalne naprave"
"Dom & Vrt","Pohištvo","Dnevne sobe","2384","Dnevni regali","Dom & Vrt -> Pohištvo -> Dnevne sobe -> Dnevni regali"
"Dom & Vrt","Pohištvo","Dnevne sobe","2385","Dvosedi / trosedi","Dom & Vrt -> Pohištvo -> Dnevne sobe -> Dvosedi / trosedi"
"Dom & Vrt","Pohištvo","Dnevne sobe","2386","Fotelji / počivalniki / gugalniki","Dom & Vrt -> Pohištvo -> Dnevne sobe -> Fotelji / počivalniki / gugalniki"
"Dom & Vrt","Pohištvo","Dnevne sobe","2387","Klubske mizice","Dom & Vrt -> Pohištvo -> Dnevne sobe -> Klubske mizice"
"Dom & Vrt","Pohištvo","Dnevne sobe","2388","Sedežne garniture","Dom & Vrt -> Pohištvo -> Dnevne sobe -> Sedežne garniture"
"Dom & Vrt","Pohištvo","Dnevne sobe","2389","Tabureji in vreče za sedenje","Dom & Vrt -> Pohištvo -> Dnevne sobe -> Tabureji in vreče za sedenje"
"Dom & Vrt","Pohištvo","Dnevne sobe","2390","TV omarice","Dom & Vrt -> Pohištvo -> Dnevne sobe -> TV omarice"
"Dom & Vrt","Pohištvo","Kuhinje","2391","Kuhinjska korita","Dom & Vrt -> Pohištvo -> Kuhinje -> Kuhinjska korita"
"Dom & Vrt","Pohištvo","Kuhinje","2392","Kuhinjske armature","Dom & Vrt -> Pohištvo -> Kuhinje -> Kuhinjske armature"
"Dom & Vrt","Pohištvo","Kuhinje","2393","Kuhinjski elementi","Dom & Vrt -> Pohištvo -> Kuhinje -> Kuhinjski elementi"
"Dom & Vrt","Pohištvo","Kuhinje","2394","Kuhinjski sestavi","Dom & Vrt -> Pohištvo -> Kuhinje -> Kuhinjski sestavi"
"Dom & Vrt","Pohištvo","Jedilnice","2395","Barski stoli in mize","Dom & Vrt -> Pohištvo -> Jedilnice -> Barski stoli in mize"
"Dom & Vrt","Pohištvo","Jedilnice","2396","Jedilne garniture","Dom & Vrt -> Pohištvo -> Jedilnice -> Jedilne garniture"
"Dom & Vrt","Pohištvo","Jedilnice","2397","Jedilne mize","Dom & Vrt -> Pohištvo -> Jedilnice -> Jedilne mize"
"Dom & Vrt","Pohištvo","Jedilnice","2398","Jedilni stoli","Dom & Vrt -> Pohištvo -> Jedilnice -> Jedilni stoli"
"Dom & Vrt","Pohištvo","Spalnice","2399","Garderobne omare","Dom & Vrt -> Pohištvo -> Spalnice -> Garderobne omare"
"Dom & Vrt","Pohištvo","Spalnice","2400","Letvena dna","Dom & Vrt -> Pohištvo -> Spalnice -> Letvena dna"
"Dom & Vrt","Pohištvo","Spalnice","2401","Ležišča","Dom & Vrt -> Pohištvo -> Spalnice -> Ležišča"
"Dom & Vrt","Pohištvo","Spalnice","2402","Nadvložki","Dom & Vrt -> Pohištvo -> Spalnice -> Nadvložki"
"Dom & Vrt","Pohištvo","Spalnice","2403","Nočne omarice","Dom & Vrt -> Pohištvo -> Spalnice -> Nočne omarice"
"Dom & Vrt","Pohištvo","Spalnice","2404","Postelje","Dom & Vrt -> Pohištvo -> Spalnice -> Postelje"
"Dom & Vrt","Pohištvo","Spalnice","2405","Celotne spalnice","Dom & Vrt -> Pohištvo -> Spalnice -> Celotne spalnice"
"Dom & Vrt","Pohištvo","Spalnice","2406","Dodatki za spalnice","Dom & Vrt -> Pohištvo -> Spalnice -> Dodatki za spalnice"
"Dom & Vrt","Pohištvo","Otroške sobe","2407","Otroške garderobne omare","Dom & Vrt -> Pohištvo -> Otroške sobe -> Otroške garderobne omare"
"Dom & Vrt","Pohištvo","Otroške sobe","2408","Nočne omarice","Dom & Vrt -> Pohištvo -> Otroške sobe -> Nočne omarice"
"Dom & Vrt","Pohištvo","Otroške sobe","2409","Otroške pisalne mize","Dom & Vrt -> Pohištvo -> Otroške sobe -> Otroške pisalne mize"
"Dom & Vrt","Pohištvo","Otroške sobe","2410","Otroški stoli in sedalne vreče","Dom & Vrt -> Pohištvo -> Otroške sobe -> Otroški stoli in sedalne vreče"
"Dom & Vrt","Pohištvo","Otroške sobe","2411","Otroške postelje","Dom & Vrt -> Pohištvo -> Otroške sobe -> Otroške postelje"
"Dom & Vrt","Pohištvo","Otroške sobe","2412","Sestavi za otroško sobo","Dom & Vrt -> Pohištvo -> Otroške sobe -> Sestavi za otroško sobo"
"Dom & Vrt","Pohištvo","Otroške sobe","2413","Dodatki za otroške sobe","Dom & Vrt -> Pohištvo -> Otroške sobe -> Dodatki za otroške sobe"
"Dom & Vrt","Pohištvo","Predsobe in hodniki","2414","Garderobni kompleti / sestavi","Dom & Vrt -> Pohištvo -> Predsobe in hodniki -> Garderobni kompleti / sestavi"
"Dom & Vrt","Pohištvo","Predsobe in hodniki","2415","Garderobni paneli in obešalniki","Dom & Vrt -> Pohištvo -> Predsobe in hodniki -> Garderobni paneli in obešalniki"
"Dom & Vrt","Pohištvo","Predsobe in hodniki","2416","Klopi za predsobe","Dom & Vrt -> Pohištvo -> Predsobe in hodniki -> Klopi za predsobe"
"Dom & Vrt","Pohištvo","Predsobe in hodniki","2417","Omarice / stojala za čevlje","Dom & Vrt -> Pohištvo -> Predsobe in hodniki -> Omarice / stojala za čevlje"
"Dom & Vrt","Pohištvo","Kopalnice","2418","Kopalniška galanterija","Dom & Vrt -> Pohištvo -> Kopalnice -> Kopalniška galanterija"
"Dom & Vrt","Pohištvo","Kopalnice","2419","Kopalniške armature","Dom & Vrt -> Pohištvo -> Kopalnice -> Kopalniške armature"
"Dom & Vrt","Pohištvo","Kopalnice","2420","Kopalniške omarice","Dom & Vrt -> Pohištvo -> Kopalnice -> Kopalniške omarice"
"Dom & Vrt","Pohištvo","Kopalnice","2421","Kopalniški sestavi","Dom & Vrt -> Pohištvo -> Kopalnice -> Kopalniški sestavi"
"Dom & Vrt","Pohištvo","Kopalnice","2422","Savne","Dom & Vrt -> Pohištvo -> Kopalnice -> Savne"
"Dom & Vrt","Pohištvo","Kosovno pohištvo","376","Pohištveni dodatki","Dom & Vrt -> Pohištvo -> Kosovno pohištvo -> Pohištveni dodatki"
"Dom & Vrt","Pohištvo","Kosovno pohištvo","2423","Komode in predalniki","Dom & Vrt -> Pohištvo -> Kosovno pohištvo -> Komode in predalniki"
"Dom & Vrt","Pohištvo","Kosovno pohištvo","2424","Obešalniki / stojala","Dom & Vrt -> Pohištvo -> Kosovno pohištvo -> Obešalniki / stojala"
"Dom & Vrt","Pohištvo","Kosovno pohištvo","2425","Ogledala","Dom & Vrt -> Pohištvo -> Kosovno pohištvo -> Ogledala"
"Dom & Vrt","Pohištvo","Kosovno pohištvo","2426","Police","Dom & Vrt -> Pohištvo -> Kosovno pohištvo -> Police"
"Dom & Vrt","Pohištvo","Kosovno pohištvo","2427","Poličniki in regali","Dom & Vrt -> Pohištvo -> Kosovno pohištvo -> Poličniki in regali"
"Dom & Vrt","Pohištvo","Kosovno pohištvo","2428","Stojala za dežnike","Dom & Vrt -> Pohištvo -> Kosovno pohištvo -> Stojala za dežnike"
"Dom & Vrt","Pohištvo","Kosovno pohištvo","2429","Vitrine","Dom & Vrt -> Pohištvo -> Kosovno pohištvo -> Vitrine"
"Dom & Vrt","Pohištvo","Vrtno pohištvo","2430","Senčniki / paviljoni","Dom & Vrt -> Pohištvo -> Vrtno pohištvo -> Senčniki / paviljoni"
"Dom & Vrt","Pohištvo","Vrtno pohištvo","2431","Tende, markize in pergole","Dom & Vrt -> Pohištvo -> Vrtno pohištvo -> Tende, markize in pergole"
"Dom & Vrt","Pohištvo","Vrtno pohištvo","2432","Vrtne garniture","Dom & Vrt -> Pohištvo -> Vrtno pohištvo -> Vrtne garniture"
"Dom & Vrt","Pohištvo","Vrtno pohištvo","2433","Vrtne gugalnice","Dom & Vrt -> Pohištvo -> Vrtno pohištvo -> Vrtne gugalnice"
"Dom & Vrt","Pohištvo","Vrtno pohištvo","2434","Vrtne klopi","Dom & Vrt -> Pohištvo -> Vrtno pohištvo -> Vrtne klopi"
"Dom & Vrt","Pohištvo","Vrtno pohištvo","2435","Vrtne mize","Dom & Vrt -> Pohištvo -> Vrtno pohištvo -> Vrtne mize"
"Dom & Vrt","Pohištvo","Vrtno pohištvo","2436","Vrtni ležalniki","Dom & Vrt -> Pohištvo -> Vrtno pohištvo -> Vrtni ležalniki"
"Dom & Vrt","Pohištvo","Vrtno pohištvo","2437","Vrtni stoli","Dom & Vrt -> Pohištvo -> Vrtno pohištvo -> Vrtni stoli"
"Dom & Vrt","Pohištvo","Vrtno pohištvo","2438","Dodatna oprema za vrtno pohištvo","Dom & Vrt -> Pohištvo -> Vrtno pohištvo -> Dodatna oprema za vrtno pohištvo"
"Dom & Vrt","Oprema za dom","Čiščenje","2221","Čistila","Dom & Vrt -> Oprema za dom -> Čiščenje -> Čistila"
"Dom & Vrt","Oprema za dom","Čiščenje","2222","Čistilniki oken","Dom & Vrt -> Oprema za dom -> Čiščenje -> Čistilniki oken"
"Dom & Vrt","Oprema za dom","Čiščenje","2223","Čiščenje tal","Dom & Vrt -> Oprema za dom -> Čiščenje -> Čiščenje tal"
"Dom & Vrt","Oprema za dom","Čiščenje","2224","Detergenti","Dom & Vrt -> Oprema za dom -> Čiščenje -> Detergenti"
"Dom & Vrt","Oprema za dom","Čiščenje","2225","Krpe in gobe","Dom & Vrt -> Oprema za dom -> Čiščenje -> Krpe in gobe"
"Dom & Vrt","Oprema za dom","Čiščenje","2226","Parni čistilniki","Dom & Vrt -> Oprema za dom -> Čiščenje -> Parni čistilniki"
"Dom & Vrt","Oprema za dom","Čiščenje","2227","Potrošni material in dodatki za čiščenje","Dom & Vrt -> Oprema za dom -> Čiščenje -> Potrošni material in dodatki za čiščenje"
"Dom & Vrt","Oprema za dom","Čiščenje","2228","Vedra in škafi","Dom & Vrt -> Oprema za dom -> Čiščenje -> Vedra in škafi"
"Dom & Vrt","Oprema za dom","Organizacija in shranjevanje","2229","Košare za shranjevanje","Dom & Vrt -> Oprema za dom -> Organizacija in shranjevanje -> Košare za shranjevanje"
"Dom & Vrt","Oprema za dom","Organizacija in shranjevanje","2230","Koši za perilo","Dom & Vrt -> Oprema za dom -> Organizacija in shranjevanje -> Koši za perilo"
"Dom & Vrt","Oprema za dom","Organizacija in shranjevanje","2231","Koši za smeti","Dom & Vrt -> Oprema za dom -> Organizacija in shranjevanje -> Koši za smeti"
"Dom & Vrt","Oprema za dom","Organizacija in shranjevanje","2232","Sušilniki perila in dodatki","Dom & Vrt -> Oprema za dom -> Organizacija in shranjevanje -> Sušilniki perila in dodatki"
"Dom & Vrt","Oprema za dom","Organizacija in shranjevanje","2233","Škatle za shranjevanje","Dom & Vrt -> Oprema za dom -> Organizacija in shranjevanje -> Škatle za shranjevanje"
"Dom & Vrt","Oprema za dom","Hišni tekstil","2234","Brisače","Dom & Vrt -> Oprema za dom -> Hišni tekstil -> Brisače"
"Dom & Vrt","Oprema za dom","Hišni tekstil","2235","Dekorativni vzglavniki","Dom & Vrt -> Oprema za dom -> Hišni tekstil -> Dekorativni vzglavniki"
"Dom & Vrt","Oprema za dom","Hišni tekstil","2236","Predpasniki","Dom & Vrt -> Oprema za dom -> Hišni tekstil -> Predpasniki"
"Dom & Vrt","Oprema za dom","Hišni tekstil","2237","Predpražniki","Dom & Vrt -> Oprema za dom -> Hišni tekstil -> Predpražniki"
"Dom & Vrt","Oprema za dom","Hišni tekstil","2238","Pregrinjala in prevleke za pohištvo","Dom & Vrt -> Oprema za dom -> Hišni tekstil -> Pregrinjala in prevleke za pohištvo"
"Dom & Vrt","Oprema za dom","Hišni tekstil","2239","Preproge","Dom & Vrt -> Oprema za dom -> Hišni tekstil -> Preproge"
"Dom & Vrt","Oprema za dom","Hišni tekstil","2240","Prti in tekači","Dom & Vrt -> Oprema za dom -> Hišni tekstil -> Prti in tekači"
"Dom & Vrt","Oprema za dom","Hišni tekstil","2241","Zavese, roloji in karnise","Dom & Vrt -> Oprema za dom -> Hišni tekstil -> Zavese, roloji in karnise"
"Dom & Vrt","Oprema za dom","Posteljnina","2242","Odeje","Dom & Vrt -> Oprema za dom -> Posteljnina -> Odeje"
"Dom & Vrt","Oprema za dom","Posteljnina","2243","Prešite odeje","Dom & Vrt -> Oprema za dom -> Posteljnina -> Prešite odeje"
"Dom & Vrt","Oprema za dom","Posteljnina","2244","Prevleke za vzglavnike","Dom & Vrt -> Oprema za dom -> Posteljnina -> Prevleke za vzglavnike"
"Dom & Vrt","Oprema za dom","Posteljnina","2245","Rjuhe","Dom & Vrt -> Oprema za dom -> Posteljnina -> Rjuhe"
"Dom & Vrt","Oprema za dom","Posteljnina","2246","Set posteljnine","Dom & Vrt -> Oprema za dom -> Posteljnina -> Set posteljnine"
"Dom & Vrt","Oprema za dom","Posteljnina","2247","Vzglavniki","Dom & Vrt -> Oprema za dom -> Posteljnina -> Vzglavniki"
"Dom & Vrt","Oprema za dom","Posteljnina","2248","Zaščitne podloge","Dom & Vrt -> Oprema za dom -> Posteljnina -> Zaščitne podloge"
"Dom & Vrt","Oprema za dom","Svetila","379","Žarnice","Dom & Vrt -> Oprema za dom -> Svetila -> Žarnice"
"Dom & Vrt","Oprema za dom","Svetila","2249","LED trakovi","Dom & Vrt -> Oprema za dom -> Svetila -> LED trakovi"
"Dom & Vrt","Oprema za dom","Svetila","2250","Namizna svetila","Dom & Vrt -> Oprema za dom -> Svetila -> Namizna svetila"
"Dom & Vrt","Oprema za dom","Svetila","2251","Stenska svetila","Dom & Vrt -> Oprema za dom -> Svetila -> Stenska svetila"
"Dom & Vrt","Oprema za dom","Svetila","2252","Stropna svetila","Dom & Vrt -> Oprema za dom -> Svetila -> Stropna svetila"
"Dom & Vrt","Oprema za dom","Svetila","2253","Talna svetila","Dom & Vrt -> Oprema za dom -> Svetila -> Talna svetila"
"Dom & Vrt","Oprema za dom","Svetila","2254","Viseča svetila","Dom & Vrt -> Oprema za dom -> Svetila -> Viseča svetila"
"Dom & Vrt","Oprema za dom","Svetila","2255","Zunanja svetila","Dom & Vrt -> Oprema za dom -> Svetila -> Zunanja svetila"
"Dom & Vrt","Oprema za dom","Svetila","2256","Dodatki za svetila","Dom & Vrt -> Oprema za dom -> Svetila -> Dodatki za svetila"
"Dom & Vrt","Oprema za dom","Svetila","2632","Senzorji za svetila","Dom & Vrt -> Oprema za dom -> Svetila -> Senzorji za svetila"
"Dom & Vrt","Oprema za dom","Dekorativni program","454","Stenske nalepke","Dom & Vrt -> Oprema za dom -> Dekorativni program -> Stenske nalepke"
"Dom & Vrt","Oprema za dom","Dekorativni program","2257","Dekorativne figure in kipci","Dom & Vrt -> Oprema za dom -> Dekorativni program -> Dekorativne figure in kipci"
"Dom & Vrt","Oprema za dom","Dekorativni program","2258","Dekorativne nalepke","Dom & Vrt -> Oprema za dom -> Dekorativni program -> Dekorativne nalepke"
"Dom & Vrt","Oprema za dom","Dekorativni program","2259","Foto albumi","Dom & Vrt -> Oprema za dom -> Dekorativni program -> Foto albumi"
"Dom & Vrt","Oprema za dom","Dekorativni program","2260","Okrasne sklede in vaze","Dom & Vrt -> Oprema za dom -> Dekorativni program -> Okrasne sklede in vaze"
"Dom & Vrt","Oprema za dom","Dekorativni program","2261","Okrasne table in znaki","Dom & Vrt -> Oprema za dom -> Dekorativni program -> Okrasne table in znaki"
"Dom & Vrt","Oprema za dom","Dekorativni program","2262","Okvirji za slike","Dom & Vrt -> Oprema za dom -> Dekorativni program -> Okvirji za slike"
"Dom & Vrt","Oprema za dom","Dekorativni program","2263","Osvežilci prostorov","Dom & Vrt -> Oprema za dom -> Dekorativni program -> Osvežilci prostorov"
"Dom & Vrt","Oprema za dom","Dekorativni program","2264","Plakati","Dom & Vrt -> Oprema za dom -> Dekorativni program -> Plakati"
"Dom & Vrt","Oprema za dom","Dekorativni program","2265","Slike","Dom & Vrt -> Oprema za dom -> Dekorativni program -> Slike"
"Dom & Vrt","Oprema za dom","Dekorativni program","2266","Sveče","Dom & Vrt -> Oprema za dom -> Dekorativni program -> Sveče"
"Dom & Vrt","Oprema za dom","Dekorativni program","2267","Svečniki","Dom & Vrt -> Oprema za dom -> Dekorativni program -> Svečniki"
"Dom & Vrt","Oprema za dom","Dekorativni program","2268","Umetne rastline","Dom & Vrt -> Oprema za dom -> Dekorativni program -> Umetne rastline"
"Dom & Vrt","Oprema za dom","Dekorativni program","2269","Ostala dekoracija","Dom & Vrt -> Oprema za dom -> Dekorativni program -> Ostala dekoracija"
"Dom & Vrt","Oprema za dom","Darila in darilna embalaža","2270","Darilne škatle in vrečke","Dom & Vrt -> Oprema za dom -> Darila in darilna embalaža -> Darilne škatle in vrečke"
"Dom & Vrt","Oprema za dom","Darila in darilna embalaža","2271","Dodatki za zavijanje","Dom & Vrt -> Oprema za dom -> Darila in darilna embalaža -> Dodatki za zavijanje"
"Dom & Vrt","Oprema za dom","Darila in darilna embalaža","2272","Hranilniki","Dom & Vrt -> Oprema za dom -> Darila in darilna embalaža -> Hranilniki"
"Dom & Vrt","Oprema za dom","Darila in darilna embalaža","2273","Obeski za ključe","Dom & Vrt -> Oprema za dom -> Darila in darilna embalaža -> Obeski za ključe"
"Dom & Vrt","Oprema za dom","Darila in darilna embalaža","2274","Pepelniki","Dom & Vrt -> Oprema za dom -> Darila in darilna embalaža -> Pepelniki"
"Dom & Vrt","Oprema za dom","Darila in darilna embalaža","2275","Vžigalniki","Dom & Vrt -> Oprema za dom -> Darila in darilna embalaža -> Vžigalniki"
"Dom & Vrt","Oprema za dom","Darila in darilna embalaža","2276","Zabavne igre in darila","Dom & Vrt -> Oprema za dom -> Darila in darilna embalaža -> Zabavne igre in darila"
"Dom & Vrt","Oprema za dom","Tematska dekoracija","2277","Božična in novoletna dekoracija","Dom & Vrt -> Oprema za dom -> Tematska dekoracija -> Božična in novoletna dekoracija"
"Dom & Vrt","Oprema za dom","Tematska dekoracija","2278","Božični in novoletni okraski","Dom & Vrt -> Oprema za dom -> Tematska dekoracija -> Božični in novoletni okraski"
"Dom & Vrt","Oprema za dom","Tematska dekoracija","2279","Novoletne jelke","Dom & Vrt -> Oprema za dom -> Tematska dekoracija -> Novoletne jelke"
"Dom & Vrt","Oprema za dom","Tematska dekoracija","2280","Novoletne lučke","Dom & Vrt -> Oprema za dom -> Tematska dekoracija -> Novoletne lučke"
"Dom & Vrt","Oprema za dom","Tematska dekoracija","2281","Vse za praznovanje","Dom & Vrt -> Oprema za dom -> Tematska dekoracija -> Vse za praznovanje"
"Dom & Vrt","Oprema za dom","Tematska dekoracija","2282","Žalna floristika","Dom & Vrt -> Oprema za dom -> Tematska dekoracija -> Žalna floristika"
"Dom & Vrt","Oprema za dom","Ure in vremenske postaje","382","Vremenske postaje","Dom & Vrt -> Oprema za dom -> Ure in vremenske postaje -> Vremenske postaje"
"Dom & Vrt","Oprema za dom","Ure in vremenske postaje","390","Radioure in budilke","Dom & Vrt -> Oprema za dom -> Ure in vremenske postaje -> Radioure in budilke"
"Dom & Vrt","Oprema za dom","Ure in vremenske postaje","2283","Hišni termometri","Dom & Vrt -> Oprema za dom -> Ure in vremenske postaje -> Hišni termometri"
"Dom & Vrt","Oprema za dom","Ure in vremenske postaje","2284","Stenske in stoječe ure","Dom & Vrt -> Oprema za dom -> Ure in vremenske postaje -> Stenske in stoječe ure"
"Dom & Vrt","Oprema za dom","Varnost in nadzor","2285","Alarmne naprave","Dom & Vrt -> Oprema za dom -> Varnost in nadzor -> Alarmne naprave"
"Dom & Vrt","Oprema za dom","Varnost in nadzor","2286","Detektorji ogljikovega monoksida","Dom & Vrt -> Oprema za dom -> Varnost in nadzor -> Detektorji ogljikovega monoksida"
"Dom & Vrt","Oprema za dom","Varnost in nadzor","2287","Domofoni","Dom & Vrt -> Oprema za dom -> Varnost in nadzor -> Domofoni"
"Dom & Vrt","Oprema za dom","Varnost in nadzor","2288","Nadzorne (IP) kamere","Dom & Vrt -> Oprema za dom -> Varnost in nadzor -> Nadzorne (IP) kamere"
"Dom & Vrt","Oprema za dom","Varnost in nadzor","2289","Pametne inštalacije","Dom & Vrt -> Oprema za dom -> Varnost in nadzor -> Pametne inštalacije"
"Dom & Vrt","Oprema za dom","Varnost in nadzor","2290","Razni dodatki za varnost","Dom & Vrt -> Oprema za dom -> Varnost in nadzor -> Razni dodatki za varnost"
"Dom & Vrt","Oprema za dom","Varnost in nadzor","2291","Sefi / trezorji","Dom & Vrt -> Oprema za dom -> Varnost in nadzor -> Sefi / trezorji"
"Dom & Vrt","Oprema za dom","Varnost in nadzor","2292","Senzorji","Dom & Vrt -> Oprema za dom -> Varnost in nadzor -> Senzorji"
"Dom & Vrt","Oprema za dom","Varnost in nadzor","2293","Videonadzorni kompleti","Dom & Vrt -> Oprema za dom -> Varnost in nadzor -> Videonadzorni kompleti"
"Dom & Vrt","Oprema za dom","Varnost in nadzor","2294","Zaščita za vrata in okna","Dom & Vrt -> Oprema za dom -> Varnost in nadzor -> Zaščita za vrata in okna"
"Dom & Vrt","Oprema za dom","Varnost in nadzor","2295","Hišni zvonci","Dom & Vrt -> Oprema za dom -> Varnost in nadzor -> Hišni zvonci"
"Dom & Vrt","Oprema za dom","Varnost in nadzor","2633","Ključavnice","Dom & Vrt -> Oprema za dom -> Varnost in nadzor -> Ključavnice"
"Dom & Vrt","Vrt in okolica","Naprave za vrt in okolico","388","Kosilnice","Dom & Vrt -> Vrt in okolica -> Naprave za vrt in okolico -> Kosilnice"
"Dom & Vrt","Vrt in okolica","Naprave za vrt in okolico","662","Visokotlačni čistilci","Dom & Vrt -> Vrt in okolica -> Naprave za vrt in okolico -> Visokotlačni čistilci"
"Dom & Vrt","Vrt in okolica","Naprave za vrt in okolico","664","Vodne črpalke","Dom & Vrt -> Vrt in okolica -> Naprave za vrt in okolico -> Vodne črpalke"
"Dom & Vrt","Vrt in okolica","Naprave za vrt in okolico","2609","Cepilniki drv","Dom & Vrt -> Vrt in okolica -> Naprave za vrt in okolico -> Cepilniki drv"
"Dom & Vrt","Vrt in okolica","Naprave za vrt in okolico","2610","Drobilniki","Dom & Vrt -> Vrt in okolica -> Naprave za vrt in okolico -> Drobilniki"
"Dom & Vrt","Vrt in okolica","Naprave za vrt in okolico","2611","Električne škarje","Dom & Vrt -> Vrt in okolica -> Naprave za vrt in okolico -> Električne škarje"
"Dom & Vrt","Vrt in okolica","Naprave za vrt in okolico","2612","Prezračevalniki trate / vertikulatorji","Dom & Vrt -> Vrt in okolica -> Naprave za vrt in okolico -> Prezračevalniki trate / vertikulatorji"
"Dom & Vrt","Vrt in okolica","Naprave za vrt in okolico","2613","Motorne žage","Dom & Vrt -> Vrt in okolica -> Naprave za vrt in okolico -> Motorne žage"
"Dom & Vrt","Vrt in okolica","Naprave za vrt in okolico","2614","Prekopalniki / motokultivatorji","Dom & Vrt -> Vrt in okolica -> Naprave za vrt in okolico -> Prekopalniki / motokultivatorji"
"Dom & Vrt","Vrt in okolica","Naprave za vrt in okolico","2615","Puhalniki / sesalniki","Dom & Vrt -> Vrt in okolica -> Naprave za vrt in okolico -> Puhalniki / sesalniki"
"Dom & Vrt","Vrt in okolica","Naprave za vrt in okolico","2616","Snežne freze","Dom & Vrt -> Vrt in okolica -> Naprave za vrt in okolico -> Snežne freze"
"Dom & Vrt","Vrt in okolica","Na vrtu","2158","Vrtnine","Dom & Vrt -> Vrt in okolica -> Na vrtu -> Vrtnine"
"Dom & Vrt","Vrt in okolica","Na vrtu","2159","Cvetlice in rastline","Dom & Vrt -> Vrt in okolica -> Na vrtu -> Cvetlice in rastline"
"Dom & Vrt","Vrt in okolica","Na vrtu","2160","Dišavnice, zelišča in zdravilne rastline","Dom & Vrt -> Vrt in okolica -> Na vrtu -> Dišavnice, zelišča in zdravilne rastline"
"Dom & Vrt","Vrt in okolica","Na vrtu","2161","Trave","Dom & Vrt -> Vrt in okolica -> Na vrtu -> Trave"
"Dom & Vrt","Vrt in okolica","Na vrtu","2162","Gnojila","Dom & Vrt -> Vrt in okolica -> Na vrtu -> Gnojila"
"Dom & Vrt","Vrt in okolica","Na vrtu","2163","Zemlja / lubje","Dom & Vrt -> Vrt in okolica -> Na vrtu -> Zemlja / lubje"
"Dom & Vrt","Vrt in okolica","Na vrtu","2164","Ostale rastline, semena in poljščine","Dom & Vrt -> Vrt in okolica -> Na vrtu -> Ostale rastline, semena in poljščine"
"Dom & Vrt","Vrt in okolica","Na vrtu","2165","Rastlinjaki, tople grede in pokrivala","Dom & Vrt -> Vrt in okolica -> Na vrtu -> Rastlinjaki, tople grede in pokrivala"
"Dom & Vrt","Vrt in okolica","Na vrtu","2166","Zalivanje","Dom & Vrt -> Vrt in okolica -> Na vrtu -> Zalivanje"
"Dom & Vrt","Vrt in okolica","Na vrtu","2629","Okrasna drevesa","Dom & Vrt -> Vrt in okolica -> Na vrtu -> Okrasna drevesa"
"Dom & Vrt","Vrt in okolica","Na vrtu","2630","Okrasno grmičevje","Dom & Vrt -> Vrt in okolica -> Na vrtu -> Okrasno grmičevje"
"Dom & Vrt","Vrt in okolica","Urejanje okolice","2167","Cvetlična galanterija","Dom & Vrt -> Vrt in okolica -> Urejanje okolice -> Cvetlična galanterija"
"Dom & Vrt","Vrt in okolica","Urejanje okolice","2168","Vrtna galanterija","Dom & Vrt -> Vrt in okolica -> Urejanje okolice -> Vrtna galanterija"
"Dom & Vrt","Vrt in okolica","Urejanje okolice","2169","Zaščita pred insekti in škodljivci","Dom & Vrt -> Vrt in okolica -> Urejanje okolice -> Zaščita pred insekti in škodljivci"
"Dom & Vrt","Vrt in okolica","Urejanje okolice","2170","Ograje","Dom & Vrt -> Vrt in okolica -> Urejanje okolice -> Ograje"
"Dom & Vrt","Vrt in okolica","Orodje za vrt in okolico","2370","Grablje","Dom & Vrt -> Vrt in okolica -> Orodje za vrt in okolico -> Grablje"
"Dom & Vrt","Vrt in okolica","Orodje za vrt in okolico","2371","Krampi","Dom & Vrt -> Vrt in okolica -> Orodje za vrt in okolico -> Krampi"
"Dom & Vrt","Vrt in okolica","Orodje za vrt in okolico","2372","Lopate","Dom & Vrt -> Vrt in okolica -> Orodje za vrt in okolico -> Lopate"
"Dom & Vrt","Vrt in okolica","Orodje za vrt in okolico","2373","Motike","Dom & Vrt -> Vrt in okolica -> Orodje za vrt in okolico -> Motike"
"Dom & Vrt","Vrt in okolica","Orodje za vrt in okolico","2374","Ročne škarje","Dom & Vrt -> Vrt in okolica -> Orodje za vrt in okolico -> Ročne škarje"
"Dom & Vrt","Vrt in okolica","Orodje za vrt in okolico","2376","Sekire","Dom & Vrt -> Vrt in okolica -> Orodje za vrt in okolico -> Sekire"
"Dom & Vrt","Vrt in okolica","Orodje za vrt in okolico","2377","Vile","Dom & Vrt -> Vrt in okolica -> Orodje za vrt in okolico -> Vile"
"Dom & Vrt","Vrt in okolica","Orodje za vrt in okolico","2378","Ostalo vrtno orodje","Dom & Vrt -> Vrt in okolica -> Orodje za vrt in okolico -> Ostalo vrtno orodje"
"Dom & Vrt","Vrt in okolica","Bazeni in oprema","2379","Bazenske črpalke in filtri","Dom & Vrt -> Vrt in okolica -> Bazeni in oprema -> Bazenske črpalke in filtri"
"Dom & Vrt","Vrt in okolica","Bazeni in oprema","2380","Čiščenje bazena","Dom & Vrt -> Vrt in okolica -> Bazeni in oprema -> Čiščenje bazena"
"Dom & Vrt","Vrt in okolica","Bazeni in oprema","2381","Oprema in pribor za bazene","Dom & Vrt -> Vrt in okolica -> Bazeni in oprema -> Oprema in pribor za bazene"
"Dom & Vrt","Vrt in okolica","Bazeni in oprema","2382","Vzdrževanje vode","Dom & Vrt -> Vrt in okolica -> Bazeni in oprema -> Vzdrževanje vode"
"Dom & Vrt","Vrt in okolica","Bazeni in oprema","2383","Zabava v bazenu","Dom & Vrt -> Vrt in okolica -> Bazeni in oprema -> Zabava v bazenu"
"Dom & Vrt","Vrt in okolica","Bazeni in oprema","2627","Bazeni","Dom & Vrt -> Vrt in okolica -> Bazeni in oprema -> Bazeni"
"Dom & Vrt","Vrt in okolica","Bazeni in oprema","2628","Gradnja bazena","Dom & Vrt -> Vrt in okolica -> Bazeni in oprema -> Gradnja bazena"
"Dom & Vrt","Orodje in stroji","Stroji in naprave","663","Agregati / generatorji","Dom & Vrt -> Orodje in stroji -> Stroji in naprave -> Agregati / generatorji"
"Dom & Vrt","Orodje in stroji","Stroji in naprave","2617","Gradbeni stroji","Dom & Vrt -> Orodje in stroji -> Stroji in naprave -> Gradbeni stroji"
"Dom & Vrt","Orodje in stroji","Stroji in naprave","2618","Industrijski grelci","Dom & Vrt -> Orodje in stroji -> Stroji in naprave -> Industrijski grelci"
"Dom & Vrt","Orodje in stroji","Stroji in naprave","2619","Industrijski sesalniki","Dom & Vrt -> Orodje in stroji -> Stroji in naprave -> Industrijski sesalniki"
"Dom & Vrt","Orodje in stroji","Stroji in naprave","2620","Kompresorji","Dom & Vrt -> Orodje in stroji -> Stroji in naprave -> Kompresorji"
"Dom & Vrt","Orodje in stroji","Stroji in naprave","2621","Pnevmatsko orodje in nastavki","Dom & Vrt -> Orodje in stroji -> Stroji in naprave -> Pnevmatsko orodje in nastavki"
"Dom & Vrt","Orodje in stroji","Stroji in naprave","2622","Varilni aparati","Dom & Vrt -> Orodje in stroji -> Stroji in naprave -> Varilni aparati"
"Dom & Vrt","Orodje in stroji","Ročno orodje","2375","Ročne žage","Dom & Vrt -> Orodje in stroji -> Ročno orodje -> Ročne žage"
"Dom & Vrt","Orodje in stroji","Ročno orodje","2439","Dleta in konice","Dom & Vrt -> Orodje in stroji -> Ročno orodje -> Dleta in konice"
"Dom & Vrt","Orodje in stroji","Ročno orodje","2440","Izvijači","Dom & Vrt -> Orodje in stroji -> Ročno orodje -> Izvijači"
"Dom & Vrt","Orodje in stroji","Ročno orodje","2441","Kladiva in macole","Dom & Vrt -> Orodje in stroji -> Ročno orodje -> Kladiva in macole"
"Dom & Vrt","Orodje in stroji","Ročno orodje","2442","Klešče","Dom & Vrt -> Orodje in stroji -> Ročno orodje -> Klešče"
"Dom & Vrt","Orodje in stroji","Ročno orodje","2443","Ključi","Dom & Vrt -> Orodje in stroji -> Ročno orodje -> Ključi"
"Dom & Vrt","Orodje in stroji","Ročno orodje","2444","Set ključev","Dom & Vrt -> Orodje in stroji -> Ročno orodje -> Set ključev"
"Dom & Vrt","Orodje in stroji","Ročno orodje","2445","Kompleti ročnega orodja","Dom & Vrt -> Orodje in stroji -> Ročno orodje -> Kompleti ročnega orodja"
"Dom & Vrt","Orodje in stroji","Ročno orodje","2446","Noži","Dom & Vrt -> Orodje in stroji -> Ročno orodje -> Noži"
"Dom & Vrt","Orodje in stroji","Ročno orodje","2447","Pile","Dom & Vrt -> Orodje in stroji -> Ročno orodje -> Pile"
"Dom & Vrt","Orodje in stroji","Ročno orodje","2448","Pincete","Dom & Vrt -> Orodje in stroji -> Ročno orodje -> Pincete"
"Dom & Vrt","Orodje in stroji","Ročno orodje","2449","Primeži","Dom & Vrt -> Orodje in stroji -> Ročno orodje -> Primeži"
"Dom & Vrt","Orodje in stroji","Ročno orodje","2450","Spenjalniki in sponkači","Dom & Vrt -> Orodje in stroji -> Ročno orodje -> Spenjalniki in sponkači"
"Dom & Vrt","Orodje in stroji","Ročno orodje","2451","Škarje","Dom & Vrt -> Orodje in stroji -> Ročno orodje -> Škarje"
"Dom & Vrt","Orodje in stroji","Ročno orodje","2452","Ostalo ročno orodje","Dom & Vrt -> Orodje in stroji -> Ročno orodje -> Ostalo ročno orodje"
"Dom & Vrt","Orodje in stroji","Merilne naprave","2453","Kljunasta merila","Dom & Vrt -> Orodje in stroji -> Merilne naprave -> Kljunasta merila"
"Dom & Vrt","Orodje in stroji","Merilne naprave","2454","Kotomeri","Dom & Vrt -> Orodje in stroji -> Merilne naprave -> Kotomeri"
"Dom & Vrt","Orodje in stroji","Merilne naprave","2455","Laserski merilniki","Dom & Vrt -> Orodje in stroji -> Merilne naprave -> Laserski merilniki"
"Dom & Vrt","Orodje in stroji","Merilne naprave","2456","Merilniki razdalj","Dom & Vrt -> Orodje in stroji -> Merilne naprave -> Merilniki razdalj"
"Dom & Vrt","Orodje in stroji","Merilne naprave","2457","Multimetri","Dom & Vrt -> Orodje in stroji -> Merilne naprave -> Multimetri"
"Dom & Vrt","Orodje in stroji","Merilne naprave","2458","Vodne tehtnice / libele","Dom & Vrt -> Orodje in stroji -> Merilne naprave -> Vodne tehtnice / libele"
"Dom & Vrt","Orodje in stroji","Merilne naprave","2459","Zložljivi / tračni metri","Dom & Vrt -> Orodje in stroji -> Merilne naprave -> Zložljivi / tračni metri"
"Dom & Vrt","Orodje in stroji","Električno in akumulatorsko orodje","2460","Akumulatorski vrtalniki / vijačniki","Dom & Vrt -> Orodje in stroji -> Električno in akumulatorsko orodje -> Akumulatorski vrtalniki / vijačniki"
"Dom & Vrt","Orodje in stroji","Električno in akumulatorsko orodje","2461","Električni vrtalniki","Dom & Vrt -> Orodje in stroji -> Električno in akumulatorsko orodje -> Električni vrtalniki"
"Dom & Vrt","Orodje in stroji","Električno in akumulatorsko orodje","2462","Feni na vroči zrak","Dom & Vrt -> Orodje in stroji -> Električno in akumulatorsko orodje -> Feni na vroči zrak"
"Dom & Vrt","Orodje in stroji","Električno in akumulatorsko orodje","2463","Kompleti električnega orodja","Dom & Vrt -> Orodje in stroji -> Električno in akumulatorsko orodje -> Kompleti električnega orodja"
"Dom & Vrt","Orodje in stroji","Električno in akumulatorsko orodje","2464","Kotni brusilniki","Dom & Vrt -> Orodje in stroji -> Električno in akumulatorsko orodje -> Kotni brusilniki"
"Dom & Vrt","Orodje in stroji","Električno in akumulatorsko orodje","2465","Krožne in zajeralne žage","Dom & Vrt -> Orodje in stroji -> Električno in akumulatorsko orodje -> Krožne in zajeralne žage"
"Dom & Vrt","Orodje in stroji","Električno in akumulatorsko orodje","2466","Lepilne pištole","Dom & Vrt -> Orodje in stroji -> Električno in akumulatorsko orodje -> Lepilne pištole"
"Dom & Vrt","Orodje in stroji","Električno in akumulatorsko orodje","2467","Polirniki","Dom & Vrt -> Orodje in stroji -> Električno in akumulatorsko orodje -> Polirniki"
"Dom & Vrt","Orodje in stroji","Električno in akumulatorsko orodje","2468","Rezkalniki, nadrezkarji","Dom & Vrt -> Orodje in stroji -> Električno in akumulatorsko orodje -> Rezkalniki, nadrezkarji"
"Dom & Vrt","Orodje in stroji","Električno in akumulatorsko orodje","2469","Skobeljniki in obliči","Dom & Vrt -> Orodje in stroji -> Električno in akumulatorsko orodje -> Skobeljniki in obliči"
"Dom & Vrt","Orodje in stroji","Električno in akumulatorsko orodje","2470","Stružnice","Dom & Vrt -> Orodje in stroji -> Električno in akumulatorsko orodje -> Stružnice"
"Dom & Vrt","Orodje in stroji","Električno in akumulatorsko orodje","2471","Tračne žage","Dom & Vrt -> Orodje in stroji -> Električno in akumulatorsko orodje -> Tračne žage"
"Dom & Vrt","Orodje in stroji","Električno in akumulatorsko orodje","2472","Tračni brusilniki","Dom & Vrt -> Orodje in stroji -> Električno in akumulatorsko orodje -> Tračni brusilniki"
"Dom & Vrt","Orodje in stroji","Električno in akumulatorsko orodje","2473","Udarna / vrtalna  kladiva","Dom & Vrt -> Orodje in stroji -> Električno in akumulatorsko orodje -> Udarna / vrtalna  kladiva"
"Dom & Vrt","Orodje in stroji","Električno in akumulatorsko orodje","2474","Vbodne žage","Dom & Vrt -> Orodje in stroji -> Električno in akumulatorsko orodje -> Vbodne žage"
"Dom & Vrt","Orodje in stroji","Električno in akumulatorsko orodje","2475","Ostalo orodje","Dom & Vrt -> Orodje in stroji -> Električno in akumulatorsko orodje -> Ostalo orodje"
"Dom & Vrt","Orodje in stroji","Delavnica","2476","Delavniški vozički","Dom & Vrt -> Orodje in stroji -> Delavnica -> Delavniški vozički"
"Dom & Vrt","Orodje in stroji","Delavnica","2477","Delovna svetila","Dom & Vrt -> Orodje in stroji -> Delavnica -> Delovna svetila"
"Dom & Vrt","Orodje in stroji","Delavnica","2478","Dvižna tehnika","Dom & Vrt -> Orodje in stroji -> Delavnica -> Dvižna tehnika"
"Dom & Vrt","Orodje in stroji","Delavnica","2479","Gradbeni radio","Dom & Vrt -> Orodje in stroji -> Delavnica -> Gradbeni radio"
"Dom & Vrt","Orodje in stroji","Delavnica","2480","Kovčki, torbe in škatle za orodje","Dom & Vrt -> Orodje in stroji -> Delavnica -> Kovčki, torbe in škatle za orodje"
"Dom & Vrt","Orodje in stroji","Delavnica","2481","Lestve","Dom & Vrt -> Orodje in stroji -> Delavnica -> Lestve"
"Dom & Vrt","Orodje in stroji","Delavnica","2482","Omare, regali in mize","Dom & Vrt -> Orodje in stroji -> Delavnica -> Omare, regali in mize"
"Dom & Vrt","Orodje in stroji","Delavnica","2483","Primeži in spone","Dom & Vrt -> Orodje in stroji -> Delavnica -> Primeži in spone"
"Dom & Vrt","Orodje in stroji","Dodatki in potrošni material","2484","Baterije in polnilci za orodje","Dom & Vrt -> Orodje in stroji -> Dodatki in potrošni material -> Baterije in polnilci za orodje"
"Dom & Vrt","Orodje in stroji","Dodatki in potrošni material","2485","Brusilne plošče","Dom & Vrt -> Orodje in stroji -> Dodatki in potrošni material -> Brusilne plošče"
"Dom & Vrt","Orodje in stroji","Dodatki in potrošni material","2486","Listi za žage","Dom & Vrt -> Orodje in stroji -> Dodatki in potrošni material -> Listi za žage"
"Dom & Vrt","Orodje in stroji","Dodatki in potrošni material","2487","Matice","Dom & Vrt -> Orodje in stroji -> Dodatki in potrošni material -> Matice"
"Dom & Vrt","Orodje in stroji","Dodatki in potrošni material","2488","Nastavki za vijačenje","Dom & Vrt -> Orodje in stroji -> Dodatki in potrošni material -> Nastavki za vijačenje"
"Dom & Vrt","Orodje in stroji","Dodatki in potrošni material","2489","Objemke","Dom & Vrt -> Orodje in stroji -> Dodatki in potrošni material -> Objemke"
"Dom & Vrt","Orodje in stroji","Dodatki in potrošni material","2490","Olja in maziva","Dom & Vrt -> Orodje in stroji -> Dodatki in potrošni material -> Olja in maziva"
"Dom & Vrt","Orodje in stroji","Dodatki in potrošni material","2491","Podložke","Dom & Vrt -> Orodje in stroji -> Dodatki in potrošni material -> Podložke"
"Dom & Vrt","Orodje in stroji","Dodatki in potrošni material","2492","Rezalne plošče","Dom & Vrt -> Orodje in stroji -> Dodatki in potrošni material -> Rezalne plošče"
"Dom & Vrt","Orodje in stroji","Dodatki in potrošni material","2493","Sponke in žeblji","Dom & Vrt -> Orodje in stroji -> Dodatki in potrošni material -> Sponke in žeblji"
"Dom & Vrt","Orodje in stroji","Dodatki in potrošni material","2494","Svedri","Dom & Vrt -> Orodje in stroji -> Dodatki in potrošni material -> Svedri"
"Dom & Vrt","Orodje in stroji","Dodatki in potrošni material","2495","Vijaki","Dom & Vrt -> Orodje in stroji -> Dodatki in potrošni material -> Vijaki"
"Dom & Vrt","Orodje in stroji","Dodatki in potrošni material","2496","Ostali dodatki","Dom & Vrt -> Orodje in stroji -> Dodatki in potrošni material -> Ostali dodatki"
"Dom & Vrt","Orodje in stroji","Kmetijska mehanizacija in vinogradništvo","2497","Kanistri, pletenke in sodi","Dom & Vrt -> Orodje in stroji -> Kmetijska mehanizacija in vinogradništvo -> Kanistri, pletenke in sodi"
"Dom & Vrt","Orodje in stroji","Kmetijska mehanizacija in vinogradništvo","2498","Oprema za kletarje in vinograde","Dom & Vrt -> Orodje in stroji -> Kmetijska mehanizacija in vinogradništvo -> Oprema za kletarje in vinograde"
"Dom & Vrt","Orodje in stroji","Kmetijska mehanizacija in vinogradništvo","2499","Traktorji in oprema","Dom & Vrt -> Orodje in stroji -> Kmetijska mehanizacija in vinogradništvo -> Traktorji in oprema"
"Dom & Vrt","Orodje in stroji","Zaščitna oprema","2500","Višinska varovala","Dom & Vrt -> Orodje in stroji -> Zaščitna oprema -> Višinska varovala"
"Dom & Vrt","Orodje in stroji","Zaščitna oprema","2501","Zaščita dihal","Dom & Vrt -> Orodje in stroji -> Zaščitna oprema -> Zaščita dihal"
"Dom & Vrt","Orodje in stroji","Zaščitna oprema","2502","Zaščita glave / oči / obraza","Dom & Vrt -> Orodje in stroji -> Zaščitna oprema -> Zaščita glave / oči / obraza"
"Dom & Vrt","Orodje in stroji","Zaščitna oprema","2503","Zaščita rok","Dom & Vrt -> Orodje in stroji -> Zaščitna oprema -> Zaščita rok"
"Dom & Vrt","Orodje in stroji","Zaščitna oprema","2504","Zaščita sluha","Dom & Vrt -> Orodje in stroji -> Zaščitna oprema -> Zaščita sluha"
"Dom & Vrt","Orodje in stroji","Zaščitna oprema","2505","Zaščitna oblačila","Dom & Vrt -> Orodje in stroji -> Zaščitna oprema -> Zaščitna oblačila"
"Dom & Vrt","Orodje in stroji","Zaščitna oprema","2506","Zaščitna obutev","Dom & Vrt -> Orodje in stroji -> Zaščitna oprema -> Zaščitna obutev"
"Dom & Vrt","Male živali","Psi","2322","Hrana za pse","Dom & Vrt -> Male živali -> Psi -> Hrana za pse"
"Dom & Vrt","Male živali","Psi","2323","Pasje igrače","Dom & Vrt -> Male živali -> Psi -> Pasje igrače"
"Dom & Vrt","Male živali","Psi","2324","Nega in kozmetika za pse","Dom & Vrt -> Male živali -> Psi -> Nega in kozmetika za pse"
"Dom & Vrt","Male živali","Psi","2325","Pasja oblačila in obutev","Dom & Vrt -> Male živali -> Psi -> Pasja oblačila in obutev"
"Dom & Vrt","Male živali","Psi","2326","Pasje ovratnice in oprsnice","Dom & Vrt -> Male živali -> Psi -> Pasje ovratnice in oprsnice"
"Dom & Vrt","Male živali","Psi","2327","Pasje ute in ležišča","Dom & Vrt -> Male živali -> Psi -> Pasje ute in ležišča"
"Dom & Vrt","Male živali","Psi","2328","Pasje posode","Dom & Vrt -> Male živali -> Psi -> Pasje posode"
"Dom & Vrt","Male živali","Psi","2329","Pasji povodci","Dom & Vrt -> Male živali -> Psi -> Pasji povodci"
"Dom & Vrt","Male živali","Psi","2330","Prehranski dodatki za pse","Dom & Vrt -> Male živali -> Psi -> Prehranski dodatki za pse"
"Dom & Vrt","Male živali","Psi","2331","Priboljški in prigrizki za pse","Dom & Vrt -> Male živali -> Psi -> Priboljški in prigrizki za pse"
"Dom & Vrt","Male živali","Psi","2332","Transport za pse","Dom & Vrt -> Male živali -> Psi -> Transport za pse"
"Dom & Vrt","Male živali","Mačke","2333","Hrana za mačke","Dom & Vrt -> Male živali -> Mačke -> Hrana za mačke"
"Dom & Vrt","Male živali","Mačke","2334","Ležišča in košare za mačke","Dom & Vrt -> Male živali -> Mačke -> Ležišča in košare za mačke"
"Dom & Vrt","Male živali","Mačke","2335","Mačje stranišče","Dom & Vrt -> Male živali -> Mačke -> Mačje stranišče"
"Dom & Vrt","Male živali","Mačke","2336","Nega in kozmetika za mačke","Dom & Vrt -> Male živali -> Mačke -> Nega in kozmetika za mačke"
"Dom & Vrt","Male živali","Mačke","2337","Mačje ovratnice in oprsnice","Dom & Vrt -> Male živali -> Mačke -> Mačje ovratnice in oprsnice"
"Dom & Vrt","Male živali","Mačke","2338","Mačje posode ","Dom & Vrt -> Male živali -> Mačke -> Mačje posode "
"Dom & Vrt","Male živali","Mačke","2339","Povodci za mačke","Dom & Vrt -> Male živali -> Mačke -> Povodci za mačke"
"Dom & Vrt","Male živali","Mačke","2340","Praskalniki in igračke","Dom & Vrt -> Male živali -> Mačke -> Praskalniki in igračke"
"Dom & Vrt","Male živali","Mačke","2341","Prehranski dodatki za mačke","Dom & Vrt -> Male živali -> Mačke -> Prehranski dodatki za mačke"
"Dom & Vrt","Male živali","Mačke","2342","Priboljški in prigrizki za mačke","Dom & Vrt -> Male živali -> Mačke -> Priboljški in prigrizki za mačke"
"Dom & Vrt","Male živali","Mačke","2343","Transport za  mačke","Dom & Vrt -> Male živali -> Mačke -> Transport za  mačke"
"Dom & Vrt","Male živali","Mačke","2344","Ostala mačja oprema","Dom & Vrt -> Male živali -> Mačke -> Ostala mačja oprema"
"Dom & Vrt","Male živali","Akvaristika","2345","Akvariji","Dom & Vrt -> Male živali -> Akvaristika -> Akvariji"
"Dom & Vrt","Male živali","Akvaristika","2346","Akvarijski filtri in črpalke","Dom & Vrt -> Male živali -> Akvaristika -> Akvarijski filtri in črpalke"
"Dom & Vrt","Male živali","Akvaristika","2347","Hrana za ribe","Dom & Vrt -> Male živali -> Akvaristika -> Hrana za ribe"
"Dom & Vrt","Male živali","Akvaristika","2348","Oprema za akvarij","Dom & Vrt -> Male živali -> Akvaristika -> Oprema za akvarij"
"Dom & Vrt","Male živali","Akvaristika","2349","Vzdrževanje / čiščenje akvarija","Dom & Vrt -> Male živali -> Akvaristika -> Vzdrževanje / čiščenje akvarija"
"Dom & Vrt","Male živali","Glodalci","2350","Hrana za glodalce","Dom & Vrt -> Male živali -> Glodalci -> Hrana za glodalce"
"Dom & Vrt","Male živali","Glodalci","2351","Igrače za glodalce","Dom & Vrt -> Male živali -> Glodalci -> Igrače za glodalce"
"Dom & Vrt","Male živali","Glodalci","2352","Kletke in hišice za glodalce","Dom & Vrt -> Male živali -> Glodalci -> Kletke in hišice za glodalce"
"Dom & Vrt","Male živali","Glodalci","2353","Nega in higiena za glodalce","Dom & Vrt -> Male živali -> Glodalci -> Nega in higiena za glodalce"
"Dom & Vrt","Male živali","Glodalci","2354","Oprema za kletke","Dom & Vrt -> Male živali -> Glodalci -> Oprema za kletke"
"Dom & Vrt","Male živali","Glodalci","2355","Oprsnice in povodci za glodalce","Dom & Vrt -> Male živali -> Glodalci -> Oprsnice in povodci za glodalce"
"Dom & Vrt","Male živali","Glodalci","2356","Priboljški in vitamini za glodalce","Dom & Vrt -> Male živali -> Glodalci -> Priboljški in vitamini za glodalce"
"Dom & Vrt","Male živali","Glodalci","2357","Transport za glodalce","Dom & Vrt -> Male živali -> Glodalci -> Transport za glodalce"
"Dom & Vrt","Male živali","Glodalci","2358","Vzdrževanje in čiščenje za glodalce","Dom & Vrt -> Male živali -> Glodalci -> Vzdrževanje in čiščenje za glodalce"
"Dom & Vrt","Male živali","Ptice","2359","Hrana za ptice","Dom & Vrt -> Male živali -> Ptice -> Hrana za ptice"
"Dom & Vrt","Male živali","Ptice","2360","Igračke za ptice","Dom & Vrt -> Male živali -> Ptice -> Igračke za ptice"
"Dom & Vrt","Male živali","Ptice","2361","Kletke in krmilnice za ptice","Dom & Vrt -> Male živali -> Ptice -> Kletke in krmilnice za ptice"
"Dom & Vrt","Male živali","Ptice","2362","Dodatki za ptičjo kletko","Dom & Vrt -> Male živali -> Ptice -> Dodatki za ptičjo kletko"
"Dom & Vrt","Male živali","Ptice","2363","Priboljški / vitamini za ptice","Dom & Vrt -> Male živali -> Ptice -> Priboljški / vitamini za ptice"
"Dom & Vrt","Male živali","Ribniki","2364","Črpalke in filtri za ribnike","Dom & Vrt -> Male živali -> Ribniki -> Črpalke in filtri za ribnike"
"Dom & Vrt","Male živali","Ribniki","2365","Dekoracija za ribnike","Dom & Vrt -> Male živali -> Ribniki -> Dekoracija za ribnike"
"Dom & Vrt","Male živali","Ribniki","2366","Ribniki in oprema","Dom & Vrt -> Male živali -> Ribniki -> Ribniki in oprema"
"Dom & Vrt","Male živali","Teraristika","2367","Hrana in dodatki za plazilce","Dom & Vrt -> Male živali -> Teraristika -> Hrana in dodatki za plazilce"
"Dom & Vrt","Male živali","Teraristika","2368","Terariji","Dom & Vrt -> Male živali -> Teraristika -> Terariji"
"Dom & Vrt","Male živali","Teraristika","2369","Oprema za terarije","Dom & Vrt -> Male živali -> Teraristika -> Oprema za terarije"
"Dom & Vrt","Gradbeništvo","Sanitarna keramika","2507","Bideji","Dom & Vrt -> Gradbeništvo -> Sanitarna keramika -> Bideji"
"Dom & Vrt","Gradbeništvo","Sanitarna keramika","2508","Tuš kabine in kopalne kadi","Dom & Vrt -> Gradbeništvo -> Sanitarna keramika -> Tuš kabine in kopalne kadi"
"Dom & Vrt","Gradbeništvo","Sanitarna keramika","2509","Umivalniki","Dom & Vrt -> Gradbeništvo -> Sanitarna keramika -> Umivalniki"
"Dom & Vrt","Gradbeništvo","Sanitarna keramika","2510","WC deske","Dom & Vrt -> Gradbeništvo -> Sanitarna keramika -> WC deske"
"Dom & Vrt","Gradbeništvo","Sanitarna keramika","2511","WC splakovalniki","Dom & Vrt -> Gradbeništvo -> Sanitarna keramika -> WC splakovalniki"
"Dom & Vrt","Gradbeništvo","Sanitarna keramika","2512","WC školjke in pisoarji","Dom & Vrt -> Gradbeništvo -> Sanitarna keramika -> WC školjke in pisoarji"
"Dom & Vrt","Gradbeništvo","Sanitarna keramika","2513","Dodatki za sanitarno keramiko","Dom & Vrt -> Gradbeništvo -> Sanitarna keramika -> Dodatki za sanitarno keramiko"
"Dom & Vrt","Gradbeništvo","Barve, laki in premazi","2514","Barve","Dom & Vrt -> Gradbeništvo -> Barve, laki in premazi -> Barve"
"Dom & Vrt","Gradbeništvo","Barve, laki in premazi","2515","Laki in olja","Dom & Vrt -> Gradbeništvo -> Barve, laki in premazi -> Laki in olja"
"Dom & Vrt","Gradbeništvo","Barve, laki in premazi","2516","Premazi / Zaščite","Dom & Vrt -> Gradbeništvo -> Barve, laki in premazi -> Premazi / Zaščite"
"Dom & Vrt","Gradbeništvo","Barve, laki in premazi","2517","Razredčila","Dom & Vrt -> Gradbeništvo -> Barve, laki in premazi -> Razredčila"
"Dom & Vrt","Gradbeništvo","Barve, laki in premazi","2518","Spreji","Dom & Vrt -> Gradbeništvo -> Barve, laki in premazi -> Spreji"
"Dom & Vrt","Gradbeništvo","Pleskarski pribor","2519","Čopiči","Dom & Vrt -> Gradbeništvo -> Pleskarski pribor -> Čopiči"
"Dom & Vrt","Gradbeništvo","Pleskarski pribor","2520","Lopatice","Dom & Vrt -> Gradbeništvo -> Pleskarski pribor -> Lopatice"
"Dom & Vrt","Gradbeništvo","Pleskarski pribor","2521","Trakovi","Dom & Vrt -> Gradbeništvo -> Pleskarski pribor -> Trakovi"
"Dom & Vrt","Gradbeništvo","Pleskarski pribor","2522","Valji","Dom & Vrt -> Gradbeništvo -> Pleskarski pribor -> Valji"
"Dom & Vrt","Gradbeništvo","Pleskarski pribor","2523","Pribor za pleskanje","Dom & Vrt -> Gradbeništvo -> Pleskarski pribor -> Pribor za pleskanje"
"Dom & Vrt","Gradbeništvo","Lepila, tesnila in mase","2524","Fugirne mase","Dom & Vrt -> Gradbeništvo -> Lepila, tesnila in mase -> Fugirne mase"
"Dom & Vrt","Gradbeništvo","Lepila, tesnila in mase","2525","Izravnalne mase","Dom & Vrt -> Gradbeništvo -> Lepila, tesnila in mase -> Izravnalne mase"
"Dom & Vrt","Gradbeništvo","Lepila, tesnila in mase","2526","Lepila","Dom & Vrt -> Gradbeništvo -> Lepila, tesnila in mase -> Lepila"
"Dom & Vrt","Gradbeništvo","Lepila, tesnila in mase","2527","Lepilni trakovi","Dom & Vrt -> Gradbeništvo -> Lepila, tesnila in mase -> Lepilni trakovi"
"Dom & Vrt","Gradbeništvo","Lepila, tesnila in mase","2528","Poliuretanske pene","Dom & Vrt -> Gradbeništvo -> Lepila, tesnila in mase -> Poliuretanske pene"
"Dom & Vrt","Gradbeništvo","Lepila, tesnila in mase","2529","Silikoni","Dom & Vrt -> Gradbeništvo -> Lepila, tesnila in mase -> Silikoni"
"Dom & Vrt","Gradbeništvo","Lepila, tesnila in mase","2530","Tesnila","Dom & Vrt -> Gradbeništvo -> Lepila, tesnila in mase -> Tesnila"
"Dom & Vrt","Gradbeništvo","Lepila, tesnila in mase","2531","Pribor za lepila","Dom & Vrt -> Gradbeništvo -> Lepila, tesnila in mase -> Pribor za lepila"
"Dom & Vrt","Gradbeništvo","Gradbeni material","2532","Cement, malte in ometi","Dom & Vrt -> Gradbeništvo -> Gradbeni material -> Cement, malte in ometi"
"Dom & Vrt","Gradbeništvo","Gradbeni material","2533","Dimniški elementi","Dom & Vrt -> Gradbeništvo -> Gradbeni material -> Dimniški elementi"
"Dom & Vrt","Gradbeništvo","Gradbeni material","2534","Izolacije","Dom & Vrt -> Gradbeništvo -> Gradbeni material -> Izolacije"
"Dom & Vrt","Gradbeništvo","Gradbeni material","2535","Mavčne plošče","Dom & Vrt -> Gradbeništvo -> Gradbeni material -> Mavčne plošče"
"Dom & Vrt","Gradbeništvo","Gradbeni material","2536","OSB in ISB plošče","Dom & Vrt -> Gradbeništvo -> Gradbeni material -> OSB in ISB plošče"
"Dom & Vrt","Gradbeništvo","Gradbeni material","2537","Profili in dodatki","Dom & Vrt -> Gradbeništvo -> Gradbeni material -> Profili in dodatki"
"Dom & Vrt","Gradbeništvo","Gradbeni material","2538","Strešne kritine","Dom & Vrt -> Gradbeništvo -> Gradbeni material -> Strešne kritine"
"Dom & Vrt","Gradbeništvo","Gradbeni material","2539","Zidaki","Dom & Vrt -> Gradbeništvo -> Gradbeni material -> Zidaki"
"Dom & Vrt","Gradbeništvo","Gradbeni material","2540","Železni, leseni in opažni elementi","Dom & Vrt -> Gradbeništvo -> Gradbeni material -> Železni, leseni in opažni elementi"
"Dom & Vrt","Gradbeništvo","Stavbno pohištvo","2541","Garažna vrata","Dom & Vrt -> Gradbeništvo -> Stavbno pohištvo -> Garažna vrata"
"Dom & Vrt","Gradbeništvo","Stavbno pohištvo","2542","Nadstreški","Dom & Vrt -> Gradbeništvo -> Stavbno pohištvo -> Nadstreški"
"Dom & Vrt","Gradbeništvo","Stavbno pohištvo","2543","Notranja vrata","Dom & Vrt -> Gradbeništvo -> Stavbno pohištvo -> Notranja vrata"
"Dom & Vrt","Gradbeništvo","Stavbno pohištvo","2544","Okna","Dom & Vrt -> Gradbeništvo -> Stavbno pohištvo -> Okna"
"Dom & Vrt","Gradbeništvo","Stavbno pohištvo","2545","Stopnice","Dom & Vrt -> Gradbeništvo -> Stavbno pohištvo -> Stopnice"
"Dom & Vrt","Gradbeništvo","Stavbno pohištvo","2546","Strešna okna","Dom & Vrt -> Gradbeništvo -> Stavbno pohištvo -> Strešna okna"
"Dom & Vrt","Gradbeništvo","Stavbno pohištvo","2547","Vhodna vrata","Dom & Vrt -> Gradbeništvo -> Stavbno pohištvo -> Vhodna vrata"
"Dom & Vrt","Gradbeništvo","Vodovod in odtoki","2548","Hidroforji / hidropaki","Dom & Vrt -> Gradbeništvo -> Vodovod in odtoki -> Hidroforji / hidropaki"
"Dom & Vrt","Gradbeništvo","Vodovod in odtoki","2549","Mehčanje vode","Dom & Vrt -> Gradbeništvo -> Vodovod in odtoki -> Mehčanje vode"
"Dom & Vrt","Gradbeništvo","Vodovod in odtoki","2550","Odvodnjavanje","Dom & Vrt -> Gradbeništvo -> Vodovod in odtoki -> Odvodnjavanje"
"Dom & Vrt","Gradbeništvo","Vodovod in odtoki","2551","Vodovodne cevi","Dom & Vrt -> Gradbeništvo -> Vodovod in odtoki -> Vodovodne cevi"
"Dom & Vrt","Gradbeništvo","Vodovod in odtoki","2552","Vodovodni pribor","Dom & Vrt -> Gradbeništvo -> Vodovod in odtoki -> Vodovodni pribor"
"Dom & Vrt","Gradbeništvo","Talne in stenske obloge","490","Keramične ploščice","Dom & Vrt -> Gradbeništvo -> Talne in stenske obloge -> Keramične ploščice"
"Dom & Vrt","Gradbeništvo","Talne in stenske obloge","2553","Laminatne obloge","Dom & Vrt -> Gradbeništvo -> Talne in stenske obloge -> Laminatne obloge"
"Dom & Vrt","Gradbeništvo","Talne in stenske obloge","2554","Parketi","Dom & Vrt -> Gradbeništvo -> Talne in stenske obloge -> Parketi"
"Dom & Vrt","Gradbeništvo","Talne in stenske obloge","2555","Podloge, letve in profili","Dom & Vrt -> Gradbeništvo -> Talne in stenske obloge -> Podloge, letve in profili"
"Dom & Vrt","Gradbeništvo","Talne in stenske obloge","2556","Stenske obloge","Dom & Vrt -> Gradbeništvo -> Talne in stenske obloge -> Stenske obloge"
"Dom & Vrt","Gradbeništvo","Talne in stenske obloge","2557","Vinilne obloge","Dom & Vrt -> Gradbeništvo -> Talne in stenske obloge -> Vinilne obloge"
"Dom & Vrt","Gradbeništvo","Talne in stenske obloge","2558","Zunanje talne obloge","Dom & Vrt -> Gradbeništvo -> Talne in stenske obloge -> Zunanje talne obloge"
"Dom & Vrt","Gradbeništvo","Talne in stenske obloge","2559","Ostale talne in stenske obloge","Dom & Vrt -> Gradbeništvo -> Talne in stenske obloge -> Ostale talne in stenske obloge"
"Dom & Vrt","Gradbeništvo","Elektro material","2560","Električni kabli in vodniki","Dom & Vrt -> Gradbeništvo -> Elektro material -> Električni kabli in vodniki"
"Dom & Vrt","Gradbeništvo","Elektro material","2561","Električni podaljški in razdelilci","Dom & Vrt -> Gradbeništvo -> Elektro material -> Električni podaljški in razdelilci"
"Dom & Vrt","Gradbeništvo","Elektro material","2562","Merilni instrumenti","Dom & Vrt -> Gradbeništvo -> Elektro material -> Merilni instrumenti"
"Dom & Vrt","Gradbeništvo","Elektro material","2563","Razdelilne omarice in doze","Dom & Vrt -> Gradbeništvo -> Elektro material -> Razdelilne omarice in doze"
"Dom & Vrt","Gradbeništvo","Elektro material","2564","Spojke in vezice","Dom & Vrt -> Gradbeništvo -> Elektro material -> Spojke in vezice"
"Dom & Vrt","Gradbeništvo","Elektro material","2565","Stikala, tipkala in vtičnice","Dom & Vrt -> Gradbeništvo -> Elektro material -> Stikala, tipkala in vtičnice"
"Dom & Vrt","Gradbeništvo","Elektro material","2566","Talno gretje","Dom & Vrt -> Gradbeništvo -> Elektro material -> Talno gretje"
"Dom & Vrt","Gradbeništvo","Elektro material","2567","Varovalke","Dom & Vrt -> Gradbeništvo -> Elektro material -> Varovalke"
"Dom & Vrt","Gradbeništvo","Elektro material","2568","Elektro oprema in pribor","Dom & Vrt -> Gradbeništvo -> Elektro material -> Elektro oprema in pribor"
"Dom & Vrt","Gradbeništvo","Elektrotehnične komponente","2569","Aktivne komponente","Dom & Vrt -> Gradbeništvo -> Elektrotehnične komponente -> Aktivne komponente"
"Dom & Vrt","Gradbeništvo","Elektrotehnične komponente","2570","Akumulatorji in baterije","Dom & Vrt -> Gradbeništvo -> Elektrotehnične komponente -> Akumulatorji in baterije"
"Dom & Vrt","Gradbeništvo","Elektrotehnične komponente","2571","Avtomatizacija","Dom & Vrt -> Gradbeništvo -> Elektrotehnične komponente -> Avtomatizacija"
"Dom & Vrt","Gradbeništvo","Elektrotehnične komponente","2572","Elektromehanika","Dom & Vrt -> Gradbeništvo -> Elektrotehnične komponente -> Elektromehanika"
"Dom & Vrt","Gradbeništvo","Elektrotehnične komponente","2573","Gradnja zvočnikov","Dom & Vrt -> Gradbeništvo -> Elektrotehnične komponente -> Gradnja zvočnikov"
"Dom & Vrt","Gradbeništvo","Elektrotehnične komponente","2574","Kabli","Dom & Vrt -> Gradbeništvo -> Elektrotehnične komponente -> Kabli"
"Dom & Vrt","Gradbeništvo","Elektrotehnične komponente","2575","Kompleti za sestavljanje in moduli","Dom & Vrt -> Gradbeništvo -> Elektrotehnične komponente -> Kompleti za sestavljanje in moduli"
"Dom & Vrt","Gradbeništvo","Elektrotehnične komponente","2576","Konektorji","Dom & Vrt -> Gradbeništvo -> Elektrotehnične komponente -> Konektorji"
"Dom & Vrt","Gradbeništvo","Elektrotehnične komponente","2577","Merilni inštrumenti in laboratorijska oprema","Dom & Vrt -> Gradbeništvo -> Elektrotehnične komponente -> Merilni inštrumenti in laboratorijska oprema"
"Dom & Vrt","Gradbeništvo","Elektrotehnične komponente","2578","Napajalniki","Dom & Vrt -> Gradbeništvo -> Elektrotehnične komponente -> Napajalniki"
"Dom & Vrt","Gradbeništvo","Elektrotehnične komponente","2579","Ohišja","Dom & Vrt -> Gradbeništvo -> Elektrotehnične komponente -> Ohišja"
"Dom & Vrt","Gradbeništvo","Elektrotehnične komponente","2580","Optoelektronika","Dom & Vrt -> Gradbeništvo -> Elektrotehnične komponente -> Optoelektronika"
"Dom & Vrt","Gradbeništvo","Elektrotehnične komponente","2581","Pasivne komponente","Dom & Vrt -> Gradbeništvo -> Elektrotehnične komponente -> Pasivne komponente"
"Dom & Vrt","Gradbeništvo","Elektrotehnične komponente","2582","Pnevmatike in allfluidna tehnika","Dom & Vrt -> Gradbeništvo -> Elektrotehnične komponente -> Pnevmatike in allfluidna tehnika"
"Dom & Vrt","Gradbeništvo","Elektrotehnične komponente","2583","Senzorji","Dom & Vrt -> Gradbeništvo -> Elektrotehnične komponente -> Senzorji"
"Dom & Vrt","Gradbeništvo","Elektrotehnične komponente","2584","Stikala in tipkala","Dom & Vrt -> Gradbeništvo -> Elektrotehnične komponente -> Stikala in tipkala"
