"ImeL0","ImeL1","ImeL2","MotherIdL3","ImeL3","L0-L1-L2-L3"
"-","Audio & Video","Televizori","38","Plazma TV","- -> Audio & Video -> Televizori -> Plazma TV"
"-","Audio & Video","Televizori","122","Satelitska TV","- -> Audio & Video -> Televizori -> Satelitska TV"
"-","Audio & Video","Televizori","367","OLED TV","- -> Audio & Video -> Televizori -> OLED TV"
"-","Audio & Video","Televizori","1689","LCD / LED TV","- -> Audio & Video -> Televizori -> LCD / LED TV"
"-","Audio & Video","Kućno kino","13","DVD playeri","- -> Audio & Video -> Kućno kino -> DVD playeri"
"-","Audio & Video","Kućno kino","14","DVD snimači","- -> Audio & Video -> Kućno kino -> DVD snimači"
"-","Audio & Video","Kućno kino","54","Zvučnici za kućno kino","- -> Audio & Video -> Kućno kino -> Zvučnici za kućno kino"
"-","Audio & Video","Kućno kino","96","Projektori","- -> Audio & Video -> Kućno kino -> Projektori"
"-","Audio & Video","Kućno kino","97","Dodaci za kućno kino","- -> Audio & Video -> Kućno kino -> Dodaci za kućno kino"
"-","Audio & Video","Kućno kino","123","Kompleti za kućno kino","- -> Audio & Video -> Kućno kino -> Kompleti za kućno kino"
"-","Audio & Video","Kućno kino","137","Projekcijska platna","- -> Audio & Video -> Kućno kino -> Projekcijska platna"
"-","Audio & Video","Kućno kino","365","Digitalni playeri","- -> Audio & Video -> Kućno kino -> Digitalni playeri"
"-","Audio & Video","Music playeri","124","Glazbene linije","- -> Audio & Video -> Music playeri -> Glazbene linije"
"-","Audio & Video","Music playeri","125","Prijenosni CD / playeri","- -> Audio & Video -> Music playeri -> Prijenosni CD / playeri"
"-","Audio & Video","Music playeri","132","Mp3 playeri","- -> Audio & Video -> Music playeri -> Mp3 playeri"
"-","Audio & Video","Music playeri","135","Diktafoni","- -> Audio & Video -> Music playeri -> Diktafoni"
"-","Audio & Video","Music playeri","2959","Karaoke","- -> Audio & Video -> Music playeri -> Karaoke"
"-","Audio & Video","Dodatna oprema za audio i video","41","Za televizore","- -> Audio & Video -> Dodatna oprema za audio i video -> Za televizore"
"-","Audio & Video","Dodatna oprema za audio i video","55","Kablovi i produžeci","- -> Audio & Video -> Dodatna oprema za audio i video -> Kablovi i produžeci"
"-","Audio & Video","Dodatna oprema za audio i video","56","Konektori","- -> Audio & Video -> Dodatna oprema za audio i video -> Konektori"
"-","Audio & Video","Dodatna oprema za audio i video","131","Za MP3 playere","- -> Audio & Video -> Dodatna oprema za audio i video -> Za MP3 playere"
"-","Audio & Video","Hi-Fi","128","CD playeri","- -> Audio & Video -> Hi-Fi -> CD playeri"
"-","Audio & Video","Hi-Fi","129","Gramofoni","- -> Audio & Video -> Hi-Fi -> Gramofoni"
"-","Audio & Video","Hi-Fi","130","Pojačala i receiveri","- -> Audio & Video -> Hi-Fi -> Pojačala i receiveri"
"-","Audio & Video","Hi-Fi","136","Slušalice","- -> Audio & Video -> Hi-Fi -> Slušalice"
"-","Audio & Video","Hi-Fi","171","Zvučnici","- -> Audio & Video -> Hi-Fi -> Zvučnici"
"-","Audio & Video","Glazbala","174","Gitare","- -> Audio & Video -> Glazbala -> Gitare"
"-","Audio & Video","Glazbala","175","Klavijature","- -> Audio & Video -> Glazbala -> Klavijature"
"-","Audio & Video","Glazbala","176","Bubnjevi i udaraljke","- -> Audio & Video -> Glazbala -> Bubnjevi i udaraljke"
"-","Audio & Video","Glazbala","177","Puhači","- -> Audio & Video -> Glazbala -> Puhači"
"-","Audio & Video","Glazbala","178","Trube","- -> Audio & Video -> Glazbala -> Trube"
"-","Audio & Video","Glazbala","179","Harmonike","- -> Audio & Video -> Glazbala -> Harmonike"
"-","Audio & Video","Glazbala","180","Ostali glazbeni instrumenti","- -> Audio & Video -> Glazbala -> Ostali glazbeni instrumenti"
"-","Audio & Video","Glazbala","515","Gudački instrumenti","- -> Audio & Video -> Glazbala -> Gudački instrumenti"
"-","Audio & Video","Glazbena oprema","181","Pojačala","- -> Audio & Video -> Glazbena oprema -> Pojačala"
"-","Audio & Video","Glazbena oprema","182","Zvučni sustavi i zvučnici","- -> Audio & Video -> Glazbena oprema -> Zvučni sustavi i zvučnici"
"-","Audio & Video","Glazbena oprema","184","Mikrofoni","- -> Audio & Video -> Glazbena oprema -> Mikrofoni"
"-","Audio & Video","Glazbena oprema","185","Koferi i torbe","- -> Audio & Video -> Glazbena oprema -> Koferi i torbe"
"-","Audio & Video","Glazbena oprema","186","Stalci","- -> Audio & Video -> Glazbena oprema -> Stalci"
"-","Audio & Video","Glazbena oprema","187","Efekti i pedala","- -> Audio & Video -> Glazbena oprema -> Efekti i pedala"
"-","Audio & Video","Glazbena oprema","188","Dodatna oprema","- -> Audio & Video -> Glazbena oprema -> Dodatna oprema"
"-","Audio & Video","Glazbena oprema","189","Ostala glazbena oprema","- -> Audio & Video -> Glazbena oprema -> Ostala glazbena oprema"
"-","Audio & Video","Glazbena oprema","516","Svjetlosni efekti (light show)","- -> Audio & Video -> Glazbena oprema -> Svjetlosni efekti (light show)"
"-","Audio & Video","Glazbena oprema","518","Procesori, efekti, konverteri,...","- -> Audio & Video -> Glazbena oprema -> Procesori, efekti, konverteri,..."
"-","Audio & Video","Glazbena oprema","519","Studijska i oprema za snimanje","- -> Audio & Video -> Glazbena oprema -> Studijska i oprema za snimanje"
"-","Audio & Video","Glazbena oprema","529","Notna literatura","- -> Audio & Video -> Glazbena oprema -> Notna literatura"
"-","Audio & Video","Glazbena oprema","517","DJ uređaji","- -> Audio & Video -> Glazbena oprema -> DJ uređaji"
"-","Audio & Video","Glazba i film","2955","CD","- -> Audio & Video -> Glazba i film -> CD"
"-","Audio & Video","Glazba i film","2956","Gramofonska ploča","- -> Audio & Video -> Glazba i film -> Gramofonska ploča"
"-","Audio & Video","Glazba i film","2957","DVD","- -> Audio & Video -> Glazba i film -> DVD"
"-","Audio & Video","Glazba i film","2958","Blu-ray filmovi","- -> Audio & Video -> Glazba i film -> Blu-ray filmovi"
"-","Auto-Moto","Auto akustika","1","Auto radio","- -> Auto-Moto -> Auto akustika -> Auto radio"
"-","Auto-Moto","Auto akustika","2","Auto pojačala","- -> Auto-Moto -> Auto akustika -> Auto pojačala"
"-","Auto-Moto","Auto akustika","3","Auto zvučnici","- -> Auto-Moto -> Auto akustika -> Auto zvučnici"
"-","Auto-Moto","Auto akustika","223","Subwooferi","- -> Auto-Moto -> Auto akustika -> Subwooferi"
"-","Auto-Moto","Auto akustika","225","Oprema za autoakustiku","- -> Auto-Moto -> Auto akustika -> Oprema za autoakustiku"
"-","Auto-Moto","Felge","198","ALU felge do 15''","- -> Auto-Moto -> Felge -> ALU felge do 15""
"-","Auto-Moto","Felge","199","ALU felge 15''","- -> Auto-Moto -> Felge -> ALU felge 15""
"-","Auto-Moto","Felge","200","ALU felge 16''","- -> Auto-Moto -> Felge -> ALU felge 16""
"-","Auto-Moto","Felge","201","ALU felge 17''","- -> Auto-Moto -> Felge -> ALU felge 17""
"-","Auto-Moto","Felge","202","ALU felge 18''","- -> Auto-Moto -> Felge -> ALU felge 18""
"-","Auto-Moto","Felge","203","ALU felge iznad 19''","- -> Auto-Moto -> Felge -> ALU felge iznad 19""
"-","Auto-Moto","Felge","204","Čelične felge","- -> Auto-Moto -> Felge -> Čelične felge"
"-","Auto-Moto","Felge","205","Plastični poklopci","- -> Auto-Moto -> Felge -> Plastični poklopci"
"-","Auto-Moto","Felge","271","ALU felge 19''","- -> Auto-Moto -> Felge -> ALU felge 19""
"-","Auto-Moto","Kamperi, prikolice i oprema","476","Kamperi i prikolice","- -> Auto-Moto -> Kamperi, prikolice i oprema -> Kamperi i prikolice"
"-","Auto-Moto","Kamperi, prikolice i oprema","477","Unutrašnja oprema","- -> Auto-Moto -> Kamperi, prikolice i oprema -> Unutrašnja oprema"
"-","Auto-Moto","Kamperi, prikolice i oprema","478","Vanjska oprema","- -> Auto-Moto -> Kamperi, prikolice i oprema -> Vanjska oprema"
"-","Auto-Moto","Kamperi, prikolice i oprema","479","Sigurnost i zaštita","- -> Auto-Moto -> Kamperi, prikolice i oprema -> Sigurnost i zaštita"
"-","Auto-Moto","Kamperi, prikolice i oprema","480","Šatori, tende i oprema","- -> Auto-Moto -> Kamperi, prikolice i oprema -> Šatori, tende i oprema"
"-","Auto-Moto","Kamperi, prikolice i oprema","481","Prozori i oprema","- -> Auto-Moto -> Kamperi, prikolice i oprema -> Prozori i oprema"
"-","Auto-Moto","Kamperi, prikolice i oprema","482","Voda i sanitarije","- -> Auto-Moto -> Kamperi, prikolice i oprema -> Voda i sanitarije"
"-","Auto-Moto","Kamperi, prikolice i oprema","484","Hlađenje i zagrijavanje","- -> Auto-Moto -> Kamperi, prikolice i oprema -> Hlađenje i zagrijavanje"
"-","Auto-Moto","Moto dijelovi i oprema","316","Kacige","- -> Auto-Moto -> Moto dijelovi i oprema -> Kacige"
"-","Auto-Moto","Moto dijelovi i oprema","586","Tuning","- -> Auto-Moto -> Moto dijelovi i oprema -> Tuning"
"-","Auto-Moto","Moto dijelovi i oprema","512","Moto oprema","- -> Auto-Moto -> Moto dijelovi i oprema -> Moto oprema"
"-","Auto-Moto","Moto dijelovi i oprema","587","Styling","- -> Auto-Moto -> Moto dijelovi i oprema -> Styling"
"-","Auto-Moto","Moto dijelovi i oprema","589","Rezervni dijelovi i održavanje","- -> Auto-Moto -> Moto dijelovi i oprema -> Rezervni dijelovi i održavanje"
"-","Auto-Moto","Moto dijelovi i oprema","588","Suspenzije i kočnice","- -> Auto-Moto -> Moto dijelovi i oprema -> Suspenzije i kočnice"
"-","Auto-Moto","Moto dijelovi i oprema","656","Moto felge","- -> Auto-Moto -> Moto dijelovi i oprema -> Moto felge"
"-","Auto-Moto","Auto oprema i GPS","145","GPS oprema","- -> Auto-Moto -> Auto oprema i GPS -> GPS oprema"
"-","Auto-Moto","Auto oprema i GPS","190","Krovne kutije i nosači","- -> Auto-Moto -> Auto oprema i GPS -> Krovne kutije i nosači"
"-","Auto-Moto","Auto oprema i GPS","192","Naslon za ruku","- -> Auto-Moto -> Auto oprema i GPS -> Naslon za ruku"
"-","Auto-Moto","Auto oprema i GPS","196","Brisači","- -> Auto-Moto -> Auto oprema i GPS -> Brisači"
"-","Auto-Moto","Auto oprema i GPS","197","Druga auto oprema","- -> Auto-Moto -> Auto oprema i GPS -> Druga auto oprema"
"-","Auto-Moto","Auto oprema i GPS","322","GPS uređaji (cestovni)","- -> Auto-Moto -> Auto oprema i GPS -> GPS uređaji (cestovni)"
"-","Auto-Moto","Auto oprema i GPS","455","Akumulatori","- -> Auto-Moto -> Auto oprema i GPS -> Akumulatori"
"-","Auto-Moto","Auto dijelovi","195","Svjetla","- -> Auto-Moto -> Auto dijelovi -> Svjetla"
"-","Auto-Moto","Auto dijelovi","601","Auto klime","- -> Auto-Moto -> Auto dijelovi -> Auto klime"
"-","Auto-Moto","Auto dijelovi","602","Auto stakla","- -> Auto-Moto -> Auto dijelovi -> Auto stakla"
"-","Auto-Moto","Auto dijelovi","603","Sustavi hlađenja","- -> Auto-Moto -> Auto dijelovi -> Sustavi hlađenja"
"-","Auto-Moto","Auto dijelovi","604","Ispušni sustavi","- -> Auto-Moto -> Auto dijelovi -> Ispušni sustavi"
"-","Auto-Moto","Auto dijelovi","605","Karoserijski dijelovi","- -> Auto-Moto -> Auto dijelovi -> Karoserijski dijelovi"
"-","Auto-Moto","Auto dijelovi","606","Retrovizori","- -> Auto-Moto -> Auto dijelovi -> Retrovizori"
"-","Auto-Moto","Auto dijelovi","607","Podvozje","- -> Auto-Moto -> Auto dijelovi -> Podvozje"
"-","Auto-Moto","Auto dijelovi","608","Lamele","- -> Auto-Moto -> Auto dijelovi -> Lamele"
"-","Auto-Moto","Gume","657","Ljetne gume","- -> Auto-Moto -> Gume -> Ljetne gume"
"-","Auto-Moto","Gume","658","Zimske gume","- -> Auto-Moto -> Gume -> Zimske gume"
"-","Auto-Moto","Gume","659","Cjelogodišnje gume","- -> Auto-Moto -> Gume -> Cjelogodišnje gume"
"-","Auto-Moto","Gume","660","Moto gume","- -> Auto-Moto -> Gume -> Moto gume"
"-","Auto-Moto","Gume","2951","Traktorske, građevinske i teretne gume","- -> Auto-Moto -> Gume -> Traktorske, građevinske i teretne gume"
"-","Auto-Moto","Nova vozila","508","Skuteri","- -> Auto-Moto -> Nova vozila -> Skuteri"
"-","Auto-Moto","Nova vozila","507","Motocikli","- -> Auto-Moto -> Nova vozila -> Motocikli"
"-","Auto-Moto","Nova vozila","1667","Avtomobili","- -> Auto-Moto -> Nova vozila -> Avtomobili"
"-","Erotika","Erotska pomagala","401","Erekcijski prsteni","- -> Erotika -> Erotska pomagala -> Erekcijski prsteni"
"-","Erotika","Erotska pomagala","402","Masturbatori","- -> Erotika -> Erotska pomagala -> Masturbatori"
"-","Erotika","Erotska pomagala","403","Vaginalne kuglice","- -> Erotika -> Erotska pomagala -> Vaginalne kuglice"
"-","Erotika","Erotska pomagala","404","Vibratori","- -> Erotika -> Erotska pomagala -> Vibratori"
"-","Erotika","Erotska pomagala","405","Umjetni penis (dildo)","- -> Erotika -> Erotska pomagala -> Umjetni penis (dildo)"
"-","Erotika","Erotska pomagala","406","Sex lutke","- -> Erotika -> Erotska pomagala -> Sex lutke"
"-","Erotika","Erotska pomagala","407","Erekcijske pumpe","- -> Erotika -> Erotska pomagala -> Erekcijske pumpe"
"-","Erotika","Erotska pomagala","408","Analni pribor","- -> Erotika -> Erotska pomagala -> Analni pribor"
"-","Erotika","Erotska pomagala","409","Kompleti erotskog pribora","- -> Erotika -> Erotska pomagala -> Kompleti erotskog pribora"
"-","Erotika","Erotska pomagala","410","Povećavanje penisa","- -> Erotika -> Erotska pomagala -> Povećavanje penisa"
"-","Erotika","Erotska pomagala","411","Ostala erotska pomagala i pribor","- -> Erotika -> Erotska pomagala -> Ostala erotska pomagala i pribor"
"-","Erotika","Erotska pomagala","424","Fetiš (S & M) erotska pomagala","- -> Erotika -> Erotska pomagala -> Fetiš (S & M) erotska pomagala"
"-","Erotika","Erotska kozmetika","412","Erotski stimulatori","- -> Erotika -> Erotska kozmetika -> Erotski stimulatori"
"-","Erotika","Erotska kozmetika","413","Lubrikanti","- -> Erotika -> Erotska kozmetika -> Lubrikanti"
"-","Erotika","Erotska kozmetika","414","Masažna ulja","- -> Erotika -> Erotska kozmetika -> Masažna ulja"
"-","Erotika","Erotska kozmetika","415","Nakit, piercing, tattoo, body paint","- -> Erotika -> Erotska kozmetika -> Nakit, piercing, tattoo, body paint"
"-","Erotika","Erotska kozmetika","416","Parfemi, njega tijela","- -> Erotika -> Erotska kozmetika -> Parfemi, njega tijela"
"-","Erotika","Erotska kozmetika","417","Kondomi","- -> Erotika -> Erotska kozmetika -> Kondomi"
"-","Erotika","Erotska odjeća i rublje","418","Erotska odjeća, kostimi i maske","- -> Erotika -> Erotska odjeća i rublje -> Erotska odjeća, kostimi i maske"
"-","Erotika","Erotska odjeća i rublje","419","Erotsko donje rublje za žene","- -> Erotika -> Erotska odjeća i rublje -> Erotsko donje rublje za žene"
"-","Erotika","Erotska odjeća i rublje","420","Erotsko donje rublje za muškarce","- -> Erotika -> Erotska odjeća i rublje -> Erotsko donje rublje za muškarce"
"-","Erotika","Erotska odjeća i rublje","421","Čarape, podvezice, pribor","- -> Erotika -> Erotska odjeća i rublje -> Čarape, podvezice, pribor"
"-","Erotika","Erotska odjeća i rublje","422","Steznik, body, negliže","- -> Erotika -> Erotska odjeća i rublje -> Steznik, body, negliže"
"-","Erotika","Erotska odjeća i rublje","423","Cipele i čizme","- -> Erotika -> Erotska odjeća i rublje -> Cipele i čizme"
"-","Erotika","Erotska odjeća i rublje","425","Kožna i latex odjeća","- -> Erotika -> Erotska odjeća i rublje -> Kožna i latex odjeća"
"-","Erotika","Erotski filmovi i časopisi","439","Erotski časopisi i knjige","- -> Erotika -> Erotski filmovi i časopisi -> Erotski časopisi i knjige"
"-","Erotika","Erotski filmovi i časopisi","1675","Erotski filmovi","- -> Erotika -> Erotski filmovi i časopisi -> Erotski filmovi"
"-","Erotika","Erotske igre i darovi","440","Erotski darovi","- -> Erotika -> Erotske igre i darovi -> Erotski darovi"
"-","Erotika","Erotske igre i darovi","1676","Erotske igre","- -> Erotika -> Erotske igre i darovi -> Erotske igre"
"-","Foto","Digitalni fotoaparati","273","D-SLR fotoaparati","- -> Foto -> Digitalni fotoaparati -> D-SLR fotoaparati"
"-","Foto","Digitalni fotoaparati","600","Kompaktni digitalni fotoaparati","- -> Foto -> Digitalni fotoaparati -> Kompaktni digitalni fotoaparati"
"-","Foto","Memorijske kartice i čitači","31","Compact Flash (CF)","- -> Foto -> Memorijske kartice i čitači -> Compact Flash (CF)"
"-","Foto","Memorijske kartice i čitači","33","Memory Stick (MS)","- -> Foto -> Memorijske kartice i čitači -> Memory Stick (MS)"
"-","Foto","Memorijske kartice i čitači","34","Secure Digital (SD)","- -> Foto -> Memorijske kartice i čitači -> Secure Digital (SD)"
"-","Foto","Memorijske kartice i čitači","35","Ostale memorijske kartice","- -> Foto -> Memorijske kartice i čitači -> Ostale memorijske kartice"
"-","Foto","Memorijske kartice i čitači","62","Čitači memorijskih kartica","- -> Foto -> Memorijske kartice i čitači -> Čitači memorijskih kartica"
"-","Foto","Foto oprema","6","Stativi","- -> Foto -> Foto oprema -> Stativi"
"-","Foto","Foto oprema","7","Objektivi","- -> Foto -> Foto oprema -> Objektivi"
"-","Foto","Foto oprema","8","Blicevi","- -> Foto -> Foto oprema -> Blicevi"
"-","Foto","Foto oprema","10","Baterije za fotoaparate","- -> Foto -> Foto oprema -> Baterije za fotoaparate"
"-","Foto","Foto oprema","12","Ostala foto oprema","- -> Foto -> Foto oprema -> Ostala foto oprema"
"-","Foto","Foto oprema","63","Filteri","- -> Foto -> Foto oprema -> Filteri"
"-","Foto","Foto oprema","99","Foto papir","- -> Foto -> Foto oprema -> Foto papir"
"-","Foto","Foto oprema","100","Dalekozori","- -> Foto -> Foto oprema -> Dalekozori"
"-","Foto","Foto oprema","317","Torbice i ruksaci","- -> Foto -> Foto oprema -> Torbice i ruksaci"
"-","Foto","Foto oprema","366","Digitalni foto okviri","- -> Foto -> Foto oprema -> Digitalni foto okviri"
"-","Foto","Video kamere","50","Kamere s memorijom / memorijskom karticom","- -> Foto -> Video kamere -> Kamere s memorijom / memorijskom karticom"
"-","Foto","Video kamere","60","Baterije za video kamere","- -> Foto -> Video kamere -> Baterije za video kamere"
"-","Foto","Video kamere","666","Ostale kamere","- -> Foto -> Video kamere -> Ostale kamere"
"-","Foto","Video kamere","667","Dodaci za video kamere","- -> Foto -> Video kamere -> Dodaci za video kamere"
"-","Foto","Video kamere","1668","Sportske kamere","- -> Foto -> Video kamere -> Sportske kamere"
"-","Ljepota i zdravlje","Aparati za osobnu njegu","64","Brijaći aparati","- -> Ljepota i zdravlje -> Aparati za osobnu njegu -> Brijaći aparati"
"-","Ljepota i zdravlje","Aparati za osobnu njegu","66","Četkice za zube","- -> Ljepota i zdravlje -> Aparati za osobnu njegu -> Četkice za zube"
"-","Ljepota i zdravlje","Aparati za osobnu njegu","69","Ostalo za osobnu njegu","- -> Ljepota i zdravlje -> Aparati za osobnu njegu -> Ostalo za osobnu njegu"
"-","Ljepota i zdravlje","Aparati za osobnu njegu","139","Šišači","- -> Ljepota i zdravlje -> Aparati za osobnu njegu -> Šišači"
"-","Ljepota i zdravlje","Aparati za osobnu njegu","140","Depilatori","- -> Ljepota i zdravlje -> Aparati za osobnu njegu -> Depilatori"
"-","Ljepota i zdravlje","Aparati za osobnu njegu","141","Sušila za kosu","- -> Ljepota i zdravlje -> Aparati za osobnu njegu -> Sušila za kosu"
"-","Ljepota i zdravlje","Aparati za osobnu njegu","173","Pegle za kosu","- -> Ljepota i zdravlje -> Aparati za osobnu njegu -> Pegle za kosu"
"-","Ljepota i zdravlje","Kozmetika i higijena","456","Perike","- -> Ljepota i zdravlje -> Kozmetika i higijena -> Perike"
"-","Ljepota i zdravlje","Kozmetika i higijena","465","Njega lica","- -> Ljepota i zdravlje -> Kozmetika i higijena -> Njega lica"
"-","Ljepota i zdravlje","Kozmetika i higijena","466","Njega tijela","- -> Ljepota i zdravlje -> Kozmetika i higijena -> Njega tijela"
"-","Ljepota i zdravlje","Kozmetika i higijena","467","Njega kose","- -> Ljepota i zdravlje -> Kozmetika i higijena -> Njega kose"
"-","Ljepota i zdravlje","Kozmetika i higijena","527","Ostalo za njegu i higijenu","- -> Ljepota i zdravlje -> Kozmetika i higijena -> Ostalo za njegu i higijenu"
"-","Ljepota i zdravlje","Aparati za zdravlje","65","Osobne vage","- -> Ljepota i zdravlje -> Aparati za zdravlje -> Osobne vage"
"-","Ljepota i zdravlje","Aparati za zdravlje","67","Aparati za masažu","- -> Ljepota i zdravlje -> Aparati za zdravlje -> Aparati za masažu"
"-","Ljepota i zdravlje","Aparati za zdravlje","313","Tlakomjeri","- -> Ljepota i zdravlje -> Aparati za zdravlje -> Tlakomjeri"
"-","Ljepota i zdravlje","Aparati za zdravlje","489","Ostali aparati za zdravlje","- -> Ljepota i zdravlje -> Aparati za zdravlje -> Ostali aparati za zdravlje"
"-","Ljepota i zdravlje","Aparati za zdravlje","528","Eko proizvodi","- -> Ljepota i zdravlje -> Aparati za zdravlje -> Eko proizvodi"
"-","Ljepota i zdravlje","Aparati za zdravlje","611","Inhalatori","- -> Ljepota i zdravlje -> Aparati za zdravlje -> Inhalatori"
"-","Ljepota i zdravlje","Aparati za zdravlje","1669","Toplomjeri","- -> Ljepota i zdravlje -> Aparati za zdravlje -> Toplomjeri"
"-","Ljepota i zdravlje","Hrana i piće","463","Hrana iz konoplje","- -> Ljepota i zdravlje -> Hrana i piće -> Hrana iz konoplje"
"-","Ljepota i zdravlje","Hrana i piće","509","Osnovne namirnice","- -> Ljepota i zdravlje -> Hrana i piće -> Osnovne namirnice"
"-","Ljepota i zdravlje","Hrana i piće","511","Slastice i kolači","- -> Ljepota i zdravlje -> Hrana i piće -> Slastice i kolači"
"-","Ljepota i zdravlje","Ljekarna","537","Ozljede i liječenje","- -> Ljepota i zdravlje -> Ljekarna -> Ozljede i liječenje"
"-","Ljepota i zdravlje","Ljekarna","536","Lijekovi i ostalo","- -> Ljepota i zdravlje -> Ljekarna -> Lijekovi i ostalo"
"-","Ljepota i zdravlje","Optika","534","Kontaktne leće","- -> Ljepota i zdravlje -> Optika -> Kontaktne leće"
"-","Ljepota i zdravlje","Optika","1674","Korektivne naočale","- -> Ljepota i zdravlje -> Optika -> Korektivne naočale"
"-","Ljepota i zdravlje","Parfumerija","1677","Parfemi","- -> Ljepota i zdravlje -> Parfumerija -> Parfemi"
"-","Ljepota i zdravlje","Parfumerija","1678","Dezodoransi","- -> Ljepota i zdravlje -> Parfumerija -> Dezodoransi"
"-","Ljepota i zdravlje","Parfumerija","1679","Toaletne vode","- -> Ljepota i zdravlje -> Parfumerija -> Toaletne vode"
"-","Ljepota i zdravlje","Parfumerija","1680","Ostali mirisi","- -> Ljepota i zdravlje -> Parfumerija -> Ostali mirisi"
"-","Ljepota i zdravlje","Šminka","1681","Maskare","- -> Ljepota i zdravlje -> Šminka -> Maskare"
"-","Ljepota i zdravlje","Šminka","1682","Lakovi za nokte","- -> Ljepota i zdravlje -> Šminka -> Lakovi za nokte"
"-","Ljepota i zdravlje","Šminka","1683","Sjenila / rumenila","- -> Ljepota i zdravlje -> Šminka -> Sjenila / rumenila"
"-","Ljepota i zdravlje","Šminka","1684","Puderi","- -> Ljepota i zdravlje -> Šminka -> Puderi"
"-","Ljepota i zdravlje","Šminka","1685","Olovke / olovke za oči","- -> Ljepota i zdravlje -> Šminka -> Olovke / olovke za oči"
"-","Ljepota i zdravlje","Šminka","1686","Ruževi","- -> Ljepota i zdravlje -> Šminka -> Ruževi"
"-","Ljepota i zdravlje","Šminka","1687","Sjajila za usne","- -> Ljepota i zdravlje -> Šminka -> Sjajila za usne"
"-","Ljepota i zdravlje","Šminka","1688","Pribor za šminkanje","- -> Ljepota i zdravlje -> Šminka -> Pribor za šminkanje"
"-","Ljepota i zdravlje","Dodaci prehrani","2152","Dodaci za energiju","- -> Ljepota i zdravlje -> Dodaci prehrani -> Dodaci za energiju"
"-","Ljepota i zdravlje","Dodaci prehrani","2153","Dodaci za mršavljenje","- -> Ljepota i zdravlje -> Dodaci prehrani -> Dodaci za mršavljenje"
"-","Ljepota i zdravlje","Dodaci prehrani","2154","Dodaci za ljepotu","- -> Ljepota i zdravlje -> Dodaci prehrani -> Dodaci za ljepotu"
"-","Ljepota i zdravlje","Dodaci prehrani","2155","Dodaci za zdravlje / imunitet","- -> Ljepota i zdravlje -> Dodaci prehrani -> Dodaci za zdravlje / imunitet"
"-","Ljepota i zdravlje","Dodaci prehrani","2156","Vitamini i minerali","- -> Ljepota i zdravlje -> Dodaci prehrani -> Vitamini i minerali"
"-","Ljepota i zdravlje","Dodaci prehrani","2157","Superhrana","- -> Ljepota i zdravlje -> Dodaci prehrani -> Superhrana"
"-","Ured i škola","Arhiviranje","622","Mape","- -> Ured i škola -> Arhiviranje -> Mape"
"-","Ured i škola","Arhiviranje","624","Pregrade, kutije","- -> Ured i škola -> Arhiviranje -> Pregrade, kutije"
"-","Ured i škola","Arhiviranje","623","Registratori","- -> Ured i škola -> Arhiviranje -> Registratori"
"-","Ured i škola","Obrasci i dokumenti","497","Posao i zaposlenje","- -> Ured i škola -> Obrasci i dokumenti -> Posao i zaposlenje"
"-","Ured i škola","Obrasci i dokumenti","498","Dopisi","- -> Ured i škola -> Obrasci i dokumenti -> Dopisi"
"-","Ured i škola","Obrasci i dokumenti","501","Obitelj i nasljedstvo","- -> Ured i škola -> Obrasci i dokumenti -> Obitelj i nasljedstvo"
"-","Ured i škola","Obrasci i dokumenti","500","Privreda i gospodarstvo","- -> Ured i škola -> Obrasci i dokumenti -> Privreda i gospodarstvo"
"-","Ured i škola","Obrasci i dokumenti","502","Ovrha","- -> Ured i škola -> Obrasci i dokumenti -> Ovrha"
"-","Ured i škola","Obrasci i dokumenti","653","Postupak za razvod braka","- -> Ured i škola -> Obrasci i dokumenti -> Postupak za razvod braka"
"-","Ured i škola","Obrasci i dokumenti","504","Nekretnine","- -> Ured i škola -> Obrasci i dokumenti -> Nekretnine"
"-","Ured i škola","Obrasci i dokumenti","499","Ostali dokumeti","- -> Ured i škola -> Obrasci i dokumenti -> Ostali dokumeti"
"-","Ured i škola","Obrasci i dokumenti","506","Nagodbe","- -> Ured i škola -> Obrasci i dokumenti -> Nagodbe"
"-","Ured i škola","Obrasci i dokumenti","652","Stečaj i likvidacija","- -> Ured i škola -> Obrasci i dokumenti -> Stečaj i likvidacija"
"-","Ured i škola","Obrasci i dokumenti","503","Zaštita osobnih podataka","- -> Ured i škola -> Obrasci i dokumenti -> Zaštita osobnih podataka"
"-","Ured i škola","Papir i papirna konfekcija","619","Omotnice","- -> Ured i škola -> Papir i papirna konfekcija -> Omotnice"
"-","Ured i škola","Papir i papirna konfekcija","621","Naljepnice i etikete","- -> Ured i škola -> Papir i papirna konfekcija -> Naljepnice i etikete"
"-","Ured i škola","Papir i papirna konfekcija","618","Papir","- -> Ured i škola -> Papir i papirna konfekcija -> Papir"
"-","Ured i škola","Papir i papirna konfekcija","620","Samoljepivi listići","- -> Ured i škola -> Papir i papirna konfekcija -> Samoljepivi listići"
"-","Ured i škola","Pisaći pribor","632","Kemijske olovke","- -> Ured i škola -> Pisaći pribor -> Kemijske olovke"
"-","Ured i škola","Pisaći pribor","635","Markeri, flomasteri","- -> Ured i škola -> Pisaći pribor -> Markeri, flomasteri"
"-","Ured i škola","Pisaći pribor","636","Nalivpero","- -> Ured i škola -> Pisaći pribor -> Nalivpero"
"-","Ured i škola","Pisaći pribor","633","Olovke gel - roleri","- -> Ured i škola -> Pisaći pribor -> Olovke gel - roleri"
"-","Ured i škola","Pisaći pribor","634","Tehničke i grafitne olovke","- -> Ured i škola -> Pisaći pribor -> Tehničke i grafitne olovke"
"-","Ured i škola","Uredski uređaji","319","Fotokopirni strojevi","- -> Ured i škola -> Uredski uređaji -> Fotokopirni strojevi"
"-","Ured i škola","Uredski uređaji","625","Uređaji za spiralni uvez","- -> Ured i škola -> Uredski uređaji -> Uređaji za spiralni uvez"
"-","Ured i škola","Uredski uređaji","626","Uređaji za termo uvez","- -> Ured i škola -> Uredski uređaji -> Uređaji za termo uvez"
"-","Ured i škola","Uredski uređaji","584","Kalkulatori","- -> Ured i škola -> Uredski uređaji -> Kalkulatori"
"-","Ured i škola","Uredski uređaji","627","Plastifikatori","- -> Ured i škola -> Uredski uređaji -> Plastifikatori"
"-","Ured i škola","Uredski uređaji","630","POS oprema","- -> Ured i škola -> Uredski uređaji -> POS oprema"
"-","Ured i škola","Uredski uređaji","629","Rezači papira","- -> Ured i škola -> Uredski uređaji -> Rezači papira"
"-","Ured i škola","Uredski uređaji","631","Pisači za ispis etiketa","- -> Ured i škola -> Uredski uređaji -> Pisači za ispis etiketa"
"-","Ured i škola","Uredski uređaji","628","Uništavač dokumenata","- -> Ured i škola -> Uredski uređaji -> Uništavač dokumenata"
"-","Ured i škola","Uredski pribor","640","Ljepila, trake, selotejpi","- -> Ured i škola -> Uredski pribor -> Ljepila, trake, selotejpi"
"-","Ured i škola","Uredski pribor","638","Bušilice za papir","- -> Ured i škola -> Uredski pribor -> Bušilice za papir"
"-","Ured i škola","Uredski pribor","649","Ostali pribor","- -> Ured i škola -> Uredski pribor -> Ostali pribor"
"-","Ured i škola","Uredski pribor","637","Klamerica","- -> Ured i škola -> Uredski pribor -> Klamerica"
"-","Ured i škola","Uredski pribor","641","Spajalice i čavlići","- -> Ured i škola -> Uredski pribor -> Spajalice i čavlići"
"-","Ured i škola","Uredski pribor","642","Oštrila i ravnala","- -> Ured i škola -> Uredski pribor -> Oštrila i ravnala"
"-","Ured i škola","Uredski pribor","639","Škare, skalpeli","- -> Ured i škola -> Uredski pribor -> Škare, skalpeli"
"-","Ured i škola","Uredski pribor","643","Pečati i jastučići za pečate","- -> Ured i škola -> Uredski pribor -> Pečati i jastučići za pečate"
"-","Ured i škola","Uredski pribor","644","Ploče","- -> Ured i škola -> Uredski pribor -> Ploče"
"-","Ured i škola","Uredski namještaj","647","Ormari i ladičari","- -> Ured i škola -> Uredski namještaj -> Ormari i ladičari"
"-","Ured i škola","Uredski namještaj","646","Pisaći stol","- -> Ured i škola -> Uredski namještaj -> Pisaći stol"
"-","Ured i škola","Uredski namještaj","650","Ostali uredski namještaj","- -> Ured i škola -> Uredski namještaj -> Ostali uredski namještaj"
"-","Ured i škola","Uredski namještaj","645","Uredske stolice","- -> Ured i škola -> Uredski namještaj -> Uredske stolice"
"-","Ured i škola","Školski pribor","617","Drugi pribor","- -> Ured i škola -> Školski pribor -> Drugi pribor"
"-","Ured i škola","Školski pribor","615","Likovni pribor","- -> Ured i škola -> Školski pribor -> Likovni pribor"
"-","Ured i škola","Školski pribor","612","Pernice","- -> Ured i škola -> Školski pribor -> Pernice"
"-","Ured i škola","Školski pribor","614","Školske torbe i ruksaci","- -> Ured i škola -> Školski pribor -> Školske torbe i ruksaci"
"-","Ured i škola","Školski pribor","616","Školski kalkulatori","- -> Ured i škola -> Školski pribor -> Školski kalkulatori"
"-","Ured i škola","Školski pribor","613","Bilježnice","- -> Ured i škola -> Školski pribor -> Bilježnice"
"-","Ured i škola","Knjige i literatura","661","Knjige","- -> Ured i škola -> Knjige i literatura -> Knjige"
"-","Računalna oprema","Računala","111","Kompleti","- -> Računalna oprema -> Računala -> Kompleti"
"-","Računalna oprema","Računala","112","Samo računalo","- -> Računalna oprema -> Računala -> Samo računalo"
"-","Računalna oprema","Računala","368","All-in-One PC","- -> Računalna oprema -> Računala -> All-in-One PC"
"-","Računalna oprema","Prijenosna računala","30","Oprema za prijenosnike","- -> Računalna oprema -> Prijenosna računala -> Oprema za prijenosnike"
"-","Računalna oprema","Prijenosna računala","1696","Prijenosnici","- -> Računalna oprema -> Prijenosna računala -> Prijenosnici"
"-","Računalna oprema","Printeri, skeneri","42","Ink-jet printeri","- -> Računalna oprema -> Printeri, skeneri -> Ink-jet printeri"
"-","Računalna oprema","Printeri, skeneri","43","Laserski pisači","- -> Računalna oprema -> Printeri, skeneri -> Laserski pisači"
"-","Računalna oprema","Printeri, skeneri","44","Matrični printeri","- -> Računalna oprema -> Printeri, skeneri -> Matrični printeri"
"-","Računalna oprema","Printeri, skeneri","45","Multifunkcijski","- -> Računalna oprema -> Printeri, skeneri -> Multifunkcijski"
"-","Računalna oprema","Printeri, skeneri","46","Foto printeri","- -> Računalna oprema -> Printeri, skeneri -> Foto printeri"
"-","Računalna oprema","Printeri, skeneri","47","Skeneri","- -> Računalna oprema -> Printeri, skeneri -> Skeneri"
"-","Računalna oprema","Printeri, skeneri","49","Dodaci","- -> Računalna oprema -> Printeri, skeneri -> Dodaci"
"-","Računalna oprema","Printeri, skeneri","3041","3D printeri","- -> Računalna oprema -> Printeri, skeneri -> 3D printeri"
"-","Računalna oprema","PC komponente","16","Procesori","- -> Računalna oprema -> PC komponente -> Procesori"
"-","Računalna oprema","PC komponente","17","Memorije (RAM)","- -> Računalna oprema -> PC komponente -> Memorije (RAM)"
"-","Računalna oprema","PC komponente","19","Grafičke kartice","- -> Računalna oprema -> PC komponente -> Grafičke kartice"
"-","Računalna oprema","PC komponente","20","Optički uređaji (snimači)","- -> Računalna oprema -> PC komponente -> Optički uređaji (snimači)"
"-","Računalna oprema","PC komponente","22","TV / DV kartice","- -> Računalna oprema -> PC komponente -> TV / DV kartice"
"-","Računalna oprema","PC komponente","23","Ostale komponente","- -> Računalna oprema -> PC komponente -> Ostale komponente"
"-","Računalna oprema","PC komponente","58","Tvrdi diskovi","- -> Računalna oprema -> PC komponente -> Tvrdi diskovi"
"-","Računalna oprema","PC komponente","115","Kućišta","- -> Računalna oprema -> PC komponente -> Kućišta"
"-","Računalna oprema","PC komponente","116","Matične ploče","- -> Računalna oprema -> PC komponente -> Matične ploče"
"-","Računalna oprema","PC komponente","121","Zvučne kartice","- -> Računalna oprema -> PC komponente -> Zvučne kartice"
"-","Računalna oprema","PC komponente","609","SSD diskovi","- -> Računalna oprema -> PC komponente -> SSD diskovi"
"-","Računalna oprema","PC komponente","2952","Napajanja","- -> Računalna oprema -> PC komponente -> Napajanja"
"-","Računalna oprema","PC periferija","18","USB memorija","- -> Računalna oprema -> PC periferija -> USB memorija"
"-","Računalna oprema","PC periferija","24","Igre","- -> Računalna oprema -> PC periferija -> Igre"
"-","Računalna oprema","PC periferija","25","Igraće palice i volani","- -> Računalna oprema -> PC periferija -> Igraće palice i volani"
"-","Računalna oprema","PC periferija","26","Mediji za pohranu (CD, DVD)","- -> Računalna oprema -> PC periferija -> Mediji za pohranu (CD, DVD)"
"-","Računalna oprema","PC periferija","27","Softver","- -> Računalna oprema -> PC periferija -> Softver"
"-","Računalna oprema","PC periferija","28","Igraće konzole","- -> Računalna oprema -> PC periferija -> Igraće konzole"
"-","Računalna oprema","PC periferija","29","Serveri","- -> Računalna oprema -> PC periferija -> Serveri"
"-","Računalna oprema","PC periferija","98","Oprema za igraće konzole","- -> Računalna oprema -> PC periferija -> Oprema za igraće konzole"
"-","Računalna oprema","PC periferija","114","Miševi","- -> Računalna oprema -> PC periferija -> Miševi"
"-","Računalna oprema","PC periferija","119","Tipkovnice","- -> Računalna oprema -> PC periferija -> Tipkovnice"
"-","Računalna oprema","PC periferija","120","Tipkovnice + miševi","- -> Računalna oprema -> PC periferija -> Tipkovnice + miševi"
"-","Računalna oprema","PC periferija","318","UPS - neprekidni izvor napajanja","- -> Računalna oprema -> PC periferija -> UPS - neprekidni izvor napajanja"
"-","Računalna oprema","PC periferija","610","Vanjski tvrdi diskovi","- -> Računalna oprema -> PC periferija -> Vanjski tvrdi diskovi"
"-","Računalna oprema","PC periferija","581","CDkey-evi za igre","- -> Računalna oprema -> PC periferija -> CDkey-evi za igre"
"-","Računalna oprema","PC periferija","665","NAS uređaji","- -> Računalna oprema -> PC periferija -> NAS uređaji"
"-","Računalna oprema","PC periferija","2631","VR naočale","- -> Računalna oprema -> PC periferija -> VR naočale"
"-","Računalna oprema","Mrežna oprema","101","Bežični routeri","- -> Računalna oprema -> Mrežna oprema -> Bežični routeri"
"-","Računalna oprema","Mrežna oprema","102","Bežične mrežne kartice","- -> Računalna oprema -> Mrežna oprema -> Bežične mrežne kartice"
"-","Računalna oprema","Mrežna oprema","103","Bežični switchevi","- -> Računalna oprema -> Mrežna oprema -> Bežični switchevi"
"-","Računalna oprema","Mrežna oprema","104","Mrežne kartice","- -> Računalna oprema -> Mrežna oprema -> Mrežne kartice"
"-","Računalna oprema","Mrežna oprema","105","Switchevi","- -> Računalna oprema -> Mrežna oprema -> Switchevi"
"-","Računalna oprema","Mrežna oprema","106","Kablovi, konektori ...","- -> Računalna oprema -> Mrežna oprema -> Kablovi, konektori ..."
"-","Računalna oprema","Mrežna oprema","107","Ostala mrežna oprema","- -> Računalna oprema -> Mrežna oprema -> Ostala mrežna oprema"
"-","Računalna oprema","Mrežna oprema","108","Routeri","- -> Računalna oprema -> Mrežna oprema -> Routeri"
"-","Računalna oprema","Slika i zvuk","21","Zvučnici","- -> Računalna oprema -> Slika i zvuk -> Zvučnici"
"-","Računalna oprema","Slika i zvuk","118","Slušalice i mikrofoni","- -> Računalna oprema -> Slika i zvuk -> Slušalice i mikrofoni"
"-","Računalna oprema","Slika i zvuk","144","Web kamere","- -> Računalna oprema -> Slika i zvuk -> Web kamere"
"-","Računalna oprema","Slika i zvuk","1690","Monitori","- -> Računalna oprema -> Slika i zvuk -> Monitori"
"-","Računalna oprema","Tablet računala","113","Tablet računala","- -> Računalna oprema -> Tablet računala -> Tablet računala"
"-","Računalna oprema","Tablet računala","1694","Dodaci za tablet računala","- -> Računalna oprema -> Tablet računala -> Dodaci za tablet računala"
"-","Računalna oprema","Tablet računala","1695","Čitači (e-book)","- -> Računalna oprema -> Tablet računala -> Čitači (e-book)"
"-","Računalna oprema","Tinte i toneri","48","Tinte","- -> Računalna oprema -> Tinte i toneri -> Tinte"
"-","Računalna oprema","Tinte i toneri","138","Toneri","- -> Računalna oprema -> Tinte i toneri -> Toneri"
"-","Računalna oprema","Tinte i toneri","1697","Bubnjevi","- -> Računalna oprema -> Tinte i toneri -> Bubnjevi"
"-","Računalna oprema","Tinte i toneri","1698","Trake","- -> Računalna oprema -> Tinte i toneri -> Trake"
"-","Telefoni","Mobiteli i oprema","146","Mobiteli i pametni telefoni","- -> Telefoni -> Mobiteli i oprema -> Mobiteli i pametni telefoni"
"-","Telefoni","Mobiteli i oprema","149","Slušalice","- -> Telefoni -> Mobiteli i oprema -> Slušalice"
"-","Telefoni","Mobiteli i oprema","150","Dodaci","- -> Telefoni -> Mobiteli i oprema -> Dodaci"
"-","Telefoni","Mobiteli i oprema","1691","Navlake, etui i torbice","- -> Telefoni -> Mobiteli i oprema -> Navlake, etui i torbice"
"-","Telefoni","Mobiteli i oprema","1692","Zaštitne folije","- -> Telefoni -> Mobiteli i oprema -> Zaštitne folije"
"-","Telefoni","Mobiteli i oprema","1693","Baterije i (auto) punjači","- -> Telefoni -> Mobiteli i oprema -> Baterije i (auto) punjači"
"-","Telefoni","Mobiteli i oprema","2060","Prijenosni bluetooth zvučnici","- -> Telefoni -> Mobiteli i oprema -> Prijenosni bluetooth zvučnici"
"-","Telefoni","Stacionarna telefonija","151","Telefoni na žici","- -> Telefoni -> Stacionarna telefonija -> Telefoni na žici"
"-","Telefoni","Stacionarna telefonija","152","Bežični telefoni","- -> Telefoni -> Stacionarna telefonija -> Bežični telefoni"
"-","Telefoni","Stacionarna telefonija","153","Faks uređaji","- -> Telefoni -> Stacionarna telefonija -> Faks uređaji"
"-","Telefoni","Stacionarna telefonija","154","Ostalo","- -> Telefoni -> Stacionarna telefonija -> Ostalo"
"-","Telefoni","VoIP telefonija","155","Telefoni na žici","- -> Telefoni -> VoIP telefonija -> Telefoni na žici"
"-","Telefoni","VoIP telefonija","156","Bežični telefoni","- -> Telefoni -> VoIP telefonija -> Bežični telefoni"
"-","Telefoni","VoIP telefonija","157","Adapteri","- -> Telefoni -> VoIP telefonija -> Adapteri"
"-","Telefoni","VoIP telefonija","158","Ostalo","- -> Telefoni -> VoIP telefonija -> Ostalo"
"-","Telefoni","Tarife i opcije","147","Klasični paketi","- -> Telefoni -> Tarife i opcije -> Klasični paketi"
"-","Telefoni","Tarife i opcije","148","Pretplatni paketi","- -> Telefoni -> Tarife i opcije -> Pretplatni paketi"
"-","Supermarket","Voće i povrće","2961","Svježe voće","- -> Supermarket -> Voće i povrće -> Svježe voće"
"-","Supermarket","Voće i povrće","2962","Svježe povrće","- -> Supermarket -> Voće i povrće -> Svježe povrće"
"-","Supermarket","Voće i povrće","2963","Suho voće","- -> Supermarket -> Voće i povrće -> Suho voće"
"-","Supermarket","Voće i povrće","2964","Orašasti plodovi","- -> Supermarket -> Voće i povrće -> Orašasti plodovi"
"-","Supermarket","Voće i povrće","2965","Mahunarke i sjemenke","- -> Supermarket -> Voće i povrće -> Mahunarke i sjemenke"
"-","Supermarket","Zamrznuta i ohlađena hrana","2966","Meso","- -> Supermarket -> Zamrznuta i ohlađena hrana -> Meso"
"-","Supermarket","Zamrznuta i ohlađena hrana","2967","Morska hrana","- -> Supermarket -> Zamrznuta i ohlađena hrana -> Morska hrana"
"-","Supermarket","Zamrznuta i ohlađena hrana","2968","Pekarski proizvodi","- -> Supermarket -> Zamrznuta i ohlađena hrana -> Pekarski proizvodi"
"-","Supermarket","Zamrznuta i ohlađena hrana","2969","Voće i povrće","- -> Supermarket -> Zamrznuta i ohlađena hrana -> Voće i povrće"
"-","Supermarket","Zamrznuta i ohlađena hrana","2970","Sladoled","- -> Supermarket -> Zamrznuta i ohlađena hrana -> Sladoled"
"-","Supermarket","Zamrznuta i ohlađena hrana","2971","Tijesto i pripravci od tijesta","- -> Supermarket -> Zamrznuta i ohlađena hrana -> Tijesto i pripravci od tijesta"
"-","Supermarket","Zamrznuta i ohlađena hrana","2973","Gotova jela","- -> Supermarket -> Zamrznuta i ohlađena hrana -> Gotova jela"
"-","Supermarket","Meso i riba","2972","Svježe meso","- -> Supermarket -> Meso i riba -> Svježe meso"
"-","Supermarket","Meso i riba","2979","Kobasice, salame i suhomesnati proizvodi","- -> Supermarket -> Meso i riba -> Kobasice, salame i suhomesnati proizvodi"
"-","Supermarket","Meso i riba","2983","Riba","- -> Supermarket -> Meso i riba -> Riba"
"-","Supermarket","Meso i riba","2984","Riblji namazi","- -> Supermarket -> Meso i riba -> Riblji namazi"
"-","Supermarket","Meso i riba","2985","Plodovi mora","- -> Supermarket -> Meso i riba -> Plodovi mora"
"-","Supermarket","Slani zalogaji","2981","Čips i flips","- -> Supermarket -> Slani zalogaji -> Čips i flips"
"-","Supermarket","Slani zalogaji","2982","Štapići, pereci, krekeri","- -> Supermarket -> Slani zalogaji -> Štapići, pereci, krekeri"
"-","Supermarket","Slani zalogaji","2987","Kikiriki i orasi","- -> Supermarket -> Slani zalogaji -> Kikiriki i orasi"
"-","Supermarket","Slani zalogaji","2989","Slana peciva","- -> Supermarket -> Slani zalogaji -> Slana peciva"
"-","Supermarket","Osnovne namirnice","2992","Brašno","- -> Supermarket -> Osnovne namirnice -> Brašno"
"-","Supermarket","Osnovne namirnice","2993","Kaše, krupice i žitarice","- -> Supermarket -> Osnovne namirnice -> Kaše, krupice i žitarice"
"-","Supermarket","Osnovne namirnice","2994","Šećer","- -> Supermarket -> Osnovne namirnice -> Šećer"
"-","Supermarket","Osnovne namirnice","2995","Ulje","- -> Supermarket -> Osnovne namirnice -> Ulje"
"-","Supermarket","Osnovne namirnice","2997","Ocat","- -> Supermarket -> Osnovne namirnice -> Ocat"
"-","Supermarket","Konzervirana hrana","2974","Umaci","- -> Supermarket -> Konzervirana hrana -> Umaci"
"-","Supermarket","Konzervirana hrana","2975","Paštete","- -> Supermarket -> Konzervirana hrana -> Paštete"
"-","Supermarket","Konzervirana hrana","2976","Konzervirana riba","- -> Supermarket -> Konzervirana hrana -> Konzervirana riba"
"-","Supermarket","Konzervirana hrana","2977","Kompoti","- -> Supermarket -> Konzervirana hrana -> Kompoti"
"-","Supermarket","Konzervirana hrana","2978","Povrće","- -> Supermarket -> Konzervirana hrana -> Povrće"
"-","Supermarket","Konzervirana hrana","2980","Gotova jela","- -> Supermarket -> Konzervirana hrana -> Gotova jela"
"-","Supermarket","Sve za doručak i užinu","3003","Začini, mješavine i sol","- -> Supermarket -> Sve za doručak i užinu -> Začini, mješavine i sol"
"-","Supermarket","Sve za doručak i užinu","3004","Muesli i pahuljice","- -> Supermarket -> Sve za doručak i užinu -> Muesli i pahuljice"
"-","Supermarket","Sve za doručak i užinu","3005","Čajevi","- -> Supermarket -> Sve za doručak i užinu -> Čajevi"
"-","Supermarket","Sve za doručak i užinu","3006","Marmelade, pekmezi i džemovi","- -> Supermarket -> Sve za doručak i užinu -> Marmelade, pekmezi i džemovi"
"-","Supermarket","Sve za doručak i užinu","3007","Čokoladni i krem namazi","- -> Supermarket -> Sve za doručak i užinu -> Čokoladni i krem namazi"
"-","Supermarket","Sve za doručak i užinu","3008","Med","- -> Supermarket -> Sve za doručak i užinu -> Med"
"-","Supermarket","Sve za doručak i užinu","3009","Kava","- -> Supermarket -> Sve za doručak i užinu -> Kava"
"-","Supermarket","Sve za doručak i užinu","3010","Kakao i ostali napitci","- -> Supermarket -> Sve za doručak i užinu -> Kakao i ostali napitci"
"-","Supermarket","Mlijeko, mliječni proizvodi i jaja","2986","Mlijeko","- -> Supermarket -> Mlijeko, mliječni proizvodi i jaja -> Mlijeko"
"-","Supermarket","Mlijeko, mliječni proizvodi i jaja","2988","Namazi","- -> Supermarket -> Mlijeko, mliječni proizvodi i jaja -> Namazi"
"-","Supermarket","Mlijeko, mliječni proizvodi i jaja","2990","Sirevi","- -> Supermarket -> Mlijeko, mliječni proizvodi i jaja -> Sirevi"
"-","Supermarket","Mlijeko, mliječni proizvodi i jaja","2991","Maslac i margarin","- -> Supermarket -> Mlijeko, mliječni proizvodi i jaja -> Maslac i margarin"
"-","Supermarket","Mlijeko, mliječni proizvodi i jaja","2996","Jogurti, pudinzi, deserti","- -> Supermarket -> Mlijeko, mliječni proizvodi i jaja -> Jogurti, pudinzi, deserti"
"-","Supermarket","Mlijeko, mliječni proizvodi i jaja","2998","Vrhnja","- -> Supermarket -> Mlijeko, mliječni proizvodi i jaja -> Vrhnja"
"-","Supermarket","Mlijeko, mliječni proizvodi i jaja","2999","Jaja","- -> Supermarket -> Mlijeko, mliječni proizvodi i jaja -> Jaja"
"-","Supermarket","Tjestenina, riža i juhe","3000","Tjestenine","- -> Supermarket -> Tjestenina, riža i juhe -> Tjestenine"
"-","Supermarket","Tjestenina, riža i juhe","3001","Riža","- -> Supermarket -> Tjestenina, riža i juhe -> Riža"
"-","Supermarket","Tjestenina, riža i juhe","3002","Juhe","- -> Supermarket -> Tjestenina, riža i juhe -> Juhe"
"-","Supermarket","Tjestenina, riža i juhe","3040","Jušni temeljci","- -> Supermarket -> Tjestenina, riža i juhe -> Jušni temeljci"
"-","Supermarket","Kruh i pekarski proizvodi","3011","Kruh i peciva","- -> Supermarket -> Kruh i pekarski proizvodi -> Kruh i peciva"
"-","Supermarket","Kruh i pekarski proizvodi","3012","Dvopek i hrskavi kruh","- -> Supermarket -> Kruh i pekarski proizvodi -> Dvopek i hrskavi kruh"
"-","Supermarket","Kruh i pekarski proizvodi","3013","Tost i trajni kruh","- -> Supermarket -> Kruh i pekarski proizvodi -> Tost i trajni kruh"
"-","Supermarket","Kruh i pekarski proizvodi","3014","Torte, peciva, slastice","- -> Supermarket -> Kruh i pekarski proizvodi -> Torte, peciva, slastice"
"-","Supermarket","Slatki zalogaji","3015","Pločice s voćem i žitaricama","- -> Supermarket -> Slatki zalogaji -> Pločice s voćem i žitaricama"
"-","Supermarket","Slatki zalogaji","3016","Keksi i napolitanke","- -> Supermarket -> Slatki zalogaji -> Keksi i napolitanke"
"-","Supermarket","Slatki zalogaji","3018","Bomboni","- -> Supermarket -> Slatki zalogaji -> Bomboni"
"-","Supermarket","Slatki zalogaji","3019","Bombonijere","- -> Supermarket -> Slatki zalogaji -> Bombonijere"
"-","Supermarket","Slatki zalogaji","3020","Čokolade i čokoladni proizvodi","- -> Supermarket -> Slatki zalogaji -> Čokolade i čokoladni proizvodi"
"-","Supermarket","Slatki zalogaji","3021","Peciva, rolade i biskviti","- -> Supermarket -> Slatki zalogaji -> Peciva, rolade i biskviti"
"-","Supermarket","Slatki zalogaji","3022","Žvakaće gume","- -> Supermarket -> Slatki zalogaji -> Žvakaće gume"
"-","Supermarket","Slatki zalogaji","3025","Sitni slatki proizvodi","- -> Supermarket -> Slatki zalogaji -> Sitni slatki proizvodi"
"-","Supermarket","Alkoholna pića","648","Piva","- -> Supermarket -> Alkoholna pića -> Piva"
"-","Supermarket","Alkoholna pića","599","Vina","- -> Supermarket -> Alkoholna pića -> Vina"
"-","Supermarket","Alkoholna pića","3017","Kokteli","- -> Supermarket -> Alkoholna pića -> Kokteli"
"-","Supermarket","Alkoholna pića","3038","Žestoka i druga alkoholna pića","- -> Supermarket -> Alkoholna pića -> Žestoka i druga alkoholna pića"
"-","Supermarket","Bezalkoholna pića","3023","Gazirana pića","- -> Supermarket -> Bezalkoholna pića -> Gazirana pića"
"-","Supermarket","Bezalkoholna pića","3024","Voda","- -> Supermarket -> Bezalkoholna pića -> Voda"
"-","Supermarket","Bezalkoholna pića","3026","Sirupi i instant napitci","- -> Supermarket -> Bezalkoholna pića -> Sirupi i instant napitci"
"-","Supermarket","Bezalkoholna pića","3027","Energetska i izotonična pića","- -> Supermarket -> Bezalkoholna pića -> Energetska i izotonična pića"
"-","Supermarket","Bezalkoholna pića","3028","Ledeni čajevi","- -> Supermarket -> Bezalkoholna pića -> Ledeni čajevi"
"-","Supermarket","Bezalkoholna pića","3029","Povrtni sokovi","- -> Supermarket -> Bezalkoholna pića -> Povrtni sokovi"
"-","Supermarket","Bezalkoholna pića","3039","Voćni sokovi i pića","- -> Supermarket -> Bezalkoholna pića -> Voćni sokovi i pića"
"-","Supermarket","Sve za kolače","3030","Kvasac","- -> Supermarket -> Sve za kolače -> Kvasac"
"-","Supermarket","Sve za kolače","3031","Čokolade i kakao","- -> Supermarket -> Sve za kolače -> Čokolade i kakao"
"-","Supermarket","Sve za kolače","3032","Orašasti plodovi, voće, mak","- -> Supermarket -> Sve za kolače -> Orašasti plodovi, voće, mak"
"-","Supermarket","Sve za kolače","3033","Dodaci i ukrasi za kolače","- -> Supermarket -> Sve za kolače -> Dodaci i ukrasi za kolače"
"-","Supermarket","Sve za kolače","3034","Slatki preljevi i sirupi","- -> Supermarket -> Sve za kolače -> Slatki preljevi i sirupi"
"-","Supermarket","Sve za kolače","3035","Vanili šećer, prašak za pecivo","- -> Supermarket -> Sve za kolače -> Vanili šećer, prašak za pecivo"
"-","Supermarket","Sve za kolače","3036","Pudinzi i kreme","- -> Supermarket -> Sve za kolače -> Pudinzi i kreme"
"-","Supermarket","Sve za kolače","3037","Oblatne, vafli, korneti","- -> Supermarket -> Sve za kolače -> Oblatne, vafli, korneti"
"Odjeća i obuća","Ženska odjeća","Ženska odjeća za slobodno vrijeme","1817","Ženske hlače i traperice","Odjeća i obuća -> Ženska odjeća -> Ženska odjeća za slobodno vrijeme -> Ženske hlače i traperice"
"Odjeća i obuća","Ženska odjeća","Ženska odjeća za slobodno vrijeme","1818","Ženski jednodijelni kombinezoni / kompleti","Odjeća i obuća -> Ženska odjeća -> Ženska odjeća za slobodno vrijeme -> Ženski jednodijelni kombinezoni / kompleti"
"Odjeća i obuća","Ženska odjeća","Ženska odjeća za slobodno vrijeme","1819","Ženske jakne i kaputi","Odjeća i obuća -> Ženska odjeća -> Ženska odjeća za slobodno vrijeme -> Ženske jakne i kaputi"
"Odjeća i obuća","Ženska odjeća","Ženska odjeća za slobodno vrijeme","1820","Ženski kupaći kostimi","Odjeća i obuća -> Ženska odjeća -> Ženska odjeća za slobodno vrijeme -> Ženski kupaći kostimi"
"Odjeća i obuća","Ženska odjeća","Ženska odjeća za slobodno vrijeme","1821","Ženske suknje","Odjeća i obuća -> Ženska odjeća -> Ženska odjeća za slobodno vrijeme -> Ženske suknje"
"Odjeća i obuća","Ženska odjeća","Ženska odjeća za slobodno vrijeme","1822","Ženske majice i tunike","Odjeća i obuća -> Ženska odjeća -> Ženska odjeća za slobodno vrijeme -> Ženske majice i tunike"
"Odjeća i obuća","Ženska odjeća","Ženska odjeća za slobodno vrijeme","1823","Odjeća za trudnice","Odjeća i obuća -> Ženska odjeća -> Ženska odjeća za slobodno vrijeme -> Odjeća za trudnice"
"Odjeća i obuća","Ženska odjeća","Ženska odjeća za slobodno vrijeme","1824","Ženske haljine","Odjeća i obuća -> Ženska odjeća -> Ženska odjeća za slobodno vrijeme -> Ženske haljine"
"Odjeća i obuća","Ženska odjeća","Ženska odjeća za slobodno vrijeme","1825","Ženski puloveri i veste","Odjeća i obuća -> Ženska odjeća -> Ženska odjeća za slobodno vrijeme -> Ženski puloveri i veste"
"Odjeća i obuća","Ženska odjeća","Ženska odjeća za slobodno vrijeme","1826","Ženske košulje i bluze","Odjeća i obuća -> Ženska odjeća -> Ženska odjeća za slobodno vrijeme -> Ženske košulje i bluze"
"Odjeća i obuća","Ženska odjeća","Žensko donje rublje i pidžame","1904","Ženski ogrtači","Odjeća i obuća -> Ženska odjeća -> Žensko donje rublje i pidžame -> Ženski ogrtači"
"Odjeća i obuća","Ženska odjeća","Žensko donje rublje i pidžame","1828","Ženske čarape","Odjeća i obuća -> Ženska odjeća -> Žensko donje rublje i pidžame -> Ženske čarape"
"Odjeća i obuća","Ženska odjeća","Žensko donje rublje i pidžame","1829","Ženske pidžame","Odjeća i obuća -> Ženska odjeća -> Žensko donje rublje i pidžame -> Ženske pidžame"
"Odjeća i obuća","Ženska odjeća","Žensko donje rublje i pidžame","1830","Ženske donje gaće","Odjeća i obuća -> Ženska odjeća -> Žensko donje rublje i pidžame -> Ženske donje gaće"
"Odjeća i obuća","Ženska odjeća","Žensko donje rublje i pidžame","1831","Ženske potkošulje","Odjeća i obuća -> Ženska odjeća -> Žensko donje rublje i pidžame -> Ženske potkošulje"
"Odjeća i obuća","Ženska odjeća","Žensko donje rublje i pidžame","1827","Grudnjaci / topovi","Odjeća i obuća -> Ženska odjeća -> Žensko donje rublje i pidžame -> Grudnjaci / topovi"
"Odjeća i obuća","Ženska odjeća","Ženska sportska odjeća","1832","Ženski dresovi","Odjeća i obuća -> Ženska odjeća -> Ženska sportska odjeća -> Ženski dresovi"
"Odjeća i obuća","Ženska odjeća","Ženska sportska odjeća","1833","Ženske sportske hlače","Odjeća i obuća -> Ženska odjeća -> Ženska sportska odjeća -> Ženske sportske hlače"
"Odjeća i obuća","Ženska odjeća","Ženska sportska odjeća","1834","Ženske sportske jakne","Odjeća i obuća -> Ženska odjeća -> Ženska sportska odjeća -> Ženske sportske jakne"
"Odjeća i obuća","Ženska odjeća","Ženska sportska odjeća","1835","Ženske sportske majice","Odjeća i obuća -> Ženska odjeća -> Ženska sportska odjeća -> Ženske sportske majice"
"Odjeća i obuća","Ženska odjeća","Ženska sportska odjeća","1836","Ženski sportski puloveri i veste","Odjeća i obuća -> Ženska odjeća -> Ženska sportska odjeća -> Ženski sportski puloveri i veste"
"Odjeća i obuća","Ženska odjeća","Ženska sportska odjeća","1837","Žensko sportsko donje rublje","Odjeća i obuća -> Ženska odjeća -> Ženska sportska odjeća -> Žensko sportsko donje rublje"
"Odjeća i obuća","Ženska odjeća","Ženska sportska odjeća","1838","Ženske trenirke","Odjeća i obuća -> Ženska odjeća -> Ženska sportska odjeća -> Ženske trenirke"
"Odjeća i obuća","Ženska obuća","Ženska obuća za slobodno vrijeme","1839","Ženske balerinke","Odjeća i obuća -> Ženska obuća -> Ženska obuća za slobodno vrijeme -> Ženske balerinke"
"Odjeća i obuća","Ženska obuća","Ženska obuća za slobodno vrijeme","1840","Ženske papuče","Odjeća i obuća -> Ženska obuća -> Ženska obuća za slobodno vrijeme -> Ženske papuče"
"Odjeća i obuća","Ženska obuća","Ženska obuća za slobodno vrijeme","1841","Ženske cipele","Odjeća i obuća -> Ženska obuća -> Ženska obuća za slobodno vrijeme -> Ženske cipele"
"Odjeća i obuća","Ženska obuća","Ženska obuća za slobodno vrijeme","1842","Ženske gležnjače","Odjeća i obuća -> Ženska obuća -> Ženska obuća za slobodno vrijeme -> Ženske gležnjače"
"Odjeća i obuća","Ženska obuća","Ženska obuća za slobodno vrijeme","1843","Ženske natikače i japanke","Odjeća i obuća -> Ženska obuća -> Ženska obuća za slobodno vrijeme -> Ženske natikače i japanke"
"Odjeća i obuća","Ženska obuća","Ženska obuća za slobodno vrijeme","1844","Ženske salonke i sandale","Odjeća i obuća -> Ženska obuća -> Ženska obuća za slobodno vrijeme -> Ženske salonke i sandale"
"Odjeća i obuća","Ženska obuća","Ženska obuća za slobodno vrijeme","1845","Ženske tenisice","Odjeća i obuća -> Ženska obuća -> Ženska obuća za slobodno vrijeme -> Ženske tenisice"
"Odjeća i obuća","Ženska obuća","Ženska obuća za slobodno vrijeme","1846","Ženske čizme","Odjeća i obuća -> Ženska obuća -> Ženska obuća za slobodno vrijeme -> Ženske čizme"
"Odjeća i obuća","Ženska obuća","Ženska sportska obuća","1847","Ženske dvoranske tenisice","Odjeća i obuća -> Ženska obuća -> Ženska sportska obuća -> Ženske dvoranske tenisice"
"Odjeća i obuća","Ženska obuća","Ženska sportska obuća","1848","Ženske biciklističke tenisice","Odjeća i obuća -> Ženska obuća -> Ženska sportska obuća -> Ženske biciklističke tenisice"
"Odjeća i obuća","Ženska obuća","Ženska sportska obuća","1849","Ženske košarkarške tenisice","Odjeća i obuća -> Ženska obuća -> Ženska sportska obuća -> Ženske košarkarške tenisice"
"Odjeća i obuća","Ženska obuća","Ženska sportska obuća","1850","Ženske tenisice za nogomet / kopačke","Odjeća i obuća -> Ženska obuća -> Ženska sportska obuća -> Ženske tenisice za nogomet / kopačke"
"Odjeća i obuća","Ženska obuća","Ženska sportska obuća","1851","Ostala ženska sportska obuća","Odjeća i obuća -> Ženska obuća -> Ženska sportska obuća -> Ostala ženska sportska obuća"
"Odjeća i obuća","Ženska obuća","Ženska sportska obuća","1852","Ženska obuća za planinarenje","Odjeća i obuća -> Ženska obuća -> Ženska sportska obuća -> Ženska obuća za planinarenje"
"Odjeća i obuća","Ženska obuća","Ženska sportska obuća","1853","Ženske tenisice za trčanje","Odjeća i obuća -> Ženska obuća -> Ženska sportska obuća -> Ženske tenisice za trčanje"
"Odjeća i obuća","Muška odjeća","Muška odjeća za slobodno vrijeme","1789","Muške hlače i traperice","Odjeća i obuća -> Muška odjeća -> Muška odjeća za slobodno vrijeme -> Muške hlače i traperice"
"Odjeća i obuća","Muška odjeća","Muška odjeća za slobodno vrijeme","1790","Muške jakne i kaputi","Odjeća i obuća -> Muška odjeća -> Muška odjeća za slobodno vrijeme -> Muške jakne i kaputi"
"Odjeća i obuća","Muška odjeća","Muška odjeća za slobodno vrijeme","1791","Muške kupaće gaće","Odjeća i obuća -> Muška odjeća -> Muška odjeća za slobodno vrijeme -> Muške kupaće gaće"
"Odjeća i obuća","Muška odjeća","Muška odjeća za slobodno vrijeme","1792","Muške majice","Odjeća i obuća -> Muška odjeća -> Muška odjeća za slobodno vrijeme -> Muške majice"
"Odjeća i obuća","Muška odjeća","Muška odjeća za slobodno vrijeme","1793","Muška odijela i sakoi","Odjeća i obuća -> Muška odjeća -> Muška odjeća za slobodno vrijeme -> Muška odijela i sakoi"
"Odjeća i obuća","Muška odjeća","Muška odjeća za slobodno vrijeme","1901","Muški puloveri i veste","Odjeća i obuća -> Muška odjeća -> Muška odjeća za slobodno vrijeme -> Muški puloveri i veste"
"Odjeća i obuća","Muška odjeća","Muška odjeća za slobodno vrijeme","1902","Muške košulje","Odjeća i obuća -> Muška odjeća -> Muška odjeća za slobodno vrijeme -> Muške košulje"
"Odjeća i obuća","Muška odjeća","Muško donje rublje i pidžame","1794","Muški ogrtači","Odjeća i obuća -> Muška odjeća -> Muško donje rublje i pidžame -> Muški ogrtači"
"Odjeća i obuća","Muška odjeća","Muško donje rublje i pidžame","1795","Muške čarape","Odjeća i obuća -> Muška odjeća -> Muško donje rublje i pidžame -> Muške čarape"
"Odjeća i obuća","Muška odjeća","Muško donje rublje i pidžame","1903","Muške pidžame","Odjeća i obuća -> Muška odjeća -> Muško donje rublje i pidžame -> Muške pidžame"
"Odjeća i obuća","Muška odjeća","Muško donje rublje i pidžame","1796","Muške donje gaće","Odjeća i obuća -> Muška odjeća -> Muško donje rublje i pidžame -> Muške donje gaće"
"Odjeća i obuća","Muška odjeća","Muško donje rublje i pidžame","1797","Muške potkošulje","Odjeća i obuća -> Muška odjeća -> Muško donje rublje i pidžame -> Muške potkošulje"
"Odjeća i obuća","Muška odjeća","Muška sportska odjeća","1798","Muški dresovi","Odjeća i obuća -> Muška odjeća -> Muška sportska odjeća -> Muški dresovi"
"Odjeća i obuća","Muška odjeća","Muška sportska odjeća","1799","Muške sportske hlače","Odjeća i obuća -> Muška odjeća -> Muška sportska odjeća -> Muške sportske hlače"
"Odjeća i obuća","Muška odjeća","Muška sportska odjeća","1800","Muške sportske jakne","Odjeća i obuća -> Muška odjeća -> Muška sportska odjeća -> Muške sportske jakne"
"Odjeća i obuća","Muška odjeća","Muška sportska odjeća","1801","Muške sportske majice","Odjeća i obuća -> Muška odjeća -> Muška sportska odjeća -> Muške sportske majice"
"Odjeća i obuća","Muška odjeća","Muška sportska odjeća","1802","Muški sportski puloveri i veste","Odjeća i obuća -> Muška odjeća -> Muška sportska odjeća -> Muški sportski puloveri i veste"
"Odjeća i obuća","Muška odjeća","Muška sportska odjeća","1803","Muško sportsko donje rublje","Odjeća i obuća -> Muška odjeća -> Muška sportska odjeća -> Muško sportsko donje rublje"
"Odjeća i obuća","Muška odjeća","Muška sportska odjeća","1804","Muške trenirke","Odjeća i obuća -> Muška odjeća -> Muška sportska odjeća -> Muške trenirke"
"Odjeća i obuća","Muška obuća","Muška obuća za slobodno vrijeme","1805","Muške papuče","Odjeća i obuća -> Muška obuća -> Muška obuća za slobodno vrijeme -> Muške papuče"
"Odjeća i obuća","Muška obuća","Muška obuća za slobodno vrijeme","1806","Muške cipele","Odjeća i obuća -> Muška obuća -> Muška obuća za slobodno vrijeme -> Muške cipele"
"Odjeća i obuća","Muška obuća","Muška obuća za slobodno vrijeme","1807","Muške gležnjače i čizme","Odjeća i obuća -> Muška obuća -> Muška obuća za slobodno vrijeme -> Muške gležnjače i čizme"
"Odjeća i obuća","Muška obuća","Muška obuća za slobodno vrijeme","1808","Muške natikače i sandale","Odjeća i obuća -> Muška obuća -> Muška obuća za slobodno vrijeme -> Muške natikače i sandale"
"Odjeća i obuća","Muška obuća","Muška obuća za slobodno vrijeme","1809","Muške tenisice","Odjeća i obuća -> Muška obuća -> Muška obuća za slobodno vrijeme -> Muške tenisice"
"Odjeća i obuća","Muška obuća","Muška sportska obuća","1810","Muške dvoranske tenisice","Odjeća i obuća -> Muška obuća -> Muška sportska obuća -> Muške dvoranske tenisice"
"Odjeća i obuća","Muška obuća","Muška sportska obuća","1811","Muške biciklističke tenisice","Odjeća i obuća -> Muška obuća -> Muška sportska obuća -> Muške biciklističke tenisice"
"Odjeća i obuća","Muška obuća","Muška sportska obuća","1812","Muške košarkaške tenisice","Odjeća i obuća -> Muška obuća -> Muška sportska obuća -> Muške košarkaške tenisice"
"Odjeća i obuća","Muška obuća","Muška sportska obuća","1813","Muške tenisice za nogomet / kopačke","Odjeća i obuća -> Muška obuća -> Muška sportska obuća -> Muške tenisice za nogomet / kopačke"
"Odjeća i obuća","Muška obuća","Muška sportska obuća","1814","Ostala muška sportska obuća","Odjeća i obuća -> Muška obuća -> Muška sportska obuća -> Ostala muška sportska obuća"
"Odjeća i obuća","Muška obuća","Muška sportska obuća","1815","Muška obuća za planinarenje","Odjeća i obuća -> Muška obuća -> Muška sportska obuća -> Muška obuća za planinarenje"
"Odjeća i obuća","Muška obuća","Muška sportska obuća","1816","Muške tenisice za trčanje","Odjeća i obuća -> Muška obuća -> Muška sportska obuća -> Muške tenisice za trčanje"
"Odjeća i obuća","Dječja odjeća i obuća","Odjeća za djevojčice","1854","Hlače i traperice za djevojčice","Odjeća i obuća -> Dječja odjeća i obuća -> Odjeća za djevojčice -> Hlače i traperice za djevojčice"
"Odjeća i obuća","Dječja odjeća i obuća","Odjeća za djevojčice","1855","Jakne i kaputi za djevojčice","Odjeća i obuća -> Dječja odjeća i obuća -> Odjeća za djevojčice -> Jakne i kaputi za djevojčice"
"Odjeća i obuća","Dječja odjeća i obuća","Odjeća za djevojčice","1856","Kompleti za djevojčice","Odjeća i obuća -> Dječja odjeća i obuća -> Odjeća za djevojčice -> Kompleti za djevojčice"
"Odjeća i obuća","Dječja odjeća i obuća","Odjeća za djevojčice","1857","Kupaći kostimi za djevojčice","Odjeća i obuća -> Dječja odjeća i obuća -> Odjeća za djevojčice -> Kupaći kostimi za djevojčice"
"Odjeća i obuća","Dječja odjeća i obuća","Odjeća za djevojčice","1858","Majice za djevojčice","Odjeća i obuća -> Dječja odjeća i obuća -> Odjeća za djevojčice -> Majice za djevojčice"
"Odjeća i obuća","Dječja odjeća i obuća","Odjeća za djevojčice","1859","Haljine i suknjice za djevojčice","Odjeća i obuća -> Dječja odjeća i obuća -> Odjeća za djevojčice -> Haljine i suknjice za djevojčice"
"Odjeća i obuća","Dječja odjeća i obuća","Odjeća za djevojčice","1860","Pidžame za djevojčice","Odjeća i obuća -> Dječja odjeća i obuća -> Odjeća za djevojčice -> Pidžame za djevojčice"
"Odjeća i obuća","Dječja odjeća i obuća","Odjeća za djevojčice","1861","Puloveri i džemperi za djevojčice","Odjeća i obuća -> Dječja odjeća i obuća -> Odjeća za djevojčice -> Puloveri i džemperi za djevojčice"
"Odjeća i obuća","Dječja odjeća i obuća","Odjeća za djevojčice","1862","Donje rublje za djevojčice","Odjeća i obuća -> Dječja odjeća i obuća -> Odjeća za djevojčice -> Donje rublje za djevojčice"
"Odjeća i obuća","Dječja odjeća i obuća","Odjeća za djevojčice","1863","Trenirke za djevojčice","Odjeća i obuća -> Dječja odjeća i obuća -> Odjeća za djevojčice -> Trenirke za djevojčice"
"Odjeća i obuća","Dječja odjeća i obuća","Odjeća za dječake","1864","Hlače i traperice za dječake","Odjeća i obuća -> Dječja odjeća i obuća -> Odjeća za dječake -> Hlače i traperice za dječake"
"Odjeća i obuća","Dječja odjeća i obuća","Odjeća za dječake","1865","Jakne i kaputi za dječake","Odjeća i obuća -> Dječja odjeća i obuća -> Odjeća za dječake -> Jakne i kaputi za dječake"
"Odjeća i obuća","Dječja odjeća i obuća","Odjeća za dječake","1866","Kompleti za dječake","Odjeća i obuća -> Dječja odjeća i obuća -> Odjeća za dječake -> Kompleti za dječake"
"Odjeća i obuća","Dječja odjeća i obuća","Odjeća za dječake","1867","Kupaće gaće za dječake","Odjeća i obuća -> Dječja odjeća i obuća -> Odjeća za dječake -> Kupaće gaće za dječake"
"Odjeća i obuća","Dječja odjeća i obuća","Odjeća za dječake","1868","Majice za dječake","Odjeća i obuća -> Dječja odjeća i obuća -> Odjeća za dječake -> Majice za dječake"
"Odjeća i obuća","Dječja odjeća i obuća","Odjeća za dječake","1869","Pidžame za dječake","Odjeća i obuća -> Dječja odjeća i obuća -> Odjeća za dječake -> Pidžame za dječake"
"Odjeća i obuća","Dječja odjeća i obuća","Odjeća za dječake","1870","Puloveri i džemperi za dječake","Odjeća i obuća -> Dječja odjeća i obuća -> Odjeća za dječake -> Puloveri i džemperi za dječake"
"Odjeća i obuća","Dječja odjeća i obuća","Odjeća za dječake","1871","Donje rublje za dječake","Odjeća i obuća -> Dječja odjeća i obuća -> Odjeća za dječake -> Donje rublje za dječake"
"Odjeća i obuća","Dječja odjeća i obuća","Odjeća za dječake","1872","Trenirke za dječake","Odjeća i obuća -> Dječja odjeća i obuća -> Odjeća za dječake -> Trenirke za dječake"
"Odjeća i obuća","Dječja odjeća i obuća","Dječja obuća","1873","Dječje papuče","Odjeća i obuća -> Dječja odjeća i obuća -> Dječja obuća -> Dječje papuče"
"Odjeća i obuća","Dječja odjeća i obuća","Dječja obuća","1874","Dječje cipele","Odjeća i obuća -> Dječja odjeća i obuća -> Dječja obuća -> Dječje cipele"
"Odjeća i obuća","Dječja odjeća i obuća","Dječja obuća","1875","Dječje gležnjače i čizme","Odjeća i obuća -> Dječja odjeća i obuća -> Dječja obuća -> Dječje gležnjače i čizme"
"Odjeća i obuća","Dječja odjeća i obuća","Dječja obuća","1876","Dječje natikače i sandale","Odjeća i obuća -> Dječja odjeća i obuća -> Dječja obuća -> Dječje natikače i sandale"
"Odjeća i obuća","Dječja odjeća i obuća","Dječja obuća","1877","Dječje tenisice","Odjeća i obuća -> Dječja odjeća i obuća -> Dječja obuća -> Dječje tenisice"
"Odjeća i obuća","Dječja odjeća i obuća","Dječja obuća","1878","Dječja sportska obuća","Odjeća i obuća -> Dječja odjeća i obuća -> Dječja obuća -> Dječja sportska obuća"
"Odjeća i obuća","Modni dodaci","Nakit","469","Narukvice","Odjeća i obuća -> Modni dodaci -> Nakit -> Narukvice"
"Odjeća i obuća","Modni dodaci","Nakit","470","Prstenje","Odjeća i obuća -> Modni dodaci -> Nakit -> Prstenje"
"Odjeća i obuća","Modni dodaci","Nakit","471","Lanci / ogrlice","Odjeća i obuća -> Modni dodaci -> Nakit -> Lanci / ogrlice"
"Odjeća i obuća","Modni dodaci","Nakit","472","Naušnice","Odjeća i obuća -> Modni dodaci -> Nakit -> Naušnice"
"Odjeća i obuća","Modni dodaci","Nakit","473","Privjesci","Odjeća i obuća -> Modni dodaci -> Nakit -> Privjesci"
"Odjeća i obuća","Modni dodaci","Nakit","474","Kopče, broševi","Odjeća i obuća -> Modni dodaci -> Nakit -> Kopče, broševi"
"Odjeća i obuća","Modni dodaci","Nakit","2623","Pohranjivanje nakita","Odjeća i obuća -> Modni dodaci -> Nakit -> Pohranjivanje nakita"
"Odjeća i obuća","Modni dodaci","Nakit","2624","Kompleti nakita","Odjeća i obuća -> Modni dodaci -> Nakit -> Kompleti nakita"
"Odjeća i obuća","Modni dodaci","Ručni satovi","1670","Analogni ručni satovi","Odjeća i obuća -> Modni dodaci -> Ručni satovi -> Analogni ručni satovi"
"Odjeća i obuća","Modni dodaci","Ručni satovi","1671","Digitalni ručni satovi","Odjeća i obuća -> Modni dodaci -> Ručni satovi -> Digitalni ručni satovi"
"Odjeća i obuća","Modni dodaci","Ručni satovi","2625","Dodaci za ručne satove","Odjeća i obuća -> Modni dodaci -> Ručni satovi -> Dodaci za ručne satove"
"Odjeća i obuća","Modni dodaci","Torbice i torbe","1879","Torbice za rame","Odjeća i obuća -> Modni dodaci -> Torbice i torbe -> Torbice za rame"
"Odjeća i obuća","Modni dodaci","Torbice i torbe","1880","Modne torbice","Odjeća i obuća -> Modni dodaci -> Torbice i torbe -> Modne torbice"
"Odjeća i obuća","Modni dodaci","Torbice i torbe","1881","Dječje torbice","Odjeća i obuća -> Modni dodaci -> Torbice i torbe -> Dječje torbice"
"Odjeća i obuća","Modni dodaci","Torbice i torbe","1882","Pojasne torbice","Odjeća i obuća -> Modni dodaci -> Torbice i torbe -> Pojasne torbice"
"Odjeća i obuća","Modni dodaci","Torbice i torbe","1883","Poslovne torbe","Odjeća i obuća -> Modni dodaci -> Torbice i torbe -> Poslovne torbe"
"Odjeća i obuća","Modni dodaci","Putni program","1884","Putni kovčezi","Odjeća i obuća -> Modni dodaci -> Putni program -> Putni kovčezi"
"Odjeća i obuća","Modni dodaci","Putni program","1885","Kozmetičke i toaletne torbice","Odjeća i obuća -> Modni dodaci -> Putni program -> Kozmetičke i toaletne torbice"
"Odjeća i obuća","Modni dodaci","Putni program","1886","Putne torbe","Odjeća i obuća -> Modni dodaci -> Putni program -> Putne torbe"
"Odjeća i obuća","Modni dodaci","Putni program","1887","Dodaci za putovanja","Odjeća i obuća -> Modni dodaci -> Putni program -> Dodaci za putovanja"
"Odjeća i obuća","Modni dodaci","Ostali modni dodaci","1673","Sunčane naočale","Odjeća i obuća -> Modni dodaci -> Ostali modni dodaci -> Sunčane naočale"
"Odjeća i obuća","Modni dodaci","Ostali modni dodaci","1888","Novčanici","Odjeća i obuća -> Modni dodaci -> Ostali modni dodaci -> Novčanici"
"Odjeća i obuća","Modni dodaci","Ostali modni dodaci","1889","Kišobrani","Odjeća i obuća -> Modni dodaci -> Ostali modni dodaci -> Kišobrani"
"Odjeća i obuća","Modni dodaci","Ostali modni dodaci","1890","Kape i šeširi","Odjeća i obuća -> Modni dodaci -> Ostali modni dodaci -> Kape i šeširi"
"Odjeća i obuća","Modni dodaci","Ostali modni dodaci","1891","Kravate i leptir mašne","Odjeća i obuća -> Modni dodaci -> Ostali modni dodaci -> Kravate i leptir mašne"
"Odjeća i obuća","Modni dodaci","Ostali modni dodaci","1892","Remeni","Odjeća i obuća -> Modni dodaci -> Ostali modni dodaci -> Remeni"
"Odjeća i obuća","Modni dodaci","Ostali modni dodaci","1893","Šalovi, marame i rukavice","Odjeća i obuća -> Modni dodaci -> Ostali modni dodaci -> Šalovi, marame i rukavice"
"Odjeća i obuća","Modni dodaci","Dodaci za odjeću i obuću","1894","Njega odjeće i obuće","Odjeća i obuća -> Modni dodaci -> Dodaci za odjeću i obuću -> Njega odjeće i obuće"
"Odjeća i obuća","Modni dodaci","Dodaci za odjeću i obuću","1895","Ostali dodaci","Odjeća i obuća -> Modni dodaci -> Dodaci za odjeću i obuću -> Ostali dodaci"
"Odjeća i obuća","Modni dodaci","Dodaci za odjeću i obuću","1896","Zakrpe","Odjeća i obuća -> Modni dodaci -> Dodaci za odjeću i obuću -> Zakrpe"
"Odjeća i obuća","Modni dodaci","Dodaci za odjeću i obuću","1897","Ulošci","Odjeća i obuća -> Modni dodaci -> Dodaci za odjeću i obuću -> Ulošci"
"Odjeća i obuća","Modni dodaci","Kostimi za karneval","1898","Karnevalske maske","Odjeća i obuća -> Modni dodaci -> Kostimi za karneval -> Karnevalske maske"
"Odjeća i obuća","Modni dodaci","Kostimi za karneval","1899","Dodaci za karneval","Odjeća i obuća -> Modni dodaci -> Kostimi za karneval -> Dodaci za karneval"
"Odjeća i obuća","Modni dodaci","Kostimi za karneval","1900","Karnevalski kostimi","Odjeća i obuća -> Modni dodaci -> Kostimi za karneval -> Karnevalski kostimi"
"Sport","Fitnes i vježba","Fitnes sprave","220","Dodatna oprema za fitnes sprave","Sport -> Fitnes i vježba -> Fitnes sprave -> Dodatna oprema za fitnes sprave"
"Sport","Fitnes i vježba","Fitnes sprave","2040","Sobni bicikl","Sport -> Fitnes i vježba -> Fitnes sprave -> Sobni bicikl"
"Sport","Fitnes i vježba","Fitnes sprave","2041","Eliptični trenažeri","Sport -> Fitnes i vježba -> Fitnes sprave -> Eliptični trenažeri"
"Sport","Fitnes i vježba","Fitnes sprave","2042","Trake za trčanje","Sport -> Fitnes i vježba -> Fitnes sprave -> Trake za trčanje"
"Sport","Fitnes i vježba","Fitnes sprave","2043","Sprave za veslanje","Sport -> Fitnes i vježba -> Fitnes sprave -> Sprave za veslanje"
"Sport","Fitnes i vježba","Fitnes sprave","2044","Steperi","Sport -> Fitnes i vježba -> Fitnes sprave -> Steperi"
"Sport","Fitnes i vježba","Fitnes sprave","2045","Vibracijske ploče","Sport -> Fitnes i vježba -> Fitnes sprave -> Vibracijske ploče"
"Sport","Fitnes i vježba","Fitnes sprave","2046","Višenamjenske sprave","Sport -> Fitnes i vježba -> Fitnes sprave -> Višenamjenske sprave"
"Sport","Fitnes i vježba","Fitnes sprave","2047","Klupe","Sport -> Fitnes i vježba -> Fitnes sprave -> Klupe"
"Sport","Fitnes i vježba","Sve za vježbanje","1936","Šipke, ručke i trake","Sport -> Fitnes i vježba -> Sve za vježbanje -> Šipke, ručke i trake"
"Sport","Fitnes i vježba","Sve za vježbanje","1937","Utezi","Sport -> Fitnes i vježba -> Sve za vježbanje -> Utezi"
"Sport","Fitnes i vježba","Sve za vježbanje","1938","Podloge za vježbanje","Sport -> Fitnes i vježba -> Sve za vježbanje -> Podloge za vježbanje"
"Sport","Fitnes i vježba","Sve za vježbanje","1939","Dodaci za vježbanje","Sport -> Fitnes i vježba -> Sve za vježbanje -> Dodaci za vježbanje"
"Sport","Fitnes i vježba","Sve za vježbanje","1940","Lopte za vježbanje","Sport -> Fitnes i vježba -> Sve za vježbanje -> Lopte za vježbanje"
"Sport","Fitnes i vježba","Borilački sportovi","1941","Vreće za udaranje","Sport -> Fitnes i vježba -> Borilački sportovi -> Vreće za udaranje"
"Sport","Fitnes i vježba","Borilački sportovi","1942","Zaštitna oprema za borilačke sportove","Sport -> Fitnes i vježba -> Borilački sportovi -> Zaštitna oprema za borilačke sportove"
"Sport","Fitnes i vježba","Borilački sportovi","1943","Oprema za borilačke sportove","Sport -> Fitnes i vježba -> Borilački sportovi -> Oprema za borilačke sportove"
"Sport","Zimski sportovi","Skijanje","206","Skije","Sport -> Zimski sportovi -> Skijanje -> Skije"
"Sport","Zimski sportovi","Skijanje","210","Skijaški vezovi","Sport -> Zimski sportovi -> Skijanje -> Skijaški vezovi"
"Sport","Zimski sportovi","Skijanje","211","Pancerice","Sport -> Zimski sportovi -> Skijanje -> Pancerice"
"Sport","Zimski sportovi","Skijanje","212","Skijaška oprema","Sport -> Zimski sportovi -> Skijanje -> Skijaška oprema"
"Sport","Zimski sportovi","Skijanje","2050","Skijaške kacige","Sport -> Zimski sportovi -> Skijanje -> Skijaške kacige"
"Sport","Zimski sportovi","Skijanje","2051","Skijaške naočale","Sport -> Zimski sportovi -> Skijanje -> Skijaške naočale"
"Sport","Zimski sportovi","Snowboard","209","Board / daske","Sport -> Zimski sportovi -> Snowboard -> Board / daske"
"Sport","Zimski sportovi","Snowboard","2021","Snowboard vezovi","Sport -> Zimski sportovi -> Snowboard -> Snowboard vezovi"
"Sport","Zimski sportovi","Snowboard","2022","Cipele za snowboard","Sport -> Zimski sportovi -> Snowboard -> Cipele za snowboard"
"Sport","Zimski sportovi","Snowboard","2023","Ostala snowboard oprema","Sport -> Zimski sportovi -> Snowboard -> Ostala snowboard oprema"
"Sport","Zimski sportovi","Skijaško trčanje","207","Cross-country skije","Sport -> Zimski sportovi -> Skijaško trčanje -> Cross-country skije"
"Sport","Zimski sportovi","Skijaško trčanje","2024","Cipele za trkaće skije","Sport -> Zimski sportovi -> Skijaško trčanje -> Cipele za trkaće skije"
"Sport","Zimski sportovi","Skijaško trčanje","2025","Oprema za skijaško trčanje","Sport -> Zimski sportovi -> Skijaško trčanje -> Oprema za skijaško trčanje"
"Sport","Zimski sportovi","Turno skijanje","297","Turnska oprema","Sport -> Zimski sportovi -> Turno skijanje -> Turnska oprema"
"Sport","Zimski sportovi","Turno skijanje","2026","Turne skije","Sport -> Zimski sportovi -> Turno skijanje -> Turne skije"
"Sport","Zimski sportovi","Turno skijanje","2027","Cipele za turne skije","Sport -> Zimski sportovi -> Turno skijanje -> Cipele za turne skije"
"Sport","Zimski sportovi","Turno skijanje","2028","Vezovi za turne skije","Sport -> Zimski sportovi -> Turno skijanje -> Vezovi za turne skije"
"Sport","Zimski sportovi","Zimske sportske aktivnosti","309","Sanjkanje","Sport -> Zimski sportovi -> Zimske sportske aktivnosti -> Sanjkanje"
"Sport","Zimski sportovi","Zimske sportske aktivnosti","2029","Klizanje","Sport -> Zimski sportovi -> Zimske sportske aktivnosti -> Klizanje"
"Sport","Planinarenje i penjanje","Oprema za penjanje","2035","Klinovi i kladiva","Sport -> Planinarenje i penjanje -> Oprema za penjanje -> Klinovi i kladiva"
"Sport","Planinarenje i penjanje","Oprema za penjanje","2036","Friendovi i zaglavci","Sport -> Planinarenje i penjanje -> Oprema za penjanje -> Friendovi i zaglavci"
"Sport","Planinarenje i penjanje","Oprema za penjanje","2037","Penjački karabineri i sistemi","Sport -> Planinarenje i penjanje -> Oprema za penjanje -> Penjački karabineri i sistemi"
"Sport","Planinarenje i penjanje","Oprema za penjanje","2038","Penjačka užad i pribor","Sport -> Planinarenje i penjanje -> Oprema za penjanje -> Penjačka užad i pribor"
"Sport","Planinarenje i penjanje","Oprema za penjanje","2039","Ostali penjački pribor","Sport -> Planinarenje i penjanje -> Oprema za penjanje -> Ostali penjački pribor"
"Sport","Planinarenje i penjanje","Dodaci za penjače","1926","Penjačke kacige","Sport -> Planinarenje i penjanje -> Dodaci za penjače -> Penjačke kacige"
"Sport","Planinarenje i penjanje","Dodaci za penjače","1927","Penjačke cipele / penjačice","Sport -> Planinarenje i penjanje -> Dodaci za penjače -> Penjačke cipele / penjačice"
"Sport","Planinarenje i penjanje","Dodaci za penjače","1928","Penjački pojasevi","Sport -> Planinarenje i penjanje -> Dodaci za penjače -> Penjački pojasevi"
"Sport","Planinarenje i penjanje","Oprema za snijeg i led","1929","Cepini i pribor","Sport -> Planinarenje i penjanje -> Oprema za snijeg i led -> Cepini i pribor"
"Sport","Planinarenje i penjanje","Oprema za snijeg i led","1930","Dereze","Sport -> Planinarenje i penjanje -> Oprema za snijeg i led -> Dereze"
"Sport","Planinarenje i penjanje","Oprema za snijeg i led","1931","Vijci i osiguranja","Sport -> Planinarenje i penjanje -> Oprema za snijeg i led -> Vijci i osiguranja"
"Sport","Planinarenje i penjanje","Oprema za snijeg i led","1932","Ostala oprema za snijeg i led","Sport -> Planinarenje i penjanje -> Oprema za snijeg i led -> Ostala oprema za snijeg i led"
"Sport","Planinarenje i penjanje","Planinarenje","296","Planinarski ruksaci i torbe","Sport -> Planinarenje i penjanje -> Planinarenje -> Planinarski ruksaci i torbe"
"Sport","Planinarenje i penjanje","Planinarenje","1933","Planinarski štapovi","Sport -> Planinarenje i penjanje -> Planinarenje -> Planinarski štapovi"
"Sport","Planinarenje i penjanje","Planinarenje","1935","Ostala planinarska oprema","Sport -> Planinarenje i penjanje -> Planinarenje -> Ostala planinarska oprema"
"Sport","Biciklizam","Bicikli","213","Brdski / MTB bicikli","Sport -> Biciklizam -> Bicikli -> Brdski / MTB bicikli"
"Sport","Biciklizam","Bicikli","214","Cestovni bicikli","Sport -> Biciklizam -> Bicikli -> Cestovni bicikli"
"Sport","Biciklizam","Bicikli","215","Treking / cross bicikli","Sport -> Biciklizam -> Bicikli -> Treking / cross bicikli"
"Sport","Biciklizam","Bicikli","216","Dječji bicikli","Sport -> Biciklizam -> Bicikli -> Dječji bicikli"
"Sport","Biciklizam","Bicikli","217","Ostali bicikli","Sport -> Biciklizam -> Bicikli -> Ostali bicikli"
"Sport","Biciklizam","Bicikli","222","Gradski bicikli","Sport -> Biciklizam -> Bicikli -> Gradski bicikli"
"Sport","Biciklizam","Bicikli","2034","BMX bicikli","Sport -> Biciklizam -> Bicikli -> BMX bicikli"
"Sport","Biciklizam","Bicikli","2058","Električni bicikli","Sport -> Biciklizam -> Bicikli -> Električni bicikli"
"Sport","Biciklizam","Bicikli","2059","Sklopivi bicikli","Sport -> Biciklizam -> Bicikli -> Sklopivi bicikli"
"Sport","Biciklizam","Dodatna biciklistička oprema","219","Ostala biciklistička oprema","Sport -> Biciklizam -> Dodatna biciklistička oprema -> Ostala biciklistička oprema"
"Sport","Biciklizam","Dodatna biciklistička oprema","1905","Bidoni i nosači","Sport -> Biciklizam -> Dodatna biciklistička oprema -> Bidoni i nosači"
"Sport","Biciklizam","Dodatna biciklistička oprema","1906","Biciklističke kacige","Sport -> Biciklizam -> Dodatna biciklistička oprema -> Biciklističke kacige"
"Sport","Biciklizam","Dodatna biciklistička oprema","1907","Lokoti za bicikle","Sport -> Biciklizam -> Dodatna biciklistička oprema -> Lokoti za bicikle"
"Sport","Biciklizam","Dodatna biciklistička oprema","1908","Biciklistički ruksaci","Sport -> Biciklizam -> Dodatna biciklistička oprema -> Biciklistički ruksaci"
"Sport","Biciklizam","Dodatna biciklistička oprema","1909","Ciklokompjuteri","Sport -> Biciklizam -> Dodatna biciklistička oprema -> Ciklokompjuteri"
"Sport","Biciklizam","Dodatna biciklistička oprema","1910","Biciklistička dječja sjedala i prikolice","Sport -> Biciklizam -> Dodatna biciklistička oprema -> Biciklistička dječja sjedala i prikolice"
"Sport","Biciklizam","Dodatna biciklistička oprema","1911","Biciklistička svjetla i bljeskalice","Sport -> Biciklizam -> Dodatna biciklistička oprema -> Biciklistička svjetla i bljeskalice"
"Sport","Biciklizam","Dodatna biciklistička oprema","1912","Pumpe za bicikl","Sport -> Biciklizam -> Dodatna biciklistička oprema -> Pumpe za bicikl"
"Sport","Biciklizam","Dodatna biciklistička oprema","1913","Biciklističke torbe i košare","Sport -> Biciklizam -> Dodatna biciklistička oprema -> Biciklističke torbe i košare"
"Sport","Biciklizam","Dodatna biciklistička oprema","1914","Trenažeri i oprema","Sport -> Biciklizam -> Dodatna biciklistička oprema -> Trenažeri i oprema"
"Sport","Biciklizam","Dodatna biciklistička oprema","1915","Biciklistička zaštitna oprema i dodaci","Sport -> Biciklizam -> Dodatna biciklistička oprema -> Biciklistička zaštitna oprema i dodaci"
"Sport","Biciklizam","Dijelovi za bicikle","218","Ostali dijelovi za bicikle","Sport -> Biciklizam -> Dijelovi za bicikle -> Ostali dijelovi za bicikle"
"Sport","Biciklizam","Dijelovi za bicikle","305","Biciklističke rame i dijelovi rame","Sport -> Biciklizam -> Dijelovi za bicikle -> Biciklističke rame i dijelovi rame"
"Sport","Biciklizam","Dijelovi za bicikle","306","Biciklističke gume, zračnice i obruči","Sport -> Biciklizam -> Dijelovi za bicikle -> Biciklističke gume, zračnice i obruči"
"Sport","Biciklizam","Dijelovi za bicikle","1916","Cijevi i lule volana","Sport -> Biciklizam -> Dijelovi za bicikle -> Cijevi i lule volana"
"Sport","Biciklizam","Dijelovi za bicikle","1917","Biciklističke pedale i dodaci","Sport -> Biciklizam -> Dijelovi za bicikle -> Biciklističke pedale i dodaci"
"Sport","Biciklizam","Dijelovi za bicikle","1918","Biciklistička sjedala i dodaci","Sport -> Biciklizam -> Dijelovi za bicikle -> Biciklistička sjedala i dodaci"
"Sport","Biciklizam","Dijelovi za bicikle","1919","Biciklistički zupčanici i lanci","Sport -> Biciklizam -> Dijelovi za bicikle -> Biciklistički zupčanici i lanci"
"Sport","Biciklizam","Dijelovi za bicikle","1920","Biciklističke vilice i amortizeri","Sport -> Biciklizam -> Dijelovi za bicikle -> Biciklističke vilice i amortizeri"
"Sport","Biciklizam","Dijelovi za bicikle","1921","Kočnice za bicikle","Sport -> Biciklizam -> Dijelovi za bicikle -> Kočnice za bicikle"
"Sport","Biciklizam","Biciklistički alat i održavanje","1922","Oprema za čišćenje bicikla","Sport -> Biciklizam -> Biciklistički alat i održavanje -> Oprema za čišćenje bicikla"
"Sport","Biciklizam","Biciklistički alat i održavanje","1923","Ulja i masti za bicikl","Sport -> Biciklizam -> Biciklistički alat i održavanje -> Ulja i masti za bicikl"
"Sport","Biciklizam","Biciklistički alat i održavanje","1924","Biciklistički alat i pribor","Sport -> Biciklizam -> Biciklistički alat i održavanje -> Biciklistički alat i pribor"
"Sport","Biciklizam","Biciklistički alat i održavanje","1925","Spremanje bicikla","Sport -> Biciklizam -> Biciklistički alat i održavanje -> Spremanje bicikla"
"Sport","Slobodno vrijeme","Kampiranje","298","Šatori i suncobrani","Sport -> Slobodno vrijeme -> Kampiranje -> Šatori i suncobrani"
"Sport","Slobodno vrijeme","Kampiranje","299","Oprema za kampiranje","Sport -> Slobodno vrijeme -> Kampiranje -> Oprema za kampiranje"
"Sport","Slobodno vrijeme","Kampiranje","485","Namještaj za kampiranje","Sport -> Slobodno vrijeme -> Kampiranje -> Namještaj za kampiranje"
"Sport","Slobodno vrijeme","Kampiranje","2048","Vreće za spavanje","Sport -> Slobodno vrijeme -> Kampiranje -> Vreće za spavanje"
"Sport","Slobodno vrijeme","Na kotačima","315","Role","Sport -> Slobodno vrijeme -> Na kotačima -> Role"
"Sport","Slobodno vrijeme","Na kotačima","1992","Skate / rolanje","Sport -> Slobodno vrijeme -> Na kotačima -> Skate / rolanje"
"Sport","Slobodno vrijeme","Na kotačima","1993","Romobili","Sport -> Slobodno vrijeme -> Na kotačima -> Romobili"
"Sport","Slobodno vrijeme","Na kotačima","1994","Štitnici","Sport -> Slobodno vrijeme -> Na kotačima -> Štitnici"
"Sport","Slobodno vrijeme","Na kotačima","1995","Dodatna oprema","Sport -> Slobodno vrijeme -> Na kotačima -> Dodatna oprema"
"Sport","Slobodno vrijeme","Na kotačima","2960","Električni romobili","Sport -> Slobodno vrijeme -> Na kotačima -> Električni romobili"
"Sport","Slobodno vrijeme","Stolni sportovi","580","Bilijar","Sport -> Slobodno vrijeme -> Stolni sportovi -> Bilijar"
"Sport","Slobodno vrijeme","Stolni sportovi","1996","Stolni nogomet","Sport -> Slobodno vrijeme -> Stolni sportovi -> Stolni nogomet"
"Sport","Slobodno vrijeme","Stolni sportovi","1998","Stolni hokej","Sport -> Slobodno vrijeme -> Stolni sportovi -> Stolni hokej"
"Sport","Slobodno vrijeme","Ribolov","312","Ribički pribor / oprema","Sport -> Slobodno vrijeme -> Ribolov -> Ribički pribor / oprema"
"Sport","Slobodno vrijeme","Ribolov","1999","Ribičke palice i kompleti","Sport -> Slobodno vrijeme -> Ribolov -> Ribičke palice i kompleti"
"Sport","Slobodno vrijeme","Ribolov","2000","Mamci","Sport -> Slobodno vrijeme -> Ribolov -> Mamci"
"Sport","Slobodno vrijeme","Aktivnosti u slobodno vrijeme","530","Poker","Sport -> Slobodno vrijeme -> Aktivnosti u slobodno vrijeme -> Poker"
"Sport","Slobodno vrijeme","Aktivnosti u slobodno vrijeme","2001","Igre na plaži","Sport -> Slobodno vrijeme -> Aktivnosti u slobodno vrijeme -> Igre na plaži"
"Sport","Slobodno vrijeme","Aktivnosti u slobodno vrijeme","2002","Pikado","Sport -> Slobodno vrijeme -> Aktivnosti u slobodno vrijeme -> Pikado"
"Sport","Slobodno vrijeme","Aktivnosti u slobodno vrijeme","2003","Šah","Sport -> Slobodno vrijeme -> Aktivnosti u slobodno vrijeme -> Šah"
"Sport","Sport na otvorenom","Maketarstvo","590","Modeli automobila","Sport -> Sport na otvorenom -> Maketarstvo -> Modeli automobila"
"Sport","Sport na otvorenom","Maketarstvo","592","Modeli plovila","Sport -> Sport na otvorenom -> Maketarstvo -> Modeli plovila"
"Sport","Sport na otvorenom","Maketarstvo","595","Motori, goriva i ulja za maketarstvo","Sport -> Sport na otvorenom -> Maketarstvo -> Motori, goriva i ulja za maketarstvo"
"Sport","Sport na otvorenom","Maketarstvo","596","Rezervni dijelovi i oprema za maketarstvo","Sport -> Sport na otvorenom -> Maketarstvo -> Rezervni dijelovi i oprema za maketarstvo"
"Sport","Sport na otvorenom","Maketarstvo","591","Modeli letjelica i helikoptera","Sport -> Sport na otvorenom -> Maketarstvo -> Modeli letjelica i helikoptera"
"Sport","Sport na otvorenom","Maketarstvo","593","Maketarska elektrotehnička oprema","Sport -> Sport na otvorenom -> Maketarstvo -> Maketarska elektrotehnička oprema"
"Sport","Sport na otvorenom","Maketarstvo","594","Materijali i alati za maketarstvo","Sport -> Sport na otvorenom -> Maketarstvo -> Materijali i alati za maketarstvo"
"Sport","Sport na otvorenom","Maketarstvo","597","RV sistemi","Sport -> Sport na otvorenom -> Maketarstvo -> RV sistemi"
"Sport","Sport na otvorenom","Maketarstvo","2049","Multikopteri / dronovi","Sport -> Sport na otvorenom -> Maketarstvo -> Multikopteri / dronovi"
"Sport","Sport na otvorenom","Trčanje","2004","Dodaci za trčanje","Sport -> Sport na otvorenom -> Trčanje -> Dodaci za trčanje"
"Sport","Sport na otvorenom","Trčanje","2005","Pojasevi i ruksaci","Sport -> Sport na otvorenom -> Trčanje -> Pojasevi i ruksaci"
"Sport","Sport na otvorenom","Golf","2006","Golf palice","Sport -> Sport na otvorenom -> Golf -> Golf palice"
"Sport","Sport na otvorenom","Golf","2007","Golf loptice","Sport -> Sport na otvorenom -> Golf -> Golf loptice"
"Sport","Sport na otvorenom","Golf","2008","Golf setovi","Sport -> Sport na otvorenom -> Golf -> Golf setovi"
"Sport","Sport na otvorenom","Golf","2009","Golf oprema","Sport -> Sport na otvorenom -> Golf -> Golf oprema"
"Sport","Sport na otvorenom","Jahanje","2010","Hrana i dodaci hrani za konje","Sport -> Sport na otvorenom -> Jahanje -> Hrana i dodaci hrani za konje"
"Sport","Sport na otvorenom","Jahanje","2011","Njega konja","Sport -> Sport na otvorenom -> Jahanje -> Njega konja"
"Sport","Sport na otvorenom","Jahanje","2012","Oprema za konje","Sport -> Sport na otvorenom -> Jahanje -> Oprema za konje"
"Sport","Sport na otvorenom","Jahanje","2013","Oprema za jahače","Sport -> Sport na otvorenom -> Jahanje -> Oprema za jahače"
"Sport","Sport na otvorenom","Jahanje","2014","Oprema za staju","Sport -> Sport na otvorenom -> Jahanje -> Oprema za staju"
"Sport","Sport na otvorenom","Streličarstvo","2015","Lukovi","Sport -> Sport na otvorenom -> Streličarstvo -> Lukovi"
"Sport","Sport na otvorenom","Streličarstvo","2016","Strijele i dijelovi","Sport -> Sport na otvorenom -> Streličarstvo -> Strijele i dijelovi"
"Sport","Sport na otvorenom","Streličarstvo","2017","Mete i podloge","Sport -> Sport na otvorenom -> Streličarstvo -> Mete i podloge"
"Sport","Sport na otvorenom","Lov","2018","Oprema za lov","Sport -> Sport na otvorenom -> Lov -> Oprema za lov"
"Sport","Sport na otvorenom","Lov","2019","Odjeća za lov","Sport -> Sport na otvorenom -> Lov -> Odjeća za lov"
"Sport","Sport na otvorenom","Lov","2020","Lovačka optika","Sport -> Sport na otvorenom -> Lov -> Lovačka optika"
"Sport","Sportovi s reketom","Badminton","1944","Badminton reketi","Sport -> Sportovi s reketom -> Badminton -> Badminton reketi"
"Sport","Sportovi s reketom","Badminton","1945","Badminton kompleti","Sport -> Sportovi s reketom -> Badminton -> Badminton kompleti"
"Sport","Sportovi s reketom","Badminton","1946","Badminton loptice","Sport -> Sportovi s reketom -> Badminton -> Badminton loptice"
"Sport","Sportovi s reketom","Speedminton","1947","Speedmenton reketi","Sport -> Sportovi s reketom -> Speedminton -> Speedmenton reketi"
"Sport","Sportovi s reketom","Speedminton","1948","Speedmenton kompleti","Sport -> Sportovi s reketom -> Speedminton -> Speedmenton kompleti"
"Sport","Sportovi s reketom","Speedminton","1949","Speedmenton loptice","Sport -> Sportovi s reketom -> Speedminton -> Speedmenton loptice"
"Sport","Sportovi s reketom","Squash","1950","Squash reketi","Sport -> Sportovi s reketom -> Squash -> Squash reketi"
"Sport","Sportovi s reketom","Squash","1951","Squash kompleti","Sport -> Sportovi s reketom -> Squash -> Squash kompleti"
"Sport","Sportovi s reketom","Squash","1952","Squash loptice","Sport -> Sportovi s reketom -> Squash -> Squash loptice"
"Sport","Sportovi s reketom","Tenis","1953","Tenis reketi","Sport -> Sportovi s reketom -> Tenis -> Tenis reketi"
"Sport","Sportovi s reketom","Tenis","1954","Tenis kompleti","Sport -> Sportovi s reketom -> Tenis -> Tenis kompleti"
"Sport","Sportovi s reketom","Tenis","1955","Tenis loptice","Sport -> Sportovi s reketom -> Tenis -> Tenis loptice"
"Sport","Sportovi s reketom","Dodatna oprema za sportove s reketom","524","Gripovi za rekete","Sport -> Sportovi s reketom -> Dodatna oprema za sportove s reketom -> Gripovi za rekete"
"Sport","Sportovi s reketom","Dodatna oprema za sportove s reketom","522","Žice za sportove s reketom","Sport -> Sportovi s reketom -> Dodatna oprema za sportove s reketom -> Žice za sportove s reketom"
"Sport","Sportovi s reketom","Dodatna oprema za sportove s reketom","526","Ostala oprema za sport s reketom","Sport -> Sportovi s reketom -> Dodatna oprema za sportove s reketom -> Ostala oprema za sport s reketom"
"Sport","Sportovi s reketom","Stolni tenis","2054","Reketi za stolni tenis","Sport -> Sportovi s reketom -> Stolni tenis -> Reketi za stolni tenis"
"Sport","Sportovi s reketom","Stolni tenis","2055","Loptice za stolni tenis","Sport -> Sportovi s reketom -> Stolni tenis -> Loptice za stolni tenis"
"Sport","Sportovi s reketom","Stolni tenis","2056","Stolovi za stolni tenis","Sport -> Sportovi s reketom -> Stolni tenis -> Stolovi za stolni tenis"
"Sport","Sportovi s reketom","Stolni tenis","2057","Dodaci za stolni tenis","Sport -> Sportovi s reketom -> Stolni tenis -> Dodaci za stolni tenis"
"Sport","Ekipni sportovi","Košarka","1956","Košarkaške lopte","Sport -> Ekipni sportovi -> Košarka -> Košarkaške lopte"
"Sport","Ekipni sportovi","Košarka","1957","Koševi i dodaci","Sport -> Ekipni sportovi -> Košarka -> Koševi i dodaci"
"Sport","Ekipni sportovi","Košarka","1958","Ostala košarkaška oprema","Sport -> Ekipni sportovi -> Košarka -> Ostala košarkaška oprema"
"Sport","Ekipni sportovi","Nogomet","1959","Nogometne lopte","Sport -> Ekipni sportovi -> Nogomet -> Nogometne lopte"
"Sport","Ekipni sportovi","Nogomet","1960","Nogometni golovi i oprema","Sport -> Ekipni sportovi -> Nogomet -> Nogometni golovi i oprema"
"Sport","Ekipni sportovi","Nogomet","1961","Štitnici za nogomet","Sport -> Ekipni sportovi -> Nogomet -> Štitnici za nogomet"
"Sport","Ekipni sportovi","Nogomet","1962","Ostala nogometna oprema","Sport -> Ekipni sportovi -> Nogomet -> Ostala nogometna oprema"
"Sport","Ekipni sportovi","Rukomet","1963","Rukometne lopte","Sport -> Ekipni sportovi -> Rukomet -> Rukometne lopte"
"Sport","Ekipni sportovi","Rukomet","1964","Štitnici za rukomet","Sport -> Ekipni sportovi -> Rukomet -> Štitnici za rukomet"
"Sport","Ekipni sportovi","Rukomet","1965","Rukometni golovi i oprema","Sport -> Ekipni sportovi -> Rukomet -> Rukometni golovi i oprema"
"Sport","Ekipni sportovi","Rukomet","1966","Ostala rukometna oprema","Sport -> Ekipni sportovi -> Rukomet -> Ostala rukometna oprema"
"Sport","Ekipni sportovi","Odbojka","1967","Lopte za odbojku","Sport -> Ekipni sportovi -> Odbojka -> Lopte za odbojku"
"Sport","Ekipni sportovi","Odbojka","1968","Stalci i mreže za odbojku","Sport -> Ekipni sportovi -> Odbojka -> Stalci i mreže za odbojku"
"Sport","Ekipni sportovi","Odbojka","1969","Ostala oprema za odbojku","Sport -> Ekipni sportovi -> Odbojka -> Ostala oprema za odbojku"
"Sport","Ekipni sportovi","Airsoft i paintball","1970","Airsoft oružje","Sport -> Ekipni sportovi -> Airsoft i paintball -> Airsoft oružje"
"Sport","Ekipni sportovi","Airsoft i paintball","1971","Airsoft oprema","Sport -> Ekipni sportovi -> Airsoft i paintball -> Airsoft oprema"
"Sport","Ekipni sportovi","Airsoft i paintball","1972","Paintball oprema","Sport -> Ekipni sportovi -> Airsoft i paintball -> Paintball oprema"
"Sport","Ekipni sportovi","Airsoft i paintball","1973","Zaštitna oprema za airsoft / paintball","Sport -> Ekipni sportovi -> Airsoft i paintball -> Zaštitna oprema za airsoft / paintball"
"Sport","Ekipni sportovi","Airsoft i paintball","1974","Taktička oprema","Sport -> Ekipni sportovi -> Airsoft i paintball -> Taktička oprema"
"Sport","Ekipni sportovi","Hokej","1975","Klizaljke za hokej","Sport -> Ekipni sportovi -> Hokej -> Klizaljke za hokej"
"Sport","Ekipni sportovi","Hokej","1976","Hokej golovi i oprema","Sport -> Ekipni sportovi -> Hokej -> Hokej golovi i oprema"
"Sport","Ekipni sportovi","Hokej","1977","Hokejaške palice","Sport -> Ekipni sportovi -> Hokej -> Hokejaške palice"
"Sport","Ekipni sportovi","Hokej","1978","Zaštitna oprema za hokej","Sport -> Ekipni sportovi -> Hokej -> Zaštitna oprema za hokej"
"Sport","Ekipni sportovi","Hokej","1979","Ostala oprema za hokej","Sport -> Ekipni sportovi -> Hokej -> Ostala oprema za hokej"
"Sport","Ekipni sportovi","Drugi ekipni sportovi","1980","Američki nogomet / rugby","Sport -> Ekipni sportovi -> Drugi ekipni sportovi -> Američki nogomet / rugby"
"Sport","Ekipni sportovi","Drugi ekipni sportovi","1981","Baseball / softball","Sport -> Ekipni sportovi -> Drugi ekipni sportovi -> Baseball / softball"
"Sport","Sportska oprema i prehrana","Sportska prehrana","283","Bjelančevine / proteini","Sport -> Sportska oprema i prehrana -> Sportska prehrana -> Bjelančevine / proteini"
"Sport","Sportska oprema i prehrana","Sportska prehrana","284","Glutamin","Sport -> Sportska oprema i prehrana -> Sportska prehrana -> Glutamin"
"Sport","Sportska oprema i prehrana","Sportska prehrana","285","Aminokiseline","Sport -> Sportska oprema i prehrana -> Sportska prehrana -> Aminokiseline"
"Sport","Sportska oprema i prehrana","Sportska prehrana","286","Kreatin","Sport -> Sportska oprema i prehrana -> Sportska prehrana -> Kreatin"
"Sport","Sportska oprema i prehrana","Sportska prehrana","288","Masne kiseline","Sport -> Sportska oprema i prehrana -> Sportska prehrana -> Masne kiseline"
"Sport","Sportska oprema i prehrana","Sportska prehrana","289","Zamjenski obroci","Sport -> Sportska oprema i prehrana -> Sportska prehrana -> Zamjenski obroci"
"Sport","Sportska oprema i prehrana","Sportska prehrana","290","Vitamini i minerali","Sport -> Sportska oprema i prehrana -> Sportska prehrana -> Vitamini i minerali"
"Sport","Sportska oprema i prehrana","Sportska prehrana","292","Gaineri","Sport -> Sportska oprema i prehrana -> Sportska prehrana -> Gaineri"
"Sport","Sportska oprema i prehrana","Sportska prehrana","293","Gubitak tjelesne masnoće","Sport -> Sportska oprema i prehrana -> Sportska prehrana -> Gubitak tjelesne masnoće"
"Sport","Sportska oprema i prehrana","Sportska prehrana","307","Energija / izdržljivost","Sport -> Sportska oprema i prehrana -> Sportska prehrana -> Energija / izdržljivost"
"Sport","Sportska oprema i prehrana","Sportska prehrana","2052","Shakeri i dodaci","Sport -> Sportska oprema i prehrana -> Sportska prehrana -> Shakeri i dodaci"
"Sport","Sportska oprema i prehrana","Satovi, mjerači i GPS","303","Pametni satovi i mjerači","Sport -> Sportska oprema i prehrana -> Satovi, mjerači i GPS -> Pametni satovi i mjerači"
"Sport","Sportska oprema i prehrana","Satovi, mjerači i GPS","314","Dodaci za pametne satove i mjerače","Sport -> Sportska oprema i prehrana -> Satovi, mjerači i GPS -> Dodaci za pametne satove i mjerače"
"Sport","Sportska oprema i prehrana","Satovi, mjerači i GPS","320","GPS ručni uređaji","Sport -> Sportska oprema i prehrana -> Satovi, mjerači i GPS -> GPS ručni uređaji"
"Sport","Sportska oprema i prehrana","Sportski dodaci","308","Sportske torbe i ruksaci","Sport -> Sportska oprema i prehrana -> Sportski dodaci -> Sportske torbe i ruksaci"
"Sport","Sportska oprema i prehrana","Sportski dodaci","494","Sportske naočale","Sport -> Sportska oprema i prehrana -> Sportski dodaci -> Sportske naočale"
"Sport","Sportska oprema i prehrana","Sportski dodaci","2030","Medalje i pehari","Sport -> Sportska oprema i prehrana -> Sportski dodaci -> Medalje i pehari"
"Sport","Sportska oprema i prehrana","Navijački kutak","2031","Navijačka odjeća","Sport -> Sportska oprema i prehrana -> Navijački kutak -> Navijačka odjeća"
"Sport","Sportska oprema i prehrana","Navijački kutak","2032","Navijački rekviziti","Sport -> Sportska oprema i prehrana -> Navijački kutak -> Navijački rekviziti"
"Sport","Sportska oprema i prehrana","Navijački kutak","2033","Navijački pribor","Sport -> Sportska oprema i prehrana -> Navijački kutak -> Navijački pribor"
"Sport","Vodeni sportovi","Ronjenje","514","Oprema za ronjenje","Sport -> Vodeni sportovi -> Ronjenje -> Oprema za ronjenje"
"Sport","Vodeni sportovi","Ronjenje","1982","Oprema za ronioce","Sport -> Vodeni sportovi -> Ronjenje -> Oprema za ronioce"
"Sport","Vodeni sportovi","Ronjenje","1983","Podvodni ribolov","Sport -> Vodeni sportovi -> Ronjenje -> Podvodni ribolov"
"Sport","Vodeni sportovi","Plivanje","1984","Naočale za plivanje","Sport -> Vodeni sportovi -> Plivanje -> Naočale za plivanje"
"Sport","Vodeni sportovi","Plivanje","1985","Kape za plivanje","Sport -> Vodeni sportovi -> Plivanje -> Kape za plivanje"
"Sport","Vodeni sportovi","Plivanje","1986","Oprema za plivanje","Sport -> Vodeni sportovi -> Plivanje -> Oprema za plivanje"
"Sport","Vodeni sportovi","Plivanje","2053","Trening u vodi","Sport -> Vodeni sportovi -> Plivanje -> Trening u vodi"
"Sport","Vodeni sportovi","Sportovi na vodi","1987","Čamci","Sport -> Vodeni sportovi -> Sportovi na vodi -> Čamci"
"Sport","Vodeni sportovi","Sportovi na vodi","1988","Kajaci i kanui","Sport -> Vodeni sportovi -> Sportovi na vodi -> Kajaci i kanui"
"Sport","Vodeni sportovi","Sportovi na vodi","1989","Kite, wakeboard, surf","Sport -> Vodeni sportovi -> Sportovi na vodi -> Kite, wakeboard, surf"
"Sport","Vodeni sportovi","Sportovi na vodi","1990","SUP","Sport -> Vodeni sportovi -> Sportovi na vodi -> SUP"
"Sport","Vodeni sportovi","Sportovi na vodi","1991","Nautička oprema","Sport -> Vodeni sportovi -> Sportovi na vodi -> Nautička oprema"
"Sve za djecu","Dječja kolica i autosjedalice","Autosjedalice","2061","Autosjedalice","Sve za djecu -> Dječja kolica i autosjedalice -> Autosjedalice -> Autosjedalice"
"Sve za djecu","Dječja kolica i autosjedalice","Autosjedalice","2062","Isofix podstava / baza","Sve za djecu -> Dječja kolica i autosjedalice -> Autosjedalice -> Isofix podstava / baza"
"Sve za djecu","Dječja kolica i autosjedalice","Autosjedalice","2063","Dodaci za automobil","Sve za djecu -> Dječja kolica i autosjedalice -> Autosjedalice -> Dodaci za automobil"
"Sve za djecu","Dječja kolica i autosjedalice","Autosjedalice","2064","Dodatna oprema za autosjedalice","Sve za djecu -> Dječja kolica i autosjedalice -> Autosjedalice -> Dodatna oprema za autosjedalice"
"Sve za djecu","Dječja kolica i autosjedalice","Dječja kolica","2065","Dječja kolica","Sve za djecu -> Dječja kolica i autosjedalice -> Dječja kolica -> Dječja kolica"
"Sve za djecu","Dječja kolica i autosjedalice","Dječja kolica","2066","Modularni sustavi","Sve za djecu -> Dječja kolica i autosjedalice -> Dječja kolica -> Modularni sustavi"
"Sve za djecu","Dječja kolica i autosjedalice","Dječja kolica","2067","Sportska kolica","Sve za djecu -> Dječja kolica i autosjedalice -> Dječja kolica -> Sportska kolica"
"Sve za djecu","Dječja kolica i autosjedalice","Dječja kolica","2068","Dječja kolica za blizance / trojke","Sve za djecu -> Dječja kolica i autosjedalice -> Dječja kolica -> Dječja kolica za blizance / trojke"
"Sve za djecu","Dječja kolica i autosjedalice","Dječja kolica","2069","Zimske vreće i navlake","Sve za djecu -> Dječja kolica i autosjedalice -> Dječja kolica -> Zimske vreće i navlake"
"Sve za djecu","Dječja kolica i autosjedalice","Dječja kolica","2070","Dodatna oprema za kolica","Sve za djecu -> Dječja kolica i autosjedalice -> Dječja kolica -> Dodatna oprema za kolica"
"Sve za djecu","Dječja oprema","Dječja oprema","2071","Monitori za bebe","Sve za djecu -> Dječja oprema -> Dječja oprema -> Monitori za bebe"
"Sve za djecu","Dječja oprema","Dječja oprema","2072","Dječji krevetići","Sve za djecu -> Dječja oprema -> Dječja oprema -> Dječji krevetići"
"Sve za djecu","Dječja oprema","Dječja oprema","2073","Dječja zaštita","Sve za djecu -> Dječja oprema -> Dječja oprema -> Dječja zaštita"
"Sve za djecu","Dječja oprema","Dječja oprema","2074","Ležaljke / njihaljke","Sve za djecu -> Dječja oprema -> Dječja oprema -> Ležaljke / njihaljke"
"Sve za djecu","Dječja oprema","Dječja oprema","2075","Ruksaci / klokanice","Sve za djecu -> Dječja oprema -> Dječja oprema -> Ruksaci / klokanice"
"Sve za djecu","Dječja oprema","Dječja oprema","2076","Hodalice","Sve za djecu -> Dječja oprema -> Dječja oprema -> Hodalice"
"Sve za djecu","Dječja oprema","Dječja oprema","2077","Odjeća za bebe","Sve za djecu -> Dječja oprema -> Dječja oprema -> Odjeća za bebe"
"Sve za djecu","Dječja oprema","Dječja oprema","2078","Obuća za bebe","Sve za djecu -> Dječja oprema -> Dječja oprema -> Obuća za bebe"
"Sve za djecu","Dječja oprema","Dječja oprema","2079","Noćne svjetiljke","Sve za djecu -> Dječja oprema -> Dječja oprema -> Noćne svjetiljke"
"Sve za djecu","Dječja oprema","Dojenje","2080","Pumpe za izdajanje","Sve za djecu -> Dječja oprema -> Dojenje -> Pumpe za izdajanje"
"Sve za djecu","Dječja oprema","Dojenje","2081","Štitnici i jastučići za bradavice","Sve za djecu -> Dječja oprema -> Dojenje -> Štitnici i jastučići za bradavice"
"Sve za djecu","Dječja oprema","Dojenje","2082","Jastuci za dojenje","Sve za djecu -> Dječja oprema -> Dojenje -> Jastuci za dojenje"
"Sve za djecu","Dječja oprema","Hranjenje","2083","Stolice za hranjenje","Sve za djecu -> Dječja oprema -> Hranjenje -> Stolice za hranjenje"
"Sve za djecu","Dječja oprema","Hranjenje","2084","Hrana za djecu","Sve za djecu -> Dječja oprema -> Hranjenje -> Hrana za djecu"
"Sve za djecu","Dječja oprema","Hranjenje","2085","Dječji pribor za jelo","Sve za djecu -> Dječja oprema -> Hranjenje -> Dječji pribor za jelo"
"Sve za djecu","Dječja oprema","Hranjenje","2086","Dječje bočice","Sve za djecu -> Dječja oprema -> Hranjenje -> Dječje bočice"
"Sve za djecu","Dječja oprema","Hranjenje","2087","Podbradnjaci","Sve za djecu -> Dječja oprema -> Hranjenje -> Podbradnjaci"
"Sve za djecu","Dječja oprema","Hranjenje","2088","Dude","Sve za djecu -> Dječja oprema -> Hranjenje -> Dude"
"Sve za djecu","Dječja oprema","Hranjenje","2089","Sterilizatori","Sve za djecu -> Dječja oprema -> Hranjenje -> Sterilizatori"
"Sve za djecu","Dječja oprema","Hranjenje","2090","Grijači bočica","Sve za djecu -> Dječja oprema -> Hranjenje -> Grijači bočica"
"Sve za djecu","Dječja oprema","Njega djeteta","2091","Stolovi za prematanje","Sve za djecu -> Dječja oprema -> Njega djeteta -> Stolovi za prematanje"
"Sve za djecu","Dječja oprema","Njega djeteta","2092","Prematanje","Sve za djecu -> Dječja oprema -> Njega djeteta -> Prematanje"
"Sve za djecu","Dječja oprema","Njega djeteta","2093","Torbe za prematanje","Sve za djecu -> Dječja oprema -> Njega djeteta -> Torbe za prematanje"
"Sve za djecu","Dječja oprema","Njega djeteta","2094","Pelene","Sve za djecu -> Dječja oprema -> Njega djeteta -> Pelene"
"Sve za djecu","Dječja oprema","Njega djeteta","2095","Dječje kadice","Sve za djecu -> Dječja oprema -> Njega djeteta -> Dječje kadice"
"Sve za djecu","Dječja oprema","Njega djeteta","2096","Kahlice","Sve za djecu -> Dječja oprema -> Njega djeteta -> Kahlice"
"Sve za djecu","Dječja oprema","Njega djeteta","2097","Njega i higijena djeteta","Sve za djecu -> Dječja oprema -> Njega djeteta -> Njega i higijena djeteta"
"Sve za djecu","Dječja oprema","Dječja kozmetika","2098","Dječji šamponi","Sve za djecu -> Dječja oprema -> Dječja kozmetika -> Dječji šamponi"
"Sve za djecu","Dječja oprema","Dječja kozmetika","2099","Dječje kreme","Sve za djecu -> Dječja oprema -> Dječja kozmetika -> Dječje kreme"
"Sve za djecu","Dječja oprema","Dječja kozmetika","2100","Dječji sapuni","Sve za djecu -> Dječja oprema -> Dječja kozmetika -> Dječji sapuni"
"Sve za djecu","Dječja oprema","Dječja kozmetika","2101","Ostala dječja kozmetika","Sve za djecu -> Dječja oprema -> Dječja kozmetika -> Ostala dječja kozmetika"
"Sve za djecu","Igračke","Igračke","2102","Lutke i bebe","Sve za djecu -> Igračke -> Igračke -> Lutke i bebe"
"Sve za djecu","Igračke","Igračke","2103","Dodaci za lutke / bebe","Sve za djecu -> Igračke -> Igračke -> Dodaci za lutke / bebe"
"Sve za djecu","Igračke","Igračke","2104","Kućice i kuhinje","Sve za djecu -> Igračke -> Igračke -> Kućice i kuhinje"
"Sve za djecu","Igračke","Igračke","2105","Igra uloga","Sve za djecu -> Igračke -> Igračke -> Igra uloga"
"Sve za djecu","Igračke","Igračke","2106","Igračke na daljinsko upravljanje","Sve za djecu -> Igračke -> Igračke -> Igračke na daljinsko upravljanje"
"Sve za djecu","Igračke","Igračke","2107","Autići / vozila","Sve za djecu -> Igračke -> Igračke -> Autići / vozila"
"Sve za djecu","Igračke","Igračke","2108","Automobilske staze i garaže","Sve za djecu -> Igračke -> Igračke -> Automobilske staze i garaže"
"Sve za djecu","Igračke","Igračke","2109","Plovila i letjelice","Sve za djecu -> Igračke -> Igračke -> Plovila i letjelice"
"Sve za djecu","Igračke","Igračke","2110","Vlakovi i željeznice","Sve za djecu -> Igračke -> Igračke -> Vlakovi i željeznice"
"Sve za djecu","Igračke","Igračke","2111","Pištolji, mačevi i lukovi","Sve za djecu -> Igračke -> Igračke -> Pištolji, mačevi i lukovi"
"Sve za djecu","Igračke","Igračke","2151","Figure / figurice","Sve za djecu -> Igračke -> Igračke -> Figure / figurice"
"Sve za djecu","Igračke","Igračke za najmlađe","2112","Mekane dekice / tješilice","Sve za djecu -> Igračke -> Igračke za najmlađe -> Mekane dekice / tješilice"
"Sve za djecu","Igračke","Igračke za najmlađe","2113","Podloge i jastuci za igranje","Sve za djecu -> Igračke -> Igračke za najmlađe -> Podloge i jastuci za igranje"
"Sve za djecu","Igračke","Igračke za najmlađe","2114","Zvečke i grickalice","Sve za djecu -> Igračke -> Igračke za najmlađe -> Zvečke i grickalice"
"Sve za djecu","Igračke","Igračke za najmlađe","2115","Prve igračke","Sve za djecu -> Igračke -> Igračke za najmlađe -> Prve igračke"
"Sve za djecu","Igračke","Igračke za najmlađe","2116","Igračke na ljuljanje","Sve za djecu -> Igračke -> Igračke za najmlađe -> Igračke na ljuljanje"
"Sve za djecu","Igračke","Igračke za najmlađe","2117","Zvučne igračke","Sve za djecu -> Igračke -> Igračke za najmlađe -> Zvučne igračke"
"Sve za djecu","Igračke","Igračke za najmlađe","2118","Plišane igračke","Sve za djecu -> Igračke -> Igračke za najmlađe -> Plišane igračke"
"Sve za djecu","Igračke","Razvojne i edukativne igračke","2119","Dječji glazbeni instrumenti","Sve za djecu -> Igračke -> Razvojne i edukativne igračke -> Dječji glazbeni instrumenti"
"Sve za djecu","Igračke","Razvojne i edukativne igračke","2120","Kreativni setovi","Sve za djecu -> Igračke -> Razvojne i edukativne igračke -> Kreativni setovi"
"Sve za djecu","Igračke","Razvojne i edukativne igračke","2121","Plastelin i mase za modeliranje","Sve za djecu -> Igračke -> Razvojne i edukativne igračke -> Plastelin i mase za modeliranje"
"Sve za djecu","Igračke","Razvojne i edukativne igračke","2122","Slagalice / puzzle","Sve za djecu -> Igračke -> Razvojne i edukativne igračke -> Slagalice / puzzle"
"Sve za djecu","Igračke","Razvojne i edukativne igračke","2123","Društvene igre","Sve za djecu -> Igračke -> Razvojne i edukativne igračke -> Društvene igre"
"Sve za djecu","Igračke","Razvojne i edukativne igračke","2124","Elektronske / tehničke igračke","Sve za djecu -> Igračke -> Razvojne i edukativne igračke -> Elektronske / tehničke igračke"
"Sve za djecu","Igračke","Razvojne i edukativne igračke","2125","Istraživačke igračke","Sve za djecu -> Igračke -> Razvojne i edukativne igračke -> Istraživačke igračke"
"Sve za djecu","Igračke","Razvojne i edukativne igračke","2126","Didaktičke igračke","Sve za djecu -> Igračke -> Razvojne i edukativne igračke -> Didaktičke igračke"
"Sve za djecu","Igračke","Knjige, bojanke, slikovnice i crtanke","2127","Dječje knjige","Sve za djecu -> Igračke -> Knjige, bojanke, slikovnice i crtanke -> Dječje knjige"
"Sve za djecu","Igračke","Knjige, bojanke, slikovnice i crtanke","2128","Bojanke","Sve za djecu -> Igračke -> Knjige, bojanke, slikovnice i crtanke -> Bojanke"
"Sve za djecu","Igračke","Knjige, bojanke, slikovnice i crtanke","2129","Slikovnice i bajke","Sve za djecu -> Igračke -> Knjige, bojanke, slikovnice i crtanke -> Slikovnice i bajke"
"Sve za djecu","Igračke","Knjige, bojanke, slikovnice i crtanke","2130","Dječje radne bilježnice","Sve za djecu -> Igračke -> Knjige, bojanke, slikovnice i crtanke -> Dječje radne bilježnice"
"Sve za djecu","Igračke","Knjige, bojanke, slikovnice i crtanke","2131","Crtanke","Sve za djecu -> Igračke -> Knjige, bojanke, slikovnice i crtanke -> Crtanke"
"Sve za djecu","Igračke","Kocke i kompleti za igranje","2132","Lego kocke","Sve za djecu -> Igračke -> Kocke i kompleti za igranje -> Lego kocke"
"Sve za djecu","Igračke","Kocke i kompleti za igranje","2134","Ostale kocke","Sve za djecu -> Igračke -> Kocke i kompleti za igranje -> Ostale kocke"
"Sve za djecu","Igračke","Kocke i kompleti za igranje","2135","Kompleti za igranje","Sve za djecu -> Igračke -> Kocke i kompleti za igranje -> Kompleti za igranje"
"Sve za djecu","Igračke","Kocke i kompleti za igranje","2136","Makete","Sve za djecu -> Igračke -> Kocke i kompleti za igranje -> Makete"
"Sve za djecu","Igračke","Drvene igračke","2133","Drvene kocke","Sve za djecu -> Igračke -> Drvene igračke -> Drvene kocke"
"Sve za djecu","Dječja igrališta i vozila","Vanjske igračke","2137","Ljuljačke","Sve za djecu -> Dječja igrališta i vozila -> Vanjske igračke -> Ljuljačke"
"Sve za djecu","Dječja igrališta i vozila","Vanjske igračke","2138","Kuće i šatori","Sve za djecu -> Dječja igrališta i vozila -> Vanjske igračke -> Kuće i šatori"
"Sve za djecu","Dječja igrališta i vozila","Vanjske igračke","2139","Tobogani","Sve za djecu -> Dječja igrališta i vozila -> Vanjske igračke -> Tobogani"
"Sve za djecu","Dječja igrališta i vozila","Vanjske igračke","2140","Trampolini","Sve za djecu -> Dječja igrališta i vozila -> Vanjske igračke -> Trampolini"
"Sve za djecu","Dječja igrališta i vozila","Vanjske igračke","2141","Igrališta na napuhavanje","Sve za djecu -> Dječja igrališta i vozila -> Vanjske igračke -> Igrališta na napuhavanje"
"Sve za djecu","Dječja igrališta i vozila","Vanjske igračke","2142","Pješčanici","Sve za djecu -> Dječja igrališta i vozila -> Vanjske igračke -> Pješčanici"
"Sve za djecu","Dječja igrališta i vozila","Vanjske igračke","2143","Stolići i stolice","Sve za djecu -> Dječja igrališta i vozila -> Vanjske igračke -> Stolići i stolice"
"Sve za djecu","Dječja igrališta i vozila","Igre na otvorenom","2144","Lopte i igračke za skakanje","Sve za djecu -> Dječja igrališta i vozila -> Igre na otvorenom -> Lopte i igračke za skakanje"
"Sve za djecu","Dječja igrališta i vozila","Igre na otvorenom","2145","Sportske igračke / igrališta","Sve za djecu -> Dječja igrališta i vozila -> Igre na otvorenom -> Sportske igračke / igrališta"
"Sve za djecu","Dječja igrališta i vozila","Igre na otvorenom","2146","Igračke za vrt / pješčanik","Sve za djecu -> Dječja igrališta i vozila -> Igre na otvorenom -> Igračke za vrt / pješčanik"
"Sve za djecu","Dječja igrališta i vozila","Dječja vozila","2147","Dječje guralice","Sve za djecu -> Dječja igrališta i vozila -> Dječja vozila -> Dječje guralice"
"Sve za djecu","Dječja igrališta i vozila","Dječja vozila","2148","Dječja vozila na akumulator","Sve za djecu -> Dječja igrališta i vozila -> Dječja vozila -> Dječja vozila na akumulator"
"Sve za djecu","Dječja igrališta i vozila","Dječja vozila","2149","Dječja vozila s pedalama","Sve za djecu -> Dječja igrališta i vozila -> Dječja vozila -> Dječja vozila s pedalama"
"Sve za djecu","Dječja igrališta i vozila","Dječja vozila","2150","Dječji tricikli","Sve za djecu -> Dječja igrališta i vozila -> Dječja vozila -> Dječji tricikli"
"Dom & Vrt","Bijela tehnika","Kuhanje","71","Kuhinjske nape","Dom & Vrt -> Bijela tehnika -> Kuhanje -> Kuhinjske nape"
"Dom & Vrt","Bijela tehnika","Kuhanje","72","Mikrovalne pećnice","Dom & Vrt -> Bijela tehnika -> Kuhanje -> Mikrovalne pećnice"
"Dom & Vrt","Bijela tehnika","Kuhanje","73","Ugradbene pećnice","Dom & Vrt -> Bijela tehnika -> Kuhanje -> Ugradbene pećnice"
"Dom & Vrt","Bijela tehnika","Kuhanje","74","Ploče za kuhanje","Dom & Vrt -> Bijela tehnika -> Kuhanje -> Ploče za kuhanje"
"Dom & Vrt","Bijela tehnika","Kuhanje","75","Kompleti za kuhanje","Dom & Vrt -> Bijela tehnika -> Kuhanje -> Kompleti za kuhanje"
"Dom & Vrt","Bijela tehnika","Kuhanje","2587","Mini pećnice","Dom & Vrt -> Bijela tehnika -> Kuhanje -> Mini pećnice"
"Dom & Vrt","Bijela tehnika","Kuhanje","2588","Štednjaci","Dom & Vrt -> Bijela tehnika -> Kuhanje -> Štednjaci"
"Dom & Vrt","Bijela tehnika","Hladnjaci","83","Hladnjaci","Dom & Vrt -> Bijela tehnika -> Hladnjaci -> Hladnjaci"
"Dom & Vrt","Bijela tehnika","Hladnjaci","85","Hladnjaci s ledenicom","Dom & Vrt -> Bijela tehnika -> Hladnjaci -> Hladnjaci s ledenicom"
"Dom & Vrt","Bijela tehnika","Hladnjaci","1666","Hladnjaci za vino","Dom & Vrt -> Bijela tehnika -> Hladnjaci -> Hladnjaci za vino"
"Dom & Vrt","Bijela tehnika","Hladnjaci","2585","Dodaci za bijelu tehniku","Dom & Vrt -> Bijela tehnika -> Hladnjaci -> Dodaci za bijelu tehniku"
"Dom & Vrt","Bijela tehnika","Pranje i sušenje","87","Perilice rublja","Dom & Vrt -> Bijela tehnika -> Pranje i sušenje -> Perilice rublja"
"Dom & Vrt","Bijela tehnika","Pranje i sušenje","109","Sušilice rublja","Dom & Vrt -> Bijela tehnika -> Pranje i sušenje -> Sušilice rublja"
"Dom & Vrt","Bijela tehnika","Pranje i sušenje","2586","Perilice-sušilice rublja","Dom & Vrt -> Bijela tehnika -> Pranje i sušenje -> Perilice-sušilice rublja"
"Dom & Vrt","Bijela tehnika","Zamrzivači","2171","Ormari za zamrzavanje","Dom & Vrt -> Bijela tehnika -> Zamrzivači -> Ormari za zamrzavanje"
"Dom & Vrt","Bijela tehnika","Zamrzivači","2172","Škrinje za zamrzavanje","Dom & Vrt -> Bijela tehnika -> Zamrzivači -> Škrinje za zamrzavanje"
"Dom & Vrt","Bijela tehnika","Perilice posuđa","2173","Samostojeće perilice posuđa","Dom & Vrt -> Bijela tehnika -> Perilice posuđa -> Samostojeće perilice posuđa"
"Dom & Vrt","Bijela tehnika","Perilice posuđa","2174","Ugradbene perilice posuđa","Dom & Vrt -> Bijela tehnika -> Perilice posuđa -> Ugradbene perilice posuđa"
"Dom & Vrt","Mali kućanski aparati","Priprema hrane","70","Tosteri","Dom & Vrt -> Mali kućanski aparati -> Priprema hrane -> Tosteri"
"Dom & Vrt","Mali kućanski aparati","Priprema hrane","76","Friteze","Dom & Vrt -> Mali kućanski aparati -> Priprema hrane -> Friteze"
"Dom & Vrt","Mali kućanski aparati","Priprema hrane","82","Kuhinjske vage","Dom & Vrt -> Mali kućanski aparati -> Priprema hrane -> Kuhinjske vage"
"Dom & Vrt","Mali kućanski aparati","Priprema hrane","142","Aparati za pečenje kruha","Dom & Vrt -> Mali kućanski aparati -> Priprema hrane -> Aparati za pečenje kruha"
"Dom & Vrt","Mali kućanski aparati","Priprema hrane","2175","Aparati za jogurt","Dom & Vrt -> Mali kućanski aparati -> Priprema hrane -> Aparati za jogurt"
"Dom & Vrt","Mali kućanski aparati","Priprema hrane","2176","Aparati za led","Dom & Vrt -> Mali kućanski aparati -> Priprema hrane -> Aparati za led"
"Dom & Vrt","Mali kućanski aparati","Priprema hrane","2177","Aparati za sladoled","Dom & Vrt -> Mali kućanski aparati -> Priprema hrane -> Aparati za sladoled"
"Dom & Vrt","Mali kućanski aparati","Priprema hrane","2178","Aparati za vakumiranje i dodaci","Dom & Vrt -> Mali kućanski aparati -> Priprema hrane -> Aparati za vakumiranje i dodaci"
"Dom & Vrt","Mali kućanski aparati","Priprema hrane","2179","Električne tave","Dom & Vrt -> Mali kućanski aparati -> Priprema hrane -> Električne tave"
"Dom & Vrt","Mali kućanski aparati","Priprema hrane","2180","Električna kuhala","Dom & Vrt -> Mali kućanski aparati -> Priprema hrane -> Električna kuhala"
"Dom & Vrt","Mali kućanski aparati","Priprema hrane","2181","Kuhala za jaja","Dom & Vrt -> Mali kućanski aparati -> Priprema hrane -> Kuhala za jaja"
"Dom & Vrt","Mali kućanski aparati","Priprema hrane","2182","Parna kuhala","Dom & Vrt -> Mali kućanski aparati -> Priprema hrane -> Parna kuhala"
"Dom & Vrt","Mali kućanski aparati","Priprema hrane","2183","Sušilice voća / dehidratori","Dom & Vrt -> Mali kućanski aparati -> Priprema hrane -> Sušilice voća / dehidratori"
"Dom & Vrt","Mali kućanski aparati","Priprema hrane","2184","Kontaktni roštilji / Kuhinjski roštilji","Dom & Vrt -> Mali kućanski aparati -> Priprema hrane -> Kontaktni roštilji / Kuhinjski roštilji"
"Dom & Vrt","Mali kućanski aparati","Priprema hrane","2185","Ostali aparati za pripremu hrane","Dom & Vrt -> Mali kućanski aparati -> Priprema hrane -> Ostali aparati za pripremu hrane"
"Dom & Vrt","Mali kućanski aparati","Roštilji","2186","Električni / stolni roštilji","Dom & Vrt -> Mali kućanski aparati -> Roštilji -> Električni / stolni roštilji"
"Dom & Vrt","Mali kućanski aparati","Roštilji","2187","Plinski roštilji","Dom & Vrt -> Mali kućanski aparati -> Roštilji -> Plinski roštilji"
"Dom & Vrt","Mali kućanski aparati","Roštilji","2188","Vrtni roštilji (kamini)","Dom & Vrt -> Mali kućanski aparati -> Roštilji -> Vrtni roštilji (kamini)"
"Dom & Vrt","Mali kućanski aparati","Roštilji","2189","Roštilj na ugljen","Dom & Vrt -> Mali kućanski aparati -> Roštilji -> Roštilj na ugljen"
"Dom & Vrt","Mali kućanski aparati","Roštilji","2190","Oprema za roštilj","Dom & Vrt -> Mali kućanski aparati -> Roštilji -> Oprema za roštilj"
"Dom & Vrt","Mali kućanski aparati","Priprema pića","79","Sokovnici","Dom & Vrt -> Mali kućanski aparati -> Priprema pića -> Sokovnici"
"Dom & Vrt","Mali kućanski aparati","Priprema pića","80","Kuhala za vodu","Dom & Vrt -> Mali kućanski aparati -> Priprema pića -> Kuhala za vodu"
"Dom & Vrt","Mali kućanski aparati","Priprema pića","143","Aparati za kavu","Dom & Vrt -> Mali kućanski aparati -> Priprema pića -> Aparati za kavu"
"Dom & Vrt","Mali kućanski aparati","Priprema pića","2191","Cjedila za agrume","Dom & Vrt -> Mali kućanski aparati -> Priprema pića -> Cjedila za agrume"
"Dom & Vrt","Mali kućanski aparati","Priprema pića","2192","Pjenilice za mlijeko","Dom & Vrt -> Mali kućanski aparati -> Priprema pića -> Pjenilice za mlijeko"
"Dom & Vrt","Mali kućanski aparati","Priprema pića","2193","Posude za napitke","Dom & Vrt -> Mali kućanski aparati -> Priprema pića -> Posude za napitke"
"Dom & Vrt","Mali kućanski aparati","Rezalice i sjeckalice","2194","Aparati za mljevenje mesa","Dom & Vrt -> Mali kućanski aparati -> Rezalice i sjeckalice -> Aparati za mljevenje mesa"
"Dom & Vrt","Mali kućanski aparati","Rezalice i sjeckalice","2195","Salamoreznice","Dom & Vrt -> Mali kućanski aparati -> Rezalice i sjeckalice -> Salamoreznice"
"Dom & Vrt","Mali kućanski aparati","Rezalice i sjeckalice","2196","Sjeckalice","Dom & Vrt -> Mali kućanski aparati -> Rezalice i sjeckalice -> Sjeckalice"
"Dom & Vrt","Mali kućanski aparati","Glačanje i šivanje","86","Glačala","Dom & Vrt -> Mali kućanski aparati -> Glačanje i šivanje -> Glačala"
"Dom & Vrt","Mali kućanski aparati","Glačanje i šivanje","2201","Daske za glačanje","Dom & Vrt -> Mali kućanski aparati -> Glačanje i šivanje -> Daske za glačanje"
"Dom & Vrt","Mali kućanski aparati","Glačanje i šivanje","2202","Parne postaje","Dom & Vrt -> Mali kućanski aparati -> Glačanje i šivanje -> Parne postaje"
"Dom & Vrt","Mali kućanski aparati","Glačanje i šivanje","2203","Šivaće mašine","Dom & Vrt -> Mali kućanski aparati -> Glačanje i šivanje -> Šivaće mašine"
"Dom & Vrt","Mali kućanski aparati","Glačanje i šivanje","2204","Pribor za šivanje","Dom & Vrt -> Mali kućanski aparati -> Glačanje i šivanje -> Pribor za šivanje"
"Dom & Vrt","Mali kućanski aparati","Usisavači","2205","Robotski usisavači","Dom & Vrt -> Mali kućanski aparati -> Usisavači -> Robotski usisavači"
"Dom & Vrt","Mali kućanski aparati","Usisavači","2206","Ručni usisavači","Dom & Vrt -> Mali kućanski aparati -> Usisavači -> Ručni usisavači"
"Dom & Vrt","Mali kućanski aparati","Usisavači","2207","Ležeći usisavači","Dom & Vrt -> Mali kućanski aparati -> Usisavači -> Ležeći usisavači"
"Dom & Vrt","Mali kućanski aparati","Usisavači","2208","Vrećice za usisavače","Dom & Vrt -> Mali kućanski aparati -> Usisavači -> Vrećice za usisavače"
"Dom & Vrt","Mali kućanski aparati","Usisavači","2209","Dodaci za usisavače","Dom & Vrt -> Mali kućanski aparati -> Usisavači -> Dodaci za usisavače"
"Dom & Vrt","Mali kućanski aparati","Mikseri","2197","Blenderi / smoothie makeri","Dom & Vrt -> Mali kućanski aparati -> Mikseri -> Blenderi / smoothie makeri"
"Dom & Vrt","Mali kućanski aparati","Mikseri","2198","Štapni mikseri","Dom & Vrt -> Mali kućanski aparati -> Mikseri -> Štapni mikseri"
"Dom & Vrt","Mali kućanski aparati","Mikseri","2199","Ručni mikseri","Dom & Vrt -> Mali kućanski aparati -> Mikseri -> Ručni mikseri"
"Dom & Vrt","Mali kućanski aparati","Mikseri","2200","Dodaci za kuhinjske aparate","Dom & Vrt -> Mali kućanski aparati -> Mikseri -> Dodaci za kuhinjske aparate"
"Dom & Vrt","Mali kućanski aparati","Mikseri","2626","Kuhinjski roboti i multipraktici","Dom & Vrt -> Mali kućanski aparati -> Mikseri -> Kuhinjski roboti i multipraktici"
"Dom & Vrt","U kuhinji","Kuhinjski pribor","2593","Cjediljke","Dom & Vrt -> U kuhinji -> Kuhinjski pribor -> Cjediljke"
"Dom & Vrt","U kuhinji","Kuhinjski pribor","2594","Daske za rezanje","Dom & Vrt -> U kuhinji -> Kuhinjski pribor -> Daske za rezanje"
"Dom & Vrt","U kuhinji","Kuhinjski pribor","2595","Kuhače","Dom & Vrt -> U kuhinji -> Kuhinjski pribor -> Kuhače"
"Dom & Vrt","U kuhinji","Kuhinjski pribor","2596","Kuhinjske špatule / hvataljke","Dom & Vrt -> U kuhinji -> Kuhinjski pribor -> Kuhinjske špatule / hvataljke"
"Dom & Vrt","U kuhinji","Kuhinjski pribor","2597","Kuhinjske lopatice","Dom & Vrt -> U kuhinji -> Kuhinjski pribor -> Kuhinjske lopatice"
"Dom & Vrt","U kuhinji","Kuhinjski pribor","2598","Kuhinjske metlice","Dom & Vrt -> U kuhinji -> Kuhinjski pribor -> Kuhinjske metlice"
"Dom & Vrt","U kuhinji","Kuhinjski pribor","2599","Kuhinjske lopatice za cijeđenje","Dom & Vrt -> U kuhinji -> Kuhinjski pribor -> Kuhinjske lopatice za cijeđenje"
"Dom & Vrt","U kuhinji","Kuhinjski pribor","2600","Kuhinjske grabilice","Dom & Vrt -> U kuhinji -> Kuhinjski pribor -> Kuhinjske grabilice"
"Dom & Vrt","U kuhinji","Kuhinjski pribor","2601","Kuhinjski noževi","Dom & Vrt -> U kuhinji -> Kuhinjski pribor -> Kuhinjski noževi"
"Dom & Vrt","U kuhinji","Kuhinjski pribor","2602","Kuhinjski termometri","Dom & Vrt -> U kuhinji -> Kuhinjski pribor -> Kuhinjski termometri"
"Dom & Vrt","U kuhinji","Kuhinjski pribor","2603","Mlinci","Dom & Vrt -> U kuhinji -> Kuhinjski pribor -> Mlinci"
"Dom & Vrt","U kuhinji","Kuhinjski pribor","2604","Otvarači i čepovi","Dom & Vrt -> U kuhinji -> Kuhinjski pribor -> Otvarači i čepovi"
"Dom & Vrt","U kuhinji","Kuhinjski pribor","2605","Pribor za kuhanje","Dom & Vrt -> U kuhinji -> Kuhinjski pribor -> Pribor za kuhanje"
"Dom & Vrt","U kuhinji","Kuhinjski pribor","2606","Rezači i strugači","Dom & Vrt -> U kuhinji -> Kuhinjski pribor -> Rezači i strugači"
"Dom & Vrt","U kuhinji","Kuhinjski pribor","2607","Potiskivači","Dom & Vrt -> U kuhinji -> Kuhinjski pribor -> Potiskivači"
"Dom & Vrt","U kuhinji","Kuhinjski pribor","2608","Vrčevi za filtriranje vode i filteri","Dom & Vrt -> U kuhinji -> Kuhinjski pribor -> Vrčevi za filtriranje vode i filteri"
"Dom & Vrt","U kuhinji","Kuhinjske posude","2296","Ekspres lonci","Dom & Vrt -> U kuhinji -> Kuhinjske posude -> Ekspres lonci"
"Dom & Vrt","U kuhinji","Kuhinjske posude","2297","Kompleti kuhinjskog posuđa","Dom & Vrt -> U kuhinji -> Kuhinjske posude -> Kompleti kuhinjskog posuđa"
"Dom & Vrt","U kuhinji","Kuhinjske posude","2298","Lonci i posude","Dom & Vrt -> U kuhinji -> Kuhinjske posude -> Lonci i posude"
"Dom & Vrt","U kuhinji","Kuhinjske posude","2300","Poklopci","Dom & Vrt -> U kuhinji -> Kuhinjske posude -> Poklopci"
"Dom & Vrt","U kuhinji","Kuhinjske posude","2301","Tave i wok tave","Dom & Vrt -> U kuhinji -> Kuhinjske posude -> Tave i wok tave"
"Dom & Vrt","U kuhinji","Kuhinjske posude","2302","Posude za tople napitke","Dom & Vrt -> U kuhinji -> Kuhinjske posude -> Posude za tople napitke"
"Dom & Vrt","U kuhinji","Kuhinjske posude","2299","Pekači","Dom & Vrt -> U kuhinji -> Kuhinjske posude -> Pekači"
"Dom & Vrt","U kuhinji","Stolno posuđe","2303","Pribor za jelo","Dom & Vrt -> U kuhinji -> Stolno posuđe -> Pribor za jelo"
"Dom & Vrt","U kuhinji","Stolno posuđe","2304","Servis za jelo","Dom & Vrt -> U kuhinji -> Stolno posuđe -> Servis za jelo"
"Dom & Vrt","U kuhinji","Stolno posuđe","2305","Čaše","Dom & Vrt -> U kuhinji -> Stolno posuđe -> Čaše"
"Dom & Vrt","U kuhinji","Stolno posuđe","2306","Zdjele za serviranje / posude","Dom & Vrt -> U kuhinji -> Stolno posuđe -> Zdjele za serviranje / posude"
"Dom & Vrt","U kuhinji","Stolno posuđe","2307","Pladnjevi za serviranje / postolja","Dom & Vrt -> U kuhinji -> Stolno posuđe -> Pladnjevi za serviranje / postolja"
"Dom & Vrt","U kuhinji","Stolno posuđe","2308","Šalice","Dom & Vrt -> U kuhinji -> Stolno posuđe -> Šalice"
"Dom & Vrt","U kuhinji","Stolno posuđe","2309","Vrčevi","Dom & Vrt -> U kuhinji -> Stolno posuđe -> Vrčevi"
"Dom & Vrt","U kuhinji","Stolno posuđe","2310","Pribor za serviranje","Dom & Vrt -> U kuhinji -> Stolno posuđe -> Pribor za serviranje"
"Dom & Vrt","U kuhinji","Pohranjivanje i organizacija","2311","Boce za vodu","Dom & Vrt -> U kuhinji -> Pohranjivanje i organizacija -> Boce za vodu"
"Dom & Vrt","U kuhinji","Pohranjivanje i organizacija","2312","Cjedila za posuđe","Dom & Vrt -> U kuhinji -> Pohranjivanje i organizacija -> Cjedila za posuđe"
"Dom & Vrt","U kuhinji","Pohranjivanje i organizacija","2313","Posude / kutije za kruh","Dom & Vrt -> U kuhinji -> Pohranjivanje i organizacija -> Posude / kutije za kruh"
"Dom & Vrt","U kuhinji","Pohranjivanje i organizacija","2314","Posude za skladištenje","Dom & Vrt -> U kuhinji -> Pohranjivanje i organizacija -> Posude za skladištenje"
"Dom & Vrt","U kuhinji","Pohranjivanje i organizacija","2315","Stalci","Dom & Vrt -> U kuhinji -> Pohranjivanje i organizacija -> Stalci"
"Dom & Vrt","U kuhinji","Pohranjivanje i organizacija","2316","Termo posude","Dom & Vrt -> U kuhinji -> Pohranjivanje i organizacija -> Termo posude"
"Dom & Vrt","U kuhinji","Pohranjivanje i organizacija","2317","Termosice","Dom & Vrt -> U kuhinji -> Pohranjivanje i organizacija -> Termosice"
"Dom & Vrt","U kuhinji","Pohranjivanje i organizacija","2318","Odlaganje / konzerviranje","Dom & Vrt -> U kuhinji -> Pohranjivanje i organizacija -> Odlaganje / konzerviranje"
"Dom & Vrt","U kuhinji","Sve za pečenje","2320","Pekači","Dom & Vrt -> U kuhinji -> Sve za pečenje -> Pekači"
"Dom & Vrt","U kuhinji","Sve za pečenje","2319","Kalupi za pečenje / modeli","Dom & Vrt -> U kuhinji -> Sve za pečenje -> Kalupi za pečenje / modeli"
"Dom & Vrt","U kuhinji","Sve za pečenje","2321","Oprema za pečenje","Dom & Vrt -> U kuhinji -> Sve za pečenje -> Oprema za pečenje"
"Dom & Vrt","Grijanje i rashladni uređaji","Uređaji za grijanje","92","Radijatori","Dom & Vrt -> Grijanje i rashladni uređaji -> Uređaji za grijanje -> Radijatori"
"Dom & Vrt","Grijanje i rashladni uređaji","Uređaji za grijanje","94","Grijalice","Dom & Vrt -> Grijanje i rashladni uređaji -> Uređaji za grijanje -> Grijalice"
"Dom & Vrt","Grijanje i rashladni uređaji","Uređaji za grijanje","392","Bojleri","Dom & Vrt -> Grijanje i rashladni uređaji -> Uređaji za grijanje -> Bojleri"
"Dom & Vrt","Grijanje i rashladni uređaji","Uređaji za grijanje","2589","Grijači","Dom & Vrt -> Grijanje i rashladni uređaji -> Uređaji za grijanje -> Grijači"
"Dom & Vrt","Grijanje i rashladni uređaji","Uređaji za grijanje","2590","Infracrvene, kvarcne i halogene grijalice","Dom & Vrt -> Grijanje i rashladni uređaji -> Uređaji za grijanje -> Infracrvene, kvarcne i halogene grijalice"
"Dom & Vrt","Grijanje i rashladni uređaji","Uređaji za grijanje","2591","IR paneli","Dom & Vrt -> Grijanje i rashladni uređaji -> Uređaji za grijanje -> IR paneli"
"Dom & Vrt","Grijanje i rashladni uređaji","Uređaji za grijanje","2592","Konvektori","Dom & Vrt -> Grijanje i rashladni uređaji -> Uređaji za grijanje -> Konvektori"
"Dom & Vrt","Grijanje i rashladni uređaji","Ugodan zrak","91","Klima uređaji","Dom & Vrt -> Grijanje i rashladni uređaji -> Ugodan zrak -> Klima uređaji"
"Dom & Vrt","Grijanje i rashladni uređaji","Ugodan zrak","93","Ventilatori","Dom & Vrt -> Grijanje i rashladni uređaji -> Ugodan zrak -> Ventilatori"
"Dom & Vrt","Grijanje i rashladni uređaji","Ugodan zrak","2210","Difuzori / osvježivači","Dom & Vrt -> Grijanje i rashladni uređaji -> Ugodan zrak -> Difuzori / osvježivači"
"Dom & Vrt","Grijanje i rashladni uređaji","Ugodan zrak","2211","Ionizatori / pročišćivači zraka","Dom & Vrt -> Grijanje i rashladni uređaji -> Ugodan zrak -> Ionizatori / pročišćivači zraka"
"Dom & Vrt","Grijanje i rashladni uređaji","Ugodan zrak","2212","Odvlaživači","Dom & Vrt -> Grijanje i rashladni uređaji -> Ugodan zrak -> Odvlaživači"
"Dom & Vrt","Grijanje i rashladni uređaji","Ugodan zrak","2213","Rekuperatori","Dom & Vrt -> Grijanje i rashladni uređaji -> Ugodan zrak -> Rekuperatori"
"Dom & Vrt","Grijanje i rashladni uređaji","Ugodan zrak","2214","Ovlaživači","Dom & Vrt -> Grijanje i rashladni uređaji -> Ugodan zrak -> Ovlaživači"
"Dom & Vrt","Grijanje i rashladni uređaji","Toplinske pumpe","2215","Toplinske pumpe za grijanje","Dom & Vrt -> Grijanje i rashladni uređaji -> Toplinske pumpe -> Toplinske pumpe za grijanje"
"Dom & Vrt","Grijanje i rashladni uređaji","Toplinske pumpe","2216","Toplinske pumpe za sanitarnu vodu","Dom & Vrt -> Grijanje i rashladni uređaji -> Toplinske pumpe -> Toplinske pumpe za sanitarnu vodu"
"Dom & Vrt","Grijanje i rashladni uređaji","Peći, kamini i kotlovi","391","Kotlovi","Dom & Vrt -> Grijanje i rashladni uređaji -> Peći, kamini i kotlovi -> Kotlovi"
"Dom & Vrt","Grijanje i rashladni uređaji","Peći, kamini i kotlovi","2217","Kamini","Dom & Vrt -> Grijanje i rashladni uređaji -> Peći, kamini i kotlovi -> Kamini"
"Dom & Vrt","Grijanje i rashladni uređaji","Peći, kamini i kotlovi","2218","Oprema za kamine / peći","Dom & Vrt -> Grijanje i rashladni uređaji -> Peći, kamini i kotlovi -> Oprema za kamine / peći"
"Dom & Vrt","Grijanje i rashladni uređaji","Peći, kamini i kotlovi","2219","Peći","Dom & Vrt -> Grijanje i rashladni uređaji -> Peći, kamini i kotlovi -> Peći"
"Dom & Vrt","Grijanje i rashladni uređaji","Peći, kamini i kotlovi","2220","Dodaci za aparate za grijanje","Dom & Vrt -> Grijanje i rashladni uređaji -> Peći, kamini i kotlovi -> Dodaci za aparate za grijanje"
"Dom & Vrt","Namještaj","Dnevne sobe","2384","Regali za dnevne sobe","Dom & Vrt -> Namještaj -> Dnevne sobe -> Regali za dnevne sobe"
"Dom & Vrt","Namještaj","Dnevne sobe","2385","Dvosjedi / trosjedi","Dom & Vrt -> Namještaj -> Dnevne sobe -> Dvosjedi / trosjedi"
"Dom & Vrt","Namještaj","Dnevne sobe","2386","Fotelje / stolice za odmor / ljuljačke","Dom & Vrt -> Namještaj -> Dnevne sobe -> Fotelje / stolice za odmor / ljuljačke"
"Dom & Vrt","Namještaj","Dnevne sobe","2387","Klub stolići","Dom & Vrt -> Namještaj -> Dnevne sobe -> Klub stolići"
"Dom & Vrt","Namještaj","Dnevne sobe","2388","Sjedeće garniture","Dom & Vrt -> Namještaj -> Dnevne sobe -> Sjedeće garniture"
"Dom & Vrt","Namještaj","Dnevne sobe","2389","Taburei i vreće za sjedenje","Dom & Vrt -> Namještaj -> Dnevne sobe -> Taburei i vreće za sjedenje"
"Dom & Vrt","Namještaj","Dnevne sobe","2390","TV elementi","Dom & Vrt -> Namještaj -> Dnevne sobe -> TV elementi"
"Dom & Vrt","Namještaj","Kuhinje","2391","Kuhinjski sudoperi","Dom & Vrt -> Namještaj -> Kuhinje -> Kuhinjski sudoperi"
"Dom & Vrt","Namještaj","Kuhinje","2392","Kuhinjske slavine","Dom & Vrt -> Namještaj -> Kuhinje -> Kuhinjske slavine"
"Dom & Vrt","Namještaj","Kuhinje","2393","Kuhinjski elementi","Dom & Vrt -> Namještaj -> Kuhinje -> Kuhinjski elementi"
"Dom & Vrt","Namještaj","Kuhinje","2394","Kuhinjski blokovi","Dom & Vrt -> Namještaj -> Kuhinje -> Kuhinjski blokovi"
"Dom & Vrt","Namještaj","Blagovaonica","2395","Barske stolice i stolovi","Dom & Vrt -> Namještaj -> Blagovaonica -> Barske stolice i stolovi"
"Dom & Vrt","Namještaj","Blagovaonica","2396","Blagovaonski namještaj","Dom & Vrt -> Namještaj -> Blagovaonica -> Blagovaonski namještaj"
"Dom & Vrt","Namještaj","Blagovaonica","2397","Blagovaonski stolovi","Dom & Vrt -> Namještaj -> Blagovaonica -> Blagovaonski stolovi"
"Dom & Vrt","Namještaj","Blagovaonica","2398","Blagovaonske stolice","Dom & Vrt -> Namještaj -> Blagovaonica -> Blagovaonske stolice"
"Dom & Vrt","Namještaj","Spavaće sobe","2399","Ormari","Dom & Vrt -> Namještaj -> Spavaće sobe -> Ormari"
"Dom & Vrt","Namještaj","Spavaće sobe","2400","Podnice","Dom & Vrt -> Namještaj -> Spavaće sobe -> Podnice"
"Dom & Vrt","Namještaj","Spavaće sobe","2401","Madraci","Dom & Vrt -> Namještaj -> Spavaće sobe -> Madraci"
"Dom & Vrt","Namještaj","Spavaće sobe","2402","Nadmadraci","Dom & Vrt -> Namještaj -> Spavaće sobe -> Nadmadraci"
"Dom & Vrt","Namještaj","Spavaće sobe","2403","Noćni ormarići","Dom & Vrt -> Namještaj -> Spavaće sobe -> Noćni ormarići"
"Dom & Vrt","Namještaj","Spavaće sobe","2404","Kreveti","Dom & Vrt -> Namještaj -> Spavaće sobe -> Kreveti"
"Dom & Vrt","Namještaj","Spavaće sobe","2405","Spavaće sobe","Dom & Vrt -> Namještaj -> Spavaće sobe -> Spavaće sobe"
"Dom & Vrt","Namještaj","Spavaće sobe","2406","Dodaci za spavaće sobe","Dom & Vrt -> Namještaj -> Spavaće sobe -> Dodaci za spavaće sobe"
"Dom & Vrt","Namještaj","Dječje sobe","2407","Dječji ormari","Dom & Vrt -> Namještaj -> Dječje sobe -> Dječji ormari"
"Dom & Vrt","Namještaj","Dječje sobe","2408","Noćni ormarići za dječje sobe","Dom & Vrt -> Namještaj -> Dječje sobe -> Noćni ormarići za dječje sobe"
"Dom & Vrt","Namještaj","Dječje sobe","2409","Dječji pisaći stolovi","Dom & Vrt -> Namještaj -> Dječje sobe -> Dječji pisaći stolovi"
"Dom & Vrt","Namještaj","Dječje sobe","2410","Dječje stolice i vreće za sjedenje","Dom & Vrt -> Namještaj -> Dječje sobe -> Dječje stolice i vreće za sjedenje"
"Dom & Vrt","Namještaj","Dječje sobe","2411","Dječji kreveti","Dom & Vrt -> Namještaj -> Dječje sobe -> Dječji kreveti"
"Dom & Vrt","Namještaj","Dječje sobe","2412","Kompleti za dječju sobu","Dom & Vrt -> Namještaj -> Dječje sobe -> Kompleti za dječju sobu"
"Dom & Vrt","Namještaj","Dječje sobe","2413","Dodaci za dječje sobe","Dom & Vrt -> Namještaj -> Dječje sobe -> Dodaci za dječje sobe"
"Dom & Vrt","Namještaj","Predsoblje i hodnici","2414","Kompleti ormara / sastavi","Dom & Vrt -> Namještaj -> Predsoblje i hodnici -> Kompleti ormara / sastavi"
"Dom & Vrt","Namještaj","Predsoblje i hodnici","2415","Police i vješalice za ormare","Dom & Vrt -> Namještaj -> Predsoblje i hodnici -> Police i vješalice za ormare"
"Dom & Vrt","Namještaj","Predsoblje i hodnici","2416","Klupe za predsoblja","Dom & Vrt -> Namještaj -> Predsoblje i hodnici -> Klupe za predsoblja"
"Dom & Vrt","Namještaj","Predsoblje i hodnici","2417","Ormari / police za cipele","Dom & Vrt -> Namještaj -> Predsoblje i hodnici -> Ormari / police za cipele"
"Dom & Vrt","Namještaj","Kupaonice","2418","Kupaonska galanterija","Dom & Vrt -> Namještaj -> Kupaonice -> Kupaonska galanterija"
"Dom & Vrt","Namještaj","Kupaonice","2419","Kupaonske slavine","Dom & Vrt -> Namještaj -> Kupaonice -> Kupaonske slavine"
"Dom & Vrt","Namještaj","Kupaonice","2420","Kupaonski ormarići","Dom & Vrt -> Namještaj -> Kupaonice -> Kupaonski ormarići"
"Dom & Vrt","Namještaj","Kupaonice","2421","Kupaonski kompleti","Dom & Vrt -> Namještaj -> Kupaonice -> Kupaonski kompleti"
"Dom & Vrt","Namještaj","Kupaonice","2422","Saune","Dom & Vrt -> Namještaj -> Kupaonice -> Saune"
"Dom & Vrt","Namještaj","Komadni namještaj","376","Dodaci za namještaj","Dom & Vrt -> Namještaj -> Komadni namještaj -> Dodaci za namještaj"
"Dom & Vrt","Namještaj","Komadni namještaj","2423","Komode i ladičari","Dom & Vrt -> Namještaj -> Komadni namještaj -> Komode i ladičari"
"Dom & Vrt","Namještaj","Komadni namještaj","2424","Vješalice / nosači","Dom & Vrt -> Namještaj -> Komadni namještaj -> Vješalice / nosači"
"Dom & Vrt","Namještaj","Komadni namještaj","2425","Ogledala","Dom & Vrt -> Namještaj -> Komadni namještaj -> Ogledala"
"Dom & Vrt","Namještaj","Komadni namještaj","2426","Police","Dom & Vrt -> Namještaj -> Komadni namještaj -> Police"
"Dom & Vrt","Namještaj","Komadni namještaj","2427","Poličari i regali","Dom & Vrt -> Namještaj -> Komadni namještaj -> Poličari i regali"
"Dom & Vrt","Namještaj","Komadni namještaj","2428","Držači za kišobrane","Dom & Vrt -> Namještaj -> Komadni namještaj -> Držači za kišobrane"
"Dom & Vrt","Namještaj","Komadni namještaj","2429","Vitrine","Dom & Vrt -> Namještaj -> Komadni namještaj -> Vitrine"
"Dom & Vrt","Namještaj","Vrtni namještaj","2430","Sjenice / paviljoni","Dom & Vrt -> Namještaj -> Vrtni namještaj -> Sjenice / paviljoni"
"Dom & Vrt","Namještaj","Vrtni namještaj","2431","Tende, nadstrešnice i pergole","Dom & Vrt -> Namještaj -> Vrtni namještaj -> Tende, nadstrešnice i pergole"
"Dom & Vrt","Namještaj","Vrtni namještaj","2432","Vrtne garniture","Dom & Vrt -> Namještaj -> Vrtni namještaj -> Vrtne garniture"
"Dom & Vrt","Namještaj","Vrtni namještaj","2433","Vrtne ljuljačke","Dom & Vrt -> Namještaj -> Vrtni namještaj -> Vrtne ljuljačke"
"Dom & Vrt","Namještaj","Vrtni namještaj","2434","Vrtne klupe","Dom & Vrt -> Namještaj -> Vrtni namještaj -> Vrtne klupe"
"Dom & Vrt","Namještaj","Vrtni namještaj","2435","Vrtni stolovi","Dom & Vrt -> Namještaj -> Vrtni namještaj -> Vrtni stolovi"
"Dom & Vrt","Namještaj","Vrtni namještaj","2436","Vrtne ležaljke","Dom & Vrt -> Namještaj -> Vrtni namještaj -> Vrtne ležaljke"
"Dom & Vrt","Namještaj","Vrtni namještaj","2437","Vrtne stolice","Dom & Vrt -> Namještaj -> Vrtni namještaj -> Vrtne stolice"
"Dom & Vrt","Namještaj","Vrtni namještaj","2438","Dodatna oprema za vrtni namještaj","Dom & Vrt -> Namještaj -> Vrtni namještaj -> Dodatna oprema za vrtni namještaj"
"Dom & Vrt","Oprema za dom","Čišćenje","2221","Čišćenje","Dom & Vrt -> Oprema za dom -> Čišćenje -> Čišćenje"
"Dom & Vrt","Oprema za dom","Čišćenje","2222","Čistač prozora","Dom & Vrt -> Oprema za dom -> Čišćenje -> Čistač prozora"
"Dom & Vrt","Oprema za dom","Čišćenje","2223","Čišćenje podova","Dom & Vrt -> Oprema za dom -> Čišćenje -> Čišćenje podova"
"Dom & Vrt","Oprema za dom","Čišćenje","2224","Deterdženti","Dom & Vrt -> Oprema za dom -> Čišćenje -> Deterdženti"
"Dom & Vrt","Oprema za dom","Čišćenje","2225","Krpe i spužve","Dom & Vrt -> Oprema za dom -> Čišćenje -> Krpe i spužve"
"Dom & Vrt","Oprema za dom","Čišćenje","2226","Parni čistači","Dom & Vrt -> Oprema za dom -> Čišćenje -> Parni čistači"
"Dom & Vrt","Oprema za dom","Čišćenje","2227","Potrošni materijal i dodaci za cišcenje","Dom & Vrt -> Oprema za dom -> Čišćenje -> Potrošni materijal i dodaci za cišcenje"
"Dom & Vrt","Oprema za dom","Čišćenje","2228","Kante i plastične posude","Dom & Vrt -> Oprema za dom -> Čišćenje -> Kante i plastične posude"
"Dom & Vrt","Oprema za dom","Organizacija i skladištenje","2229","Košare za spremanje stvari","Dom & Vrt -> Oprema za dom -> Organizacija i skladištenje -> Košare za spremanje stvari"
"Dom & Vrt","Oprema za dom","Organizacija i skladištenje","2230","Košare za rublje","Dom & Vrt -> Oprema za dom -> Organizacija i skladištenje -> Košare za rublje"
"Dom & Vrt","Oprema za dom","Organizacija i skladištenje","2231","Koševi za smeće","Dom & Vrt -> Oprema za dom -> Organizacija i skladištenje -> Koševi za smeće"
"Dom & Vrt","Oprema za dom","Organizacija i skladištenje","2232","Sušila i dodaci","Dom & Vrt -> Oprema za dom -> Organizacija i skladištenje -> Sušila i dodaci"
"Dom & Vrt","Oprema za dom","Organizacija i skladištenje","2233","Kutije za skladištenje","Dom & Vrt -> Oprema za dom -> Organizacija i skladištenje -> Kutije za skladištenje"
"Dom & Vrt","Oprema za dom","Tekstil za kućanstvo","2234","Ručnici","Dom & Vrt -> Oprema za dom -> Tekstil za kućanstvo -> Ručnici"
"Dom & Vrt","Oprema za dom","Tekstil za kućanstvo","2235","Ukrasni jastuci","Dom & Vrt -> Oprema za dom -> Tekstil za kućanstvo -> Ukrasni jastuci"
"Dom & Vrt","Oprema za dom","Tekstil za kućanstvo","2236","Pregače","Dom & Vrt -> Oprema za dom -> Tekstil za kućanstvo -> Pregače"
"Dom & Vrt","Oprema za dom","Tekstil za kućanstvo","2237","Otirači","Dom & Vrt -> Oprema za dom -> Tekstil za kućanstvo -> Otirači"
"Dom & Vrt","Oprema za dom","Tekstil za kućanstvo","2238","Prekrivači i presvlake za namještaj","Dom & Vrt -> Oprema za dom -> Tekstil za kućanstvo -> Prekrivači i presvlake za namještaj"
"Dom & Vrt","Oprema za dom","Tekstil za kućanstvo","2239","Tepisi","Dom & Vrt -> Oprema za dom -> Tekstil za kućanstvo -> Tepisi"
"Dom & Vrt","Oprema za dom","Tekstil za kućanstvo","2240","Stolnjaci i nadstolnjaci","Dom & Vrt -> Oprema za dom -> Tekstil za kućanstvo -> Stolnjaci i nadstolnjaci"
"Dom & Vrt","Oprema za dom","Tekstil za kućanstvo","2241","Zavjese, rolete i karniše","Dom & Vrt -> Oprema za dom -> Tekstil za kućanstvo -> Zavjese, rolete i karniše"
"Dom & Vrt","Oprema za dom","Posteljina","2242","Pokrivači","Dom & Vrt -> Oprema za dom -> Posteljina -> Pokrivači"
"Dom & Vrt","Oprema za dom","Posteljina","2243","Popluni","Dom & Vrt -> Oprema za dom -> Posteljina -> Popluni"
"Dom & Vrt","Oprema za dom","Posteljina","2244","Jastučnice","Dom & Vrt -> Oprema za dom -> Posteljina -> Jastučnice"
"Dom & Vrt","Oprema za dom","Posteljina","2245","Plahte","Dom & Vrt -> Oprema za dom -> Posteljina -> Plahte"
"Dom & Vrt","Oprema za dom","Posteljina","2246","Set posteljine","Dom & Vrt -> Oprema za dom -> Posteljina -> Set posteljine"
"Dom & Vrt","Oprema za dom","Posteljina","2247","Jastuci","Dom & Vrt -> Oprema za dom -> Posteljina -> Jastuci"
"Dom & Vrt","Oprema za dom","Posteljina","2248","Zaštitne plahte","Dom & Vrt -> Oprema za dom -> Posteljina -> Zaštitne plahte"
"Dom & Vrt","Oprema za dom","Rasvjeta","379","Žarulje","Dom & Vrt -> Oprema za dom -> Rasvjeta -> Žarulje"
"Dom & Vrt","Oprema za dom","Rasvjeta","2249","LED trake","Dom & Vrt -> Oprema za dom -> Rasvjeta -> LED trake"
"Dom & Vrt","Oprema za dom","Rasvjeta","2250","Stolne lampe","Dom & Vrt -> Oprema za dom -> Rasvjeta -> Stolne lampe"
"Dom & Vrt","Oprema za dom","Rasvjeta","2251","Zidne lampe","Dom & Vrt -> Oprema za dom -> Rasvjeta -> Zidne lampe"
"Dom & Vrt","Oprema za dom","Rasvjeta","2252","Stropne lampe","Dom & Vrt -> Oprema za dom -> Rasvjeta -> Stropne lampe"
"Dom & Vrt","Oprema za dom","Rasvjeta","2253","Podne lampe","Dom & Vrt -> Oprema za dom -> Rasvjeta -> Podne lampe"
"Dom & Vrt","Oprema za dom","Rasvjeta","2254","Viseće lampe","Dom & Vrt -> Oprema za dom -> Rasvjeta -> Viseće lampe"
"Dom & Vrt","Oprema za dom","Rasvjeta","2255","Vanjska rasvjeta","Dom & Vrt -> Oprema za dom -> Rasvjeta -> Vanjska rasvjeta"
"Dom & Vrt","Oprema za dom","Rasvjeta","2256","Dodaci za rasvjetu","Dom & Vrt -> Oprema za dom -> Rasvjeta -> Dodaci za rasvjetu"
"Dom & Vrt","Oprema za dom","Rasvjeta","2632","Senzori za svijetla","Dom & Vrt -> Oprema za dom -> Rasvjeta -> Senzori za svijetla"
"Dom & Vrt","Oprema za dom","Dekorativni program","454","Naljepnice za zid","Dom & Vrt -> Oprema za dom -> Dekorativni program -> Naljepnice za zid"
"Dom & Vrt","Oprema za dom","Dekorativni program","2257","Ukrasne figure","Dom & Vrt -> Oprema za dom -> Dekorativni program -> Ukrasne figure"
"Dom & Vrt","Oprema za dom","Dekorativni program","2258","Dekorativne naljepnice","Dom & Vrt -> Oprema za dom -> Dekorativni program -> Dekorativne naljepnice"
"Dom & Vrt","Oprema za dom","Dekorativni program","2259","Foto albumi","Dom & Vrt -> Oprema za dom -> Dekorativni program -> Foto albumi"
"Dom & Vrt","Oprema za dom","Dekorativni program","2260","Ukrasne zdjele i vaze","Dom & Vrt -> Oprema za dom -> Dekorativni program -> Ukrasne zdjele i vaze"
"Dom & Vrt","Oprema za dom","Dekorativni program","2261","Ukrasne ploče i natpisi","Dom & Vrt -> Oprema za dom -> Dekorativni program -> Ukrasne ploče i natpisi"
"Dom & Vrt","Oprema za dom","Dekorativni program","2262","Okviri za slike","Dom & Vrt -> Oprema za dom -> Dekorativni program -> Okviri za slike"
"Dom & Vrt","Oprema za dom","Dekorativni program","2263","Osvježivači prostora","Dom & Vrt -> Oprema za dom -> Dekorativni program -> Osvježivači prostora"
"Dom & Vrt","Oprema za dom","Dekorativni program","2264","Posteri","Dom & Vrt -> Oprema za dom -> Dekorativni program -> Posteri"
"Dom & Vrt","Oprema za dom","Dekorativni program","2265","Slike","Dom & Vrt -> Oprema za dom -> Dekorativni program -> Slike"
"Dom & Vrt","Oprema za dom","Dekorativni program","2266","Svijeće","Dom & Vrt -> Oprema za dom -> Dekorativni program -> Svijeće"
"Dom & Vrt","Oprema za dom","Dekorativni program","2267","Svijećnjaci","Dom & Vrt -> Oprema za dom -> Dekorativni program -> Svijećnjaci"
"Dom & Vrt","Oprema za dom","Dekorativni program","2268","Umjetne biljke","Dom & Vrt -> Oprema za dom -> Dekorativni program -> Umjetne biljke"
"Dom & Vrt","Oprema za dom","Dekorativni program","2269","Ostala dekoracija","Dom & Vrt -> Oprema za dom -> Dekorativni program -> Ostala dekoracija"
"Dom & Vrt","Oprema za dom","Pokloni i ambalaža za poklone","2270","Ukrasne poklon kutije i vrećice","Dom & Vrt -> Oprema za dom -> Pokloni i ambalaža za poklone -> Ukrasne poklon kutije i vrećice"
"Dom & Vrt","Oprema za dom","Pokloni i ambalaža za poklone","2271","Pribor za umatanje","Dom & Vrt -> Oprema za dom -> Pokloni i ambalaža za poklone -> Pribor za umatanje"
"Dom & Vrt","Oprema za dom","Pokloni i ambalaža za poklone","2272","Kasice","Dom & Vrt -> Oprema za dom -> Pokloni i ambalaža za poklone -> Kasice"
"Dom & Vrt","Oprema za dom","Pokloni i ambalaža za poklone","2273","Privjesci za ključeve","Dom & Vrt -> Oprema za dom -> Pokloni i ambalaža za poklone -> Privjesci za ključeve"
"Dom & Vrt","Oprema za dom","Pokloni i ambalaža za poklone","2274","Pepeljare","Dom & Vrt -> Oprema za dom -> Pokloni i ambalaža za poklone -> Pepeljare"
"Dom & Vrt","Oprema za dom","Pokloni i ambalaža za poklone","2275","Upaljači","Dom & Vrt -> Oprema za dom -> Pokloni i ambalaža za poklone -> Upaljači"
"Dom & Vrt","Oprema za dom","Pokloni i ambalaža za poklone","2276","Zabavne igre i pokloni","Dom & Vrt -> Oprema za dom -> Pokloni i ambalaža za poklone -> Zabavne igre i pokloni"
"Dom & Vrt","Oprema za dom","Tematski ukrasi","2277","Božićna i novogodišnja dekoracija","Dom & Vrt -> Oprema za dom -> Tematski ukrasi -> Božićna i novogodišnja dekoracija"
"Dom & Vrt","Oprema za dom","Tematski ukrasi","2278","Božićni i novogodišnji ukrasi","Dom & Vrt -> Oprema za dom -> Tematski ukrasi -> Božićni i novogodišnji ukrasi"
"Dom & Vrt","Oprema za dom","Tematski ukrasi","2279","Božićna drvca","Dom & Vrt -> Oprema za dom -> Tematski ukrasi -> Božićna drvca"
"Dom & Vrt","Oprema za dom","Tematski ukrasi","2280","Božićne lampice","Dom & Vrt -> Oprema za dom -> Tematski ukrasi -> Božićne lampice"
"Dom & Vrt","Oprema za dom","Tematski ukrasi","2281","Sve za proslave","Dom & Vrt -> Oprema za dom -> Tematski ukrasi -> Sve za proslave"
"Dom & Vrt","Oprema za dom","Tematski ukrasi","2282","Grobni vijenci i aranžmani","Dom & Vrt -> Oprema za dom -> Tematski ukrasi -> Grobni vijenci i aranžmani"
"Dom & Vrt","Oprema za dom","Satovi i meteorološke stanice","382","Meteorološke stanice","Dom & Vrt -> Oprema za dom -> Satovi i meteorološke stanice -> Meteorološke stanice"
"Dom & Vrt","Oprema za dom","Satovi i meteorološke stanice","390","Radio budilice","Dom & Vrt -> Oprema za dom -> Satovi i meteorološke stanice -> Radio budilice"
"Dom & Vrt","Oprema za dom","Satovi i meteorološke stanice","2283","Kućni termometri","Dom & Vrt -> Oprema za dom -> Satovi i meteorološke stanice -> Kućni termometri"
"Dom & Vrt","Oprema za dom","Satovi i meteorološke stanice","2284","Zidni i stojeći satovi","Dom & Vrt -> Oprema za dom -> Satovi i meteorološke stanice -> Zidni i stojeći satovi"
"Dom & Vrt","Oprema za dom","Sigurnost i nadzor","2285","Alarmni uređaji","Dom & Vrt -> Oprema za dom -> Sigurnost i nadzor -> Alarmni uređaji"
"Dom & Vrt","Oprema za dom","Sigurnost i nadzor","2286","Detektori ugljičnog monoksida","Dom & Vrt -> Oprema za dom -> Sigurnost i nadzor -> Detektori ugljičnog monoksida"
"Dom & Vrt","Oprema za dom","Sigurnost i nadzor","2287","Interfoni","Dom & Vrt -> Oprema za dom -> Sigurnost i nadzor -> Interfoni"
"Dom & Vrt","Oprema za dom","Sigurnost i nadzor","2288","Nadzorne (IP) kamere","Dom & Vrt -> Oprema za dom -> Sigurnost i nadzor -> Nadzorne (IP) kamere"
"Dom & Vrt","Oprema za dom","Sigurnost i nadzor","2289","Pametne instalacije","Dom & Vrt -> Oprema za dom -> Sigurnost i nadzor -> Pametne instalacije"
"Dom & Vrt","Oprema za dom","Sigurnost i nadzor","2290","Razni dodaci za sigurnost","Dom & Vrt -> Oprema za dom -> Sigurnost i nadzor -> Razni dodaci za sigurnost"
"Dom & Vrt","Oprema za dom","Sigurnost i nadzor","2291","Sefovi / trezori","Dom & Vrt -> Oprema za dom -> Sigurnost i nadzor -> Sefovi / trezori"
"Dom & Vrt","Oprema za dom","Sigurnost i nadzor","2292","Senzori","Dom & Vrt -> Oprema za dom -> Sigurnost i nadzor -> Senzori"
"Dom & Vrt","Oprema za dom","Sigurnost i nadzor","2293","Kompleti za video-nadzor","Dom & Vrt -> Oprema za dom -> Sigurnost i nadzor -> Kompleti za video-nadzor"
"Dom & Vrt","Oprema za dom","Sigurnost i nadzor","2294","Zaštita za vrata i prozore","Dom & Vrt -> Oprema za dom -> Sigurnost i nadzor -> Zaštita za vrata i prozore"
"Dom & Vrt","Oprema za dom","Sigurnost i nadzor","2295","Kućna zvona","Dom & Vrt -> Oprema za dom -> Sigurnost i nadzor -> Kućna zvona"
"Dom & Vrt","Oprema za dom","Sigurnost i nadzor","2633","Brave","Dom & Vrt -> Oprema za dom -> Sigurnost i nadzor -> Brave"
"Dom & Vrt","Vrt i okućnica","Uređaji za vrt i okućnicu","388","Kosilice","Dom & Vrt -> Vrt i okućnica -> Uređaji za vrt i okućnicu -> Kosilice"
"Dom & Vrt","Vrt i okućnica","Uređaji za vrt i okućnicu","662","Visokotlačni čistači","Dom & Vrt -> Vrt i okućnica -> Uređaji za vrt i okućnicu -> Visokotlačni čistači"
"Dom & Vrt","Vrt i okućnica","Uređaji za vrt i okućnicu","664","Pumpe za vodu","Dom & Vrt -> Vrt i okućnica -> Uređaji za vrt i okućnicu -> Pumpe za vodu"
"Dom & Vrt","Vrt i okućnica","Uređaji za vrt i okućnicu","2609","Cjepači drva","Dom & Vrt -> Vrt i okućnica -> Uređaji za vrt i okućnicu -> Cjepači drva"
"Dom & Vrt","Vrt i okućnica","Uređaji za vrt i okućnicu","2610","Drobilice","Dom & Vrt -> Vrt i okućnica -> Uređaji za vrt i okućnicu -> Drobilice"
"Dom & Vrt","Vrt i okućnica","Uređaji za vrt i okućnicu","2611","Električne škare","Dom & Vrt -> Vrt i okućnica -> Uređaji za vrt i okućnicu -> Električne škare"
"Dom & Vrt","Vrt i okućnica","Uređaji za vrt i okućnicu","2612","Prozračivači trave / vertikulatori","Dom & Vrt -> Vrt i okućnica -> Uređaji za vrt i okućnicu -> Prozračivači trave / vertikulatori"
"Dom & Vrt","Vrt i okućnica","Uređaji za vrt i okućnicu","2613","Motorne pile","Dom & Vrt -> Vrt i okućnica -> Uređaji za vrt i okućnicu -> Motorne pile"
"Dom & Vrt","Vrt i okućnica","Uređaji za vrt i okućnicu","2614","Kopači / motokultivatori","Dom & Vrt -> Vrt i okućnica -> Uređaji za vrt i okućnicu -> Kopači / motokultivatori"
"Dom & Vrt","Vrt i okućnica","Uređaji za vrt i okućnicu","2615","Puhači / usisavači","Dom & Vrt -> Vrt i okućnica -> Uređaji za vrt i okućnicu -> Puhači / usisavači"
"Dom & Vrt","Vrt i okućnica","Uređaji za vrt i okućnicu","2616","Freze za snijeg","Dom & Vrt -> Vrt i okućnica -> Uređaji za vrt i okućnicu -> Freze za snijeg"
"Dom & Vrt","Vrt i okućnica","U vrtu","2158","Povrće","Dom & Vrt -> Vrt i okućnica -> U vrtu -> Povrće"
"Dom & Vrt","Vrt i okućnica","U vrtu","2159","Cvijeće i biljke","Dom & Vrt -> Vrt i okućnica -> U vrtu -> Cvijeće i biljke"
"Dom & Vrt","Vrt i okućnica","U vrtu","2160","Biljke, začini, ljekovito bilje","Dom & Vrt -> Vrt i okućnica -> U vrtu -> Biljke, začini, ljekovito bilje"
"Dom & Vrt","Vrt i okućnica","U vrtu","2161","Trave","Dom & Vrt -> Vrt i okućnica -> U vrtu -> Trave"
"Dom & Vrt","Vrt i okućnica","U vrtu","2162","Gnojiva","Dom & Vrt -> Vrt i okućnica -> U vrtu -> Gnojiva"
"Dom & Vrt","Vrt i okućnica","U vrtu","2163","Zemlja / kora","Dom & Vrt -> Vrt i okućnica -> U vrtu -> Zemlja / kora"
"Dom & Vrt","Vrt i okućnica","U vrtu","2164","Ostale biljke, sjeme i presadnice","Dom & Vrt -> Vrt i okućnica -> U vrtu -> Ostale biljke, sjeme i presadnice"
"Dom & Vrt","Vrt i okućnica","U vrtu","2165","Plastenici, staklenici i zaštite","Dom & Vrt -> Vrt i okućnica -> U vrtu -> Plastenici, staklenici i zaštite"
"Dom & Vrt","Vrt i okućnica","U vrtu","2166","Zalijevanje","Dom & Vrt -> Vrt i okućnica -> U vrtu -> Zalijevanje"
"Dom & Vrt","Vrt i okućnica","U vrtu","2629","Ukrasno drveće","Dom & Vrt -> Vrt i okućnica -> U vrtu -> Ukrasno drveće"
"Dom & Vrt","Vrt i okućnica","U vrtu","2630","Ukrasno grmlje","Dom & Vrt -> Vrt i okućnica -> U vrtu -> Ukrasno grmlje"
"Dom & Vrt","Vrt i okućnica","Uređivanje okućnice","2167","Cvjetna galanterija","Dom & Vrt -> Vrt i okućnica -> Uređivanje okućnice -> Cvjetna galanterija"
"Dom & Vrt","Vrt i okućnica","Uređivanje okućnice","2168","Vrtna galanterija","Dom & Vrt -> Vrt i okućnica -> Uređivanje okućnice -> Vrtna galanterija"
"Dom & Vrt","Vrt i okućnica","Uređivanje okućnice","2169","Zaštita od insekata i nametnika","Dom & Vrt -> Vrt i okućnica -> Uređivanje okućnice -> Zaštita od insekata i nametnika"
"Dom & Vrt","Vrt i okućnica","Uređivanje okućnice","2170","Ograde","Dom & Vrt -> Vrt i okućnica -> Uređivanje okućnice -> Ograde"
"Dom & Vrt","Vrt i okućnica","Alati za vrt i okućnicu","2370","Grablje","Dom & Vrt -> Vrt i okućnica -> Alati za vrt i okućnicu -> Grablje"
"Dom & Vrt","Vrt i okućnica","Alati za vrt i okućnicu","2371","Krampovi","Dom & Vrt -> Vrt i okućnica -> Alati za vrt i okućnicu -> Krampovi"
"Dom & Vrt","Vrt i okućnica","Alati za vrt i okućnicu","2372","Lopate","Dom & Vrt -> Vrt i okućnica -> Alati za vrt i okućnicu -> Lopate"
"Dom & Vrt","Vrt i okućnica","Alati za vrt i okućnicu","2373","Motike","Dom & Vrt -> Vrt i okućnica -> Alati za vrt i okućnicu -> Motike"
"Dom & Vrt","Vrt i okućnica","Alati za vrt i okućnicu","2374","Ručne škare","Dom & Vrt -> Vrt i okućnica -> Alati za vrt i okućnicu -> Ručne škare"
"Dom & Vrt","Vrt i okućnica","Alati za vrt i okućnicu","2376","Sjekire","Dom & Vrt -> Vrt i okućnica -> Alati za vrt i okućnicu -> Sjekire"
"Dom & Vrt","Vrt i okućnica","Alati za vrt i okućnicu","2377","Vile","Dom & Vrt -> Vrt i okućnica -> Alati za vrt i okućnicu -> Vile"
"Dom & Vrt","Vrt i okućnica","Alati za vrt i okućnicu","2378","Ostali vrtni alat","Dom & Vrt -> Vrt i okućnica -> Alati za vrt i okućnicu -> Ostali vrtni alat"
"Dom & Vrt","Vrt i okućnica","Bazeni i oprema","2379","Pumpe i filteri za bazene","Dom & Vrt -> Vrt i okućnica -> Bazeni i oprema -> Pumpe i filteri za bazene"
"Dom & Vrt","Vrt i okućnica","Bazeni i oprema","2380","Čišćenje bazena","Dom & Vrt -> Vrt i okućnica -> Bazeni i oprema -> Čišćenje bazena"
"Dom & Vrt","Vrt i okućnica","Bazeni i oprema","2381","Oprema i pribor za bazene","Dom & Vrt -> Vrt i okućnica -> Bazeni i oprema -> Oprema i pribor za bazene"
"Dom & Vrt","Vrt i okućnica","Bazeni i oprema","2382","Održavanje vode","Dom & Vrt -> Vrt i okućnica -> Bazeni i oprema -> Održavanje vode"
"Dom & Vrt","Vrt i okućnica","Bazeni i oprema","2383","Zabava u bazenu","Dom & Vrt -> Vrt i okućnica -> Bazeni i oprema -> Zabava u bazenu"
"Dom & Vrt","Vrt i okućnica","Bazeni i oprema","2627","Bazeni","Dom & Vrt -> Vrt i okućnica -> Bazeni i oprema -> Bazeni"
"Dom & Vrt","Vrt i okućnica","Bazeni i oprema","2628","Gradnja bazena","Dom & Vrt -> Vrt i okućnica -> Bazeni i oprema -> Gradnja bazena"
"Dom & Vrt","Alati i strojevi","Strojevi i uređaji","663","Agregati / Generatori","Dom & Vrt -> Alati i strojevi -> Strojevi i uređaji -> Agregati / Generatori"
"Dom & Vrt","Alati i strojevi","Strojevi i uređaji","2617","Građevinski strojevi","Dom & Vrt -> Alati i strojevi -> Strojevi i uređaji -> Građevinski strojevi"
"Dom & Vrt","Alati i strojevi","Strojevi i uređaji","2618","Industrijski grijači","Dom & Vrt -> Alati i strojevi -> Strojevi i uređaji -> Industrijski grijači"
"Dom & Vrt","Alati i strojevi","Strojevi i uređaji","2619","Industrijski usisivači","Dom & Vrt -> Alati i strojevi -> Strojevi i uređaji -> Industrijski usisivači"
"Dom & Vrt","Alati i strojevi","Strojevi i uređaji","2620","Kompresori","Dom & Vrt -> Alati i strojevi -> Strojevi i uređaji -> Kompresori"
"Dom & Vrt","Alati i strojevi","Strojevi i uređaji","2621","Pneumatski alat i nastavci","Dom & Vrt -> Alati i strojevi -> Strojevi i uređaji -> Pneumatski alat i nastavci"
"Dom & Vrt","Alati i strojevi","Strojevi i uređaji","2622","Aparati za varenje","Dom & Vrt -> Alati i strojevi -> Strojevi i uređaji -> Aparati za varenje"
"Dom & Vrt","Alati i strojevi","Ručni alati","2375","Ručne pile","Dom & Vrt -> Alati i strojevi -> Ručni alati -> Ručne pile"
"Dom & Vrt","Alati i strojevi","Ručni alati","2439","Dlijeta i šiljci","Dom & Vrt -> Alati i strojevi -> Ručni alati -> Dlijeta i šiljci"
"Dom & Vrt","Alati i strojevi","Ručni alati","2440","Odvijači","Dom & Vrt -> Alati i strojevi -> Ručni alati -> Odvijači"
"Dom & Vrt","Alati i strojevi","Ručni alati","2441","Čekići i mace","Dom & Vrt -> Alati i strojevi -> Ručni alati -> Čekići i mace"
"Dom & Vrt","Alati i strojevi","Ručni alati","2442","Kliješta","Dom & Vrt -> Alati i strojevi -> Ručni alati -> Kliješta"
"Dom & Vrt","Alati i strojevi","Ručni alati","2443","Ključevi","Dom & Vrt -> Alati i strojevi -> Ručni alati -> Ključevi"
"Dom & Vrt","Alati i strojevi","Ručni alati","2444","Set ključeva","Dom & Vrt -> Alati i strojevi -> Ručni alati -> Set ključeva"
"Dom & Vrt","Alati i strojevi","Ručni alati","2445","Kompleti ručnog alata","Dom & Vrt -> Alati i strojevi -> Ručni alati -> Kompleti ručnog alata"
"Dom & Vrt","Alati i strojevi","Ručni alati","2446","Noževi","Dom & Vrt -> Alati i strojevi -> Ručni alati -> Noževi"
"Dom & Vrt","Alati i strojevi","Ručni alati","2447","Turpije","Dom & Vrt -> Alati i strojevi -> Ručni alati -> Turpije"
"Dom & Vrt","Alati i strojevi","Ručni alati","2448","Pincete","Dom & Vrt -> Alati i strojevi -> Ručni alati -> Pincete"
"Dom & Vrt","Alati i strojevi","Ručni alati","2449","Stege","Dom & Vrt -> Alati i strojevi -> Ručni alati -> Stege"
"Dom & Vrt","Alati i strojevi","Ručni alati","2450","Klamerice i spajalice","Dom & Vrt -> Alati i strojevi -> Ručni alati -> Klamerice i spajalice"
"Dom & Vrt","Alati i strojevi","Ručni alati","2451","Škare","Dom & Vrt -> Alati i strojevi -> Ručni alati -> Škare"
"Dom & Vrt","Alati i strojevi","Ručni alati","2452","Ostali ručni alat","Dom & Vrt -> Alati i strojevi -> Ručni alati -> Ostali ručni alat"
"Dom & Vrt","Alati i strojevi","Uređaji za mjerenje","2453","Šestari","Dom & Vrt -> Alati i strojevi -> Uređaji za mjerenje -> Šestari"
"Dom & Vrt","Alati i strojevi","Uređaji za mjerenje","2454","Kutomjeri","Dom & Vrt -> Alati i strojevi -> Uređaji za mjerenje -> Kutomjeri"
"Dom & Vrt","Alati i strojevi","Uređaji za mjerenje","2455","Laserski mjerači","Dom & Vrt -> Alati i strojevi -> Uređaji za mjerenje -> Laserski mjerači"
"Dom & Vrt","Alati i strojevi","Uređaji za mjerenje","2456","Daljinomjeri","Dom & Vrt -> Alati i strojevi -> Uređaji za mjerenje -> Daljinomjeri"
"Dom & Vrt","Alati i strojevi","Uređaji za mjerenje","2457","Multimetri","Dom & Vrt -> Alati i strojevi -> Uređaji za mjerenje -> Multimetri"
"Dom & Vrt","Alati i strojevi","Uređaji za mjerenje","2458","Libele","Dom & Vrt -> Alati i strojevi -> Uređaji za mjerenje -> Libele"
"Dom & Vrt","Alati i strojevi","Uređaji za mjerenje","2459","Složivi metri / mjerne trake","Dom & Vrt -> Alati i strojevi -> Uređaji za mjerenje -> Složivi metri / mjerne trake"
"Dom & Vrt","Alati i strojevi","Električni i akumulatorski alat","2460","Akumulatorske bušilice / odvijači","Dom & Vrt -> Alati i strojevi -> Električni i akumulatorski alat -> Akumulatorske bušilice / odvijači"
"Dom & Vrt","Alati i strojevi","Električni i akumulatorski alat","2461","Električne bušilice","Dom & Vrt -> Alati i strojevi -> Električni i akumulatorski alat -> Električne bušilice"
"Dom & Vrt","Alati i strojevi","Električni i akumulatorski alat","2462","Fenovi na vrući zrak","Dom & Vrt -> Alati i strojevi -> Električni i akumulatorski alat -> Fenovi na vrući zrak"
"Dom & Vrt","Alati i strojevi","Električni i akumulatorski alat","2463","Kompleti električnog alata","Dom & Vrt -> Alati i strojevi -> Električni i akumulatorski alat -> Kompleti električnog alata"
"Dom & Vrt","Alati i strojevi","Električni i akumulatorski alat","2464","Kutne brusilice","Dom & Vrt -> Alati i strojevi -> Električni i akumulatorski alat -> Kutne brusilice"
"Dom & Vrt","Alati i strojevi","Električni i akumulatorski alat","2465","Kružne pile i cirkulari","Dom & Vrt -> Alati i strojevi -> Električni i akumulatorski alat -> Kružne pile i cirkulari"
"Dom & Vrt","Alati i strojevi","Električni i akumulatorski alat","2466","Pištolji za vruće lijepljenje","Dom & Vrt -> Alati i strojevi -> Električni i akumulatorski alat -> Pištolji za vruće lijepljenje"
"Dom & Vrt","Alati i strojevi","Električni i akumulatorski alat","2467","Uređaji za poliranje","Dom & Vrt -> Alati i strojevi -> Električni i akumulatorski alat -> Uređaji za poliranje"
"Dom & Vrt","Alati i strojevi","Električni i akumulatorski alat","2468","Rezači i glodalice","Dom & Vrt -> Alati i strojevi -> Električni i akumulatorski alat -> Rezači i glodalice"
"Dom & Vrt","Alati i strojevi","Električni i akumulatorski alat","2469","Blanjalice i brusilice","Dom & Vrt -> Alati i strojevi -> Električni i akumulatorski alat -> Blanjalice i brusilice"
"Dom & Vrt","Alati i strojevi","Električni i akumulatorski alat","2470","Tokarilice","Dom & Vrt -> Alati i strojevi -> Električni i akumulatorski alat -> Tokarilice"
"Dom & Vrt","Alati i strojevi","Električni i akumulatorski alat","2471","Tračne pile","Dom & Vrt -> Alati i strojevi -> Električni i akumulatorski alat -> Tračne pile"
"Dom & Vrt","Alati i strojevi","Električni i akumulatorski alat","2472","Tračne brusilice","Dom & Vrt -> Alati i strojevi -> Električni i akumulatorski alat -> Tračne brusilice"
"Dom & Vrt","Alati i strojevi","Električni i akumulatorski alat","2473","Udarne / čekić bušilice","Dom & Vrt -> Alati i strojevi -> Električni i akumulatorski alat -> Udarne / čekić bušilice"
"Dom & Vrt","Alati i strojevi","Električni i akumulatorski alat","2474","Ubodne pile","Dom & Vrt -> Alati i strojevi -> Električni i akumulatorski alat -> Ubodne pile"
"Dom & Vrt","Alati i strojevi","Električni i akumulatorski alat","2475","Ostali alat","Dom & Vrt -> Alati i strojevi -> Električni i akumulatorski alat -> Ostali alat"
"Dom & Vrt","Alati i strojevi","Radionica","2476","Kolica za alat","Dom & Vrt -> Alati i strojevi -> Radionica -> Kolica za alat"
"Dom & Vrt","Alati i strojevi","Radionica","2477","Radne svjetiljke","Dom & Vrt -> Alati i strojevi -> Radionica -> Radne svjetiljke"
"Dom & Vrt","Alati i strojevi","Radionica","2478","Uređaji za podizanje","Dom & Vrt -> Alati i strojevi -> Radionica -> Uređaji za podizanje"
"Dom & Vrt","Alati i strojevi","Radionica","2479","Građevinski radio","Dom & Vrt -> Alati i strojevi -> Radionica -> Građevinski radio"
"Dom & Vrt","Alati i strojevi","Radionica","2480","Kovčezi, torbe i kutije za alat","Dom & Vrt -> Alati i strojevi -> Radionica -> Kovčezi, torbe i kutije za alat"
"Dom & Vrt","Alati i strojevi","Radionica","2481","Ljestve","Dom & Vrt -> Alati i strojevi -> Radionica -> Ljestve"
"Dom & Vrt","Alati i strojevi","Radionica","2482","Ormari, police i stolovi","Dom & Vrt -> Alati i strojevi -> Radionica -> Ormari, police i stolovi"
"Dom & Vrt","Alati i strojevi","Radionica","2483","Ručne i fiksne stege","Dom & Vrt -> Alati i strojevi -> Radionica -> Ručne i fiksne stege"
"Dom & Vrt","Alati i strojevi","Pribor i potrošni materijal","2484","Baterije i punjači za alat","Dom & Vrt -> Alati i strojevi -> Pribor i potrošni materijal -> Baterije i punjači za alat"
"Dom & Vrt","Alati i strojevi","Pribor i potrošni materijal","2485","Brusne ploče","Dom & Vrt -> Alati i strojevi -> Pribor i potrošni materijal -> Brusne ploče"
"Dom & Vrt","Alati i strojevi","Pribor i potrošni materijal","2486","Listovi za pile","Dom & Vrt -> Alati i strojevi -> Pribor i potrošni materijal -> Listovi za pile"
"Dom & Vrt","Alati i strojevi","Pribor i potrošni materijal","2487","Matice","Dom & Vrt -> Alati i strojevi -> Pribor i potrošni materijal -> Matice"
"Dom & Vrt","Alati i strojevi","Pribor i potrošni materijal","2488","Nastavci za bušilice","Dom & Vrt -> Alati i strojevi -> Pribor i potrošni materijal -> Nastavci za bušilice"
"Dom & Vrt","Alati i strojevi","Pribor i potrošni materijal","2489","Obujmice","Dom & Vrt -> Alati i strojevi -> Pribor i potrošni materijal -> Obujmice"
"Dom & Vrt","Alati i strojevi","Pribor i potrošni materijal","2490","Ulja i maziva","Dom & Vrt -> Alati i strojevi -> Pribor i potrošni materijal -> Ulja i maziva"
"Dom & Vrt","Alati i strojevi","Pribor i potrošni materijal","2491","Podloške","Dom & Vrt -> Alati i strojevi -> Pribor i potrošni materijal -> Podloške"
"Dom & Vrt","Alati i strojevi","Pribor i potrošni materijal","2492","Rezne ploče","Dom & Vrt -> Alati i strojevi -> Pribor i potrošni materijal -> Rezne ploče"
"Dom & Vrt","Alati i strojevi","Pribor i potrošni materijal","2493","Spajalice i klinovi","Dom & Vrt -> Alati i strojevi -> Pribor i potrošni materijal -> Spajalice i klinovi"
"Dom & Vrt","Alati i strojevi","Pribor i potrošni materijal","2494","Svrdla","Dom & Vrt -> Alati i strojevi -> Pribor i potrošni materijal -> Svrdla"
"Dom & Vrt","Alati i strojevi","Pribor i potrošni materijal","2495","Vijci","Dom & Vrt -> Alati i strojevi -> Pribor i potrošni materijal -> Vijci"
"Dom & Vrt","Alati i strojevi","Pribor i potrošni materijal","2496","Ostali dodaci","Dom & Vrt -> Alati i strojevi -> Pribor i potrošni materijal -> Ostali dodaci"
"Dom & Vrt","Alati i strojevi","Poljoprivredni strojevi i vinogradarstvo","2497","Kanistri, demižoni i bačve","Dom & Vrt -> Alati i strojevi -> Poljoprivredni strojevi i vinogradarstvo -> Kanistri, demižoni i bačve"
"Dom & Vrt","Alati i strojevi","Poljoprivredni strojevi i vinogradarstvo","2498","Oprema za vinske podrume i vinograde","Dom & Vrt -> Alati i strojevi -> Poljoprivredni strojevi i vinogradarstvo -> Oprema za vinske podrume i vinograde"
"Dom & Vrt","Alati i strojevi","Poljoprivredni strojevi i vinogradarstvo","2499","Traktori i oprema","Dom & Vrt -> Alati i strojevi -> Poljoprivredni strojevi i vinogradarstvo -> Traktori i oprema"
"Dom & Vrt","Alati i strojevi","Zaštitna oprema","2500","Zaštita za visinske radove","Dom & Vrt -> Alati i strojevi -> Zaštitna oprema -> Zaštita za visinske radove"
"Dom & Vrt","Alati i strojevi","Zaštitna oprema","2501","Respiratorna zaštita","Dom & Vrt -> Alati i strojevi -> Zaštitna oprema -> Respiratorna zaštita"
"Dom & Vrt","Alati i strojevi","Zaštitna oprema","2502","Zaštita glave / očiju / lica","Dom & Vrt -> Alati i strojevi -> Zaštitna oprema -> Zaštita glave / očiju / lica"
"Dom & Vrt","Alati i strojevi","Zaštitna oprema","2503","Zaštita ruku","Dom & Vrt -> Alati i strojevi -> Zaštitna oprema -> Zaštita ruku"
"Dom & Vrt","Alati i strojevi","Zaštitna oprema","2504","Zaštita sluha","Dom & Vrt -> Alati i strojevi -> Zaštitna oprema -> Zaštita sluha"
"Dom & Vrt","Alati i strojevi","Zaštitna oprema","2505","Zaštitna odjeća","Dom & Vrt -> Alati i strojevi -> Zaštitna oprema -> Zaštitna odjeća"
"Dom & Vrt","Alati i strojevi","Zaštitna oprema","2506","Zaštitna obuća","Dom & Vrt -> Alati i strojevi -> Zaštitna oprema -> Zaštitna obuća"
"Dom & Vrt","Kućni ljubimci","Psi","2322","Hrana za pse","Dom & Vrt -> Kućni ljubimci -> Psi -> Hrana za pse"
"Dom & Vrt","Kućni ljubimci","Psi","2323","Igračke za pse","Dom & Vrt -> Kućni ljubimci -> Psi -> Igračke za pse"
"Dom & Vrt","Kućni ljubimci","Psi","2324","Njega i kozmetika za pse","Dom & Vrt -> Kućni ljubimci -> Psi -> Njega i kozmetika za pse"
"Dom & Vrt","Kućni ljubimci","Psi","2325","Odjeća i obuća za pse","Dom & Vrt -> Kućni ljubimci -> Psi -> Odjeća i obuća za pse"
"Dom & Vrt","Kućni ljubimci","Psi","2326","Ogrlice i orme za pse","Dom & Vrt -> Kućni ljubimci -> Psi -> Ogrlice i orme za pse"
"Dom & Vrt","Kućni ljubimci","Psi","2327","Kućica i kreveti za pse","Dom & Vrt -> Kućni ljubimci -> Psi -> Kućica i kreveti za pse"
"Dom & Vrt","Kućni ljubimci","Psi","2328","Posude za pse","Dom & Vrt -> Kućni ljubimci -> Psi -> Posude za pse"
"Dom & Vrt","Kućni ljubimci","Psi","2329","Povodci za pse","Dom & Vrt -> Kućni ljubimci -> Psi -> Povodci za pse"
"Dom & Vrt","Kućni ljubimci","Psi","2330","Dodaci prehrani za pse","Dom & Vrt -> Kućni ljubimci -> Psi -> Dodaci prehrani za pse"
"Dom & Vrt","Kućni ljubimci","Psi","2331","Poslastice i grickalice za pse","Dom & Vrt -> Kućni ljubimci -> Psi -> Poslastice i grickalice za pse"
"Dom & Vrt","Kućni ljubimci","Psi","2332","Transporteri za pse","Dom & Vrt -> Kućni ljubimci -> Psi -> Transporteri za pse"
"Dom & Vrt","Kućni ljubimci","Mačke","2333","Hrana za mačke","Dom & Vrt -> Kućni ljubimci -> Mačke -> Hrana za mačke"
"Dom & Vrt","Kućni ljubimci","Mačke","2334","Kreveti i košare za mačke","Dom & Vrt -> Kućni ljubimci -> Mačke -> Kreveti i košare za mačke"
"Dom & Vrt","Kućni ljubimci","Mačke","2335","WC za mačke","Dom & Vrt -> Kućni ljubimci -> Mačke -> WC za mačke"
"Dom & Vrt","Kućni ljubimci","Mačke","2336","Njega i kozmetika za mačke","Dom & Vrt -> Kućni ljubimci -> Mačke -> Njega i kozmetika za mačke"
"Dom & Vrt","Kućni ljubimci","Mačke","2337","Ogrlice i vodilice za mačke","Dom & Vrt -> Kućni ljubimci -> Mačke -> Ogrlice i vodilice za mačke"
"Dom & Vrt","Kućni ljubimci","Mačke","2338","Posude za mačke","Dom & Vrt -> Kućni ljubimci -> Mačke -> Posude za mačke"
"Dom & Vrt","Kućni ljubimci","Mačke","2339","Povodci za mačke","Dom & Vrt -> Kućni ljubimci -> Mačke -> Povodci za mačke"
"Dom & Vrt","Kućni ljubimci","Mačke","2340","Grebalice i igračke","Dom & Vrt -> Kućni ljubimci -> Mačke -> Grebalice i igračke"
"Dom & Vrt","Kućni ljubimci","Mačke","2341","Dodaci prehrani za mačke","Dom & Vrt -> Kućni ljubimci -> Mačke -> Dodaci prehrani za mačke"
"Dom & Vrt","Kućni ljubimci","Mačke","2342","Poslastice i grickalice za mačke","Dom & Vrt -> Kućni ljubimci -> Mačke -> Poslastice i grickalice za mačke"
"Dom & Vrt","Kućni ljubimci","Mačke","2343","Transporteri za mačke","Dom & Vrt -> Kućni ljubimci -> Mačke -> Transporteri za mačke"
"Dom & Vrt","Kućni ljubimci","Mačke","2344","Ostala oprema za mačke","Dom & Vrt -> Kućni ljubimci -> Mačke -> Ostala oprema za mačke"
"Dom & Vrt","Kućni ljubimci","Akvaristika","2345","Akvariji","Dom & Vrt -> Kućni ljubimci -> Akvaristika -> Akvariji"
"Dom & Vrt","Kućni ljubimci","Akvaristika","2346","Filteri i pumpe za akvarije","Dom & Vrt -> Kućni ljubimci -> Akvaristika -> Filteri i pumpe za akvarije"
"Dom & Vrt","Kućni ljubimci","Akvaristika","2347","Hrana za ribe","Dom & Vrt -> Kućni ljubimci -> Akvaristika -> Hrana za ribe"
"Dom & Vrt","Kućni ljubimci","Akvaristika","2348","Oprema za akvarij","Dom & Vrt -> Kućni ljubimci -> Akvaristika -> Oprema za akvarij"
"Dom & Vrt","Kućni ljubimci","Akvaristika","2349","Održavanje / čišćenje akvarija","Dom & Vrt -> Kućni ljubimci -> Akvaristika -> Održavanje / čišćenje akvarija"
"Dom & Vrt","Kućni ljubimci","Glodavci","2350","Hrana za glodavce","Dom & Vrt -> Kućni ljubimci -> Glodavci -> Hrana za glodavce"
"Dom & Vrt","Kućni ljubimci","Glodavci","2351","Igračke za glodavce","Dom & Vrt -> Kućni ljubimci -> Glodavci -> Igračke za glodavce"
"Dom & Vrt","Kućni ljubimci","Glodavci","2352","Kavezi i kućice za glodavce","Dom & Vrt -> Kućni ljubimci -> Glodavci -> Kavezi i kućice za glodavce"
"Dom & Vrt","Kućni ljubimci","Glodavci","2353","Njega i higijena za glodavce","Dom & Vrt -> Kućni ljubimci -> Glodavci -> Njega i higijena za glodavce"
"Dom & Vrt","Kućni ljubimci","Glodavci","2354","Oprema za kaveze","Dom & Vrt -> Kućni ljubimci -> Glodavci -> Oprema za kaveze"
"Dom & Vrt","Kućni ljubimci","Glodavci","2355","Vodilice i povodci za glodavce","Dom & Vrt -> Kućni ljubimci -> Glodavci -> Vodilice i povodci za glodavce"
"Dom & Vrt","Kućni ljubimci","Glodavci","2356","Poslastice i vitamini za glodavce","Dom & Vrt -> Kućni ljubimci -> Glodavci -> Poslastice i vitamini za glodavce"
"Dom & Vrt","Kućni ljubimci","Glodavci","2357","Transporteri za glodavce","Dom & Vrt -> Kućni ljubimci -> Glodavci -> Transporteri za glodavce"
"Dom & Vrt","Kućni ljubimci","Glodavci","2358","Održavanje i čišćenje za glodavce","Dom & Vrt -> Kućni ljubimci -> Glodavci -> Održavanje i čišćenje za glodavce"
"Dom & Vrt","Kućni ljubimci","Ptice","2359","Hrana za ptice","Dom & Vrt -> Kućni ljubimci -> Ptice -> Hrana za ptice"
"Dom & Vrt","Kućni ljubimci","Ptice","2360","Igračke za ptice","Dom & Vrt -> Kućni ljubimci -> Ptice -> Igračke za ptice"
"Dom & Vrt","Kućni ljubimci","Ptice","2361","Kavezi i hranilice za ptice","Dom & Vrt -> Kućni ljubimci -> Ptice -> Kavezi i hranilice za ptice"
"Dom & Vrt","Kućni ljubimci","Ptice","2362","Dodaci za kavez za ptice","Dom & Vrt -> Kućni ljubimci -> Ptice -> Dodaci za kavez za ptice"
"Dom & Vrt","Kućni ljubimci","Ptice","2363","Poslastice / vitamini za ptice","Dom & Vrt -> Kućni ljubimci -> Ptice -> Poslastice / vitamini za ptice"
"Dom & Vrt","Kućni ljubimci","Ribnjaci","2364","Pumpe i filteri za ribnjake","Dom & Vrt -> Kućni ljubimci -> Ribnjaci -> Pumpe i filteri za ribnjake"
"Dom & Vrt","Kućni ljubimci","Ribnjaci","2365","Dekoracije za ribnjake","Dom & Vrt -> Kućni ljubimci -> Ribnjaci -> Dekoracije za ribnjake"
"Dom & Vrt","Kućni ljubimci","Ribnjaci","2366","Ribnjaci i oprema","Dom & Vrt -> Kućni ljubimci -> Ribnjaci -> Ribnjaci i oprema"
"Dom & Vrt","Kućni ljubimci","Teraristika","2367","Hrana i oprema za gmazove","Dom & Vrt -> Kućni ljubimci -> Teraristika -> Hrana i oprema za gmazove"
"Dom & Vrt","Kućni ljubimci","Teraristika","2368","Terariji","Dom & Vrt -> Kućni ljubimci -> Teraristika -> Terariji"
"Dom & Vrt","Kućni ljubimci","Teraristika","2369","Oprema za terarije","Dom & Vrt -> Kućni ljubimci -> Teraristika -> Oprema za terarije"
"Dom & Vrt","Graditeljstvo","Sanitarna keramika","2507","Bidei","Dom & Vrt -> Graditeljstvo -> Sanitarna keramika -> Bidei"
"Dom & Vrt","Graditeljstvo","Sanitarna keramika","2508","Tuš kabine i kade","Dom & Vrt -> Graditeljstvo -> Sanitarna keramika -> Tuš kabine i kade"
"Dom & Vrt","Graditeljstvo","Sanitarna keramika","2509","Umivaonici","Dom & Vrt -> Graditeljstvo -> Sanitarna keramika -> Umivaonici"
"Dom & Vrt","Graditeljstvo","Sanitarna keramika","2510","WC daske","Dom & Vrt -> Graditeljstvo -> Sanitarna keramika -> WC daske"
"Dom & Vrt","Graditeljstvo","Sanitarna keramika","2511","Vodokotlići","Dom & Vrt -> Graditeljstvo -> Sanitarna keramika -> Vodokotlići"
"Dom & Vrt","Graditeljstvo","Sanitarna keramika","2512","WC školjke i pisoari","Dom & Vrt -> Graditeljstvo -> Sanitarna keramika -> WC školjke i pisoari"
"Dom & Vrt","Graditeljstvo","Sanitarna keramika","2513","Pribor za sanitarnu keramiku","Dom & Vrt -> Graditeljstvo -> Sanitarna keramika -> Pribor za sanitarnu keramiku"
"Dom & Vrt","Graditeljstvo","Boje, lakovi i premazi","2514","Boje","Dom & Vrt -> Graditeljstvo -> Boje, lakovi i premazi -> Boje"
"Dom & Vrt","Graditeljstvo","Boje, lakovi i premazi","2515","Lakovi i ulja","Dom & Vrt -> Graditeljstvo -> Boje, lakovi i premazi -> Lakovi i ulja"
"Dom & Vrt","Graditeljstvo","Boje, lakovi i premazi","2516","Premazi / Zaštite","Dom & Vrt -> Graditeljstvo -> Boje, lakovi i premazi -> Premazi / Zaštite"
"Dom & Vrt","Graditeljstvo","Boje, lakovi i premazi","2517","Razrjeđivači","Dom & Vrt -> Graditeljstvo -> Boje, lakovi i premazi -> Razrjeđivači"
"Dom & Vrt","Graditeljstvo","Boje, lakovi i premazi","2518","Sprejevi","Dom & Vrt -> Graditeljstvo -> Boje, lakovi i premazi -> Sprejevi"
"Dom & Vrt","Graditeljstvo","Pribor za bojanje","2519","Četke","Dom & Vrt -> Graditeljstvo -> Pribor za bojanje -> Četke"
"Dom & Vrt","Graditeljstvo","Pribor za bojanje","2520","Lopatice","Dom & Vrt -> Graditeljstvo -> Pribor za bojanje -> Lopatice"
"Dom & Vrt","Graditeljstvo","Pribor za bojanje","2521","Trake","Dom & Vrt -> Graditeljstvo -> Pribor za bojanje -> Trake"
"Dom & Vrt","Graditeljstvo","Pribor za bojanje","2522","Cilindri","Dom & Vrt -> Graditeljstvo -> Pribor za bojanje -> Cilindri"
"Dom & Vrt","Graditeljstvo","Pribor za bojanje","2523","Ostali pribor za bojanje","Dom & Vrt -> Graditeljstvo -> Pribor za bojanje -> Ostali pribor za bojanje"
"Dom & Vrt","Graditeljstvo","Ljepila, sredstva i mase za brtvljenje","2524","Mase za fugiranje","Dom & Vrt -> Graditeljstvo -> Ljepila, sredstva i mase za brtvljenje -> Mase za fugiranje"
"Dom & Vrt","Graditeljstvo","Ljepila, sredstva i mase za brtvljenje","2525","Mase za izravnavanje","Dom & Vrt -> Graditeljstvo -> Ljepila, sredstva i mase za brtvljenje -> Mase za izravnavanje"
"Dom & Vrt","Graditeljstvo","Ljepila, sredstva i mase za brtvljenje","2526","Ljepila","Dom & Vrt -> Graditeljstvo -> Ljepila, sredstva i mase za brtvljenje -> Ljepila"
"Dom & Vrt","Graditeljstvo","Ljepila, sredstva i mase za brtvljenje","2527","Ljepljive trake","Dom & Vrt -> Graditeljstvo -> Ljepila, sredstva i mase za brtvljenje -> Ljepljive trake"
"Dom & Vrt","Graditeljstvo","Ljepila, sredstva i mase za brtvljenje","2528","Poliuretanske pjene","Dom & Vrt -> Graditeljstvo -> Ljepila, sredstva i mase za brtvljenje -> Poliuretanske pjene"
"Dom & Vrt","Graditeljstvo","Ljepila, sredstva i mase za brtvljenje","2529","Silikoni","Dom & Vrt -> Graditeljstvo -> Ljepila, sredstva i mase za brtvljenje -> Silikoni"
"Dom & Vrt","Graditeljstvo","Ljepila, sredstva i mase za brtvljenje","2530","Brtve","Dom & Vrt -> Graditeljstvo -> Ljepila, sredstva i mase za brtvljenje -> Brtve"
"Dom & Vrt","Graditeljstvo","Ljepila, sredstva i mase za brtvljenje","2531","Pribor za lijepljenje","Dom & Vrt -> Graditeljstvo -> Ljepila, sredstva i mase za brtvljenje -> Pribor za lijepljenje"
"Dom & Vrt","Graditeljstvo","Građevinski materijal","2532","Cement, mort i žbuka","Dom & Vrt -> Graditeljstvo -> Građevinski materijal -> Cement, mort i žbuka"
"Dom & Vrt","Graditeljstvo","Građevinski materijal","2533","Dimovodni elementi","Dom & Vrt -> Graditeljstvo -> Građevinski materijal -> Dimovodni elementi"
"Dom & Vrt","Graditeljstvo","Građevinski materijal","2534","Izolacije","Dom & Vrt -> Graditeljstvo -> Građevinski materijal -> Izolacije"
"Dom & Vrt","Graditeljstvo","Građevinski materijal","2535","Gipsane ploče","Dom & Vrt -> Graditeljstvo -> Građevinski materijal -> Gipsane ploče"
"Dom & Vrt","Graditeljstvo","Građevinski materijal","2536","OSB i ISB ploče","Dom & Vrt -> Graditeljstvo -> Građevinski materijal -> OSB i ISB ploče"
"Dom & Vrt","Graditeljstvo","Građevinski materijal","2537","Profili i dodaci","Dom & Vrt -> Graditeljstvo -> Građevinski materijal -> Profili i dodaci"
"Dom & Vrt","Graditeljstvo","Građevinski materijal","2538","Krovna građa","Dom & Vrt -> Graditeljstvo -> Građevinski materijal -> Krovna građa"
"Dom & Vrt","Graditeljstvo","Građevinski materijal","2539","Cigle","Dom & Vrt -> Graditeljstvo -> Građevinski materijal -> Cigle"
"Dom & Vrt","Graditeljstvo","Građevinski materijal","2540","Željezni drveni i oplatni elementi","Dom & Vrt -> Graditeljstvo -> Građevinski materijal -> Željezni drveni i oplatni elementi"
"Dom & Vrt","Graditeljstvo","Stolarija","2541","Garažna vrata","Dom & Vrt -> Graditeljstvo -> Stolarija -> Garažna vrata"
"Dom & Vrt","Graditeljstvo","Stolarija","2542","Nadstrešnice","Dom & Vrt -> Graditeljstvo -> Stolarija -> Nadstrešnice"
"Dom & Vrt","Graditeljstvo","Stolarija","2543","Sobna vrata","Dom & Vrt -> Graditeljstvo -> Stolarija -> Sobna vrata"
"Dom & Vrt","Graditeljstvo","Stolarija","2544","Prozori","Dom & Vrt -> Graditeljstvo -> Stolarija -> Prozori"
"Dom & Vrt","Graditeljstvo","Stolarija","2545","Stepenice","Dom & Vrt -> Graditeljstvo -> Stolarija -> Stepenice"
"Dom & Vrt","Graditeljstvo","Stolarija","2546","Krovni prozori","Dom & Vrt -> Graditeljstvo -> Stolarija -> Krovni prozori"
"Dom & Vrt","Graditeljstvo","Stolarija","2547","Ulazna vrata","Dom & Vrt -> Graditeljstvo -> Stolarija -> Ulazna vrata"
"Dom & Vrt","Graditeljstvo","Vodovod i odvodnja","2548","Hidrofori / hidropaki","Dom & Vrt -> Graditeljstvo -> Vodovod i odvodnja -> Hidrofori / hidropaki"
"Dom & Vrt","Graditeljstvo","Vodovod i odvodnja","2549","Omekšavanje vode","Dom & Vrt -> Graditeljstvo -> Vodovod i odvodnja -> Omekšavanje vode"
"Dom & Vrt","Graditeljstvo","Vodovod i odvodnja","2550","Drenaža","Dom & Vrt -> Graditeljstvo -> Vodovod i odvodnja -> Drenaža"
"Dom & Vrt","Graditeljstvo","Vodovod i odvodnja","2551","Vodovodne cijevi","Dom & Vrt -> Graditeljstvo -> Vodovod i odvodnja -> Vodovodne cijevi"
"Dom & Vrt","Graditeljstvo","Vodovod i odvodnja","2552","Vodovodni pribor","Dom & Vrt -> Graditeljstvo -> Vodovod i odvodnja -> Vodovodni pribor"
"Dom & Vrt","Graditeljstvo","Podne i zidne obloge","490","Keramičke pločice","Dom & Vrt -> Graditeljstvo -> Podne i zidne obloge -> Keramičke pločice"
"Dom & Vrt","Graditeljstvo","Podne i zidne obloge","2553","Laminatni paneli","Dom & Vrt -> Graditeljstvo -> Podne i zidne obloge -> Laminatni paneli"
"Dom & Vrt","Graditeljstvo","Podne i zidne obloge","2554","Parketi","Dom & Vrt -> Graditeljstvo -> Podne i zidne obloge -> Parketi"
"Dom & Vrt","Graditeljstvo","Podne i zidne obloge","2555","Podloge, letve i profili","Dom & Vrt -> Graditeljstvo -> Podne i zidne obloge -> Podloge, letve i profili"
"Dom & Vrt","Graditeljstvo","Podne i zidne obloge","2556","Zidne obloge","Dom & Vrt -> Graditeljstvo -> Podne i zidne obloge -> Zidne obloge"
"Dom & Vrt","Graditeljstvo","Podne i zidne obloge","2557","Podne obloge","Dom & Vrt -> Graditeljstvo -> Podne i zidne obloge -> Podne obloge"
"Dom & Vrt","Graditeljstvo","Podne i zidne obloge","2558","Vanjske podne obloge","Dom & Vrt -> Graditeljstvo -> Podne i zidne obloge -> Vanjske podne obloge"
"Dom & Vrt","Graditeljstvo","Podne i zidne obloge","2559","Ostale podne i zidne obloge","Dom & Vrt -> Graditeljstvo -> Podne i zidne obloge -> Ostale podne i zidne obloge"
"Dom & Vrt","Graditeljstvo","Elektro materijal","2560","Električni kabeli i provodnici","Dom & Vrt -> Graditeljstvo -> Elektro materijal -> Električni kabeli i provodnici"
"Dom & Vrt","Graditeljstvo","Elektro materijal","2561","Električni produžni kabeli i razdjelnici","Dom & Vrt -> Graditeljstvo -> Elektro materijal -> Električni produžni kabeli i razdjelnici"
"Dom & Vrt","Graditeljstvo","Elektro materijal","2562","Mjerni instrumenti","Dom & Vrt -> Graditeljstvo -> Elektro materijal -> Mjerni instrumenti"
"Dom & Vrt","Graditeljstvo","Elektro materijal","2563","Razvodne ormari i kutije","Dom & Vrt -> Graditeljstvo -> Elektro materijal -> Razvodne ormari i kutije"
"Dom & Vrt","Graditeljstvo","Elektro materijal","2564","Spojke i vezice","Dom & Vrt -> Graditeljstvo -> Elektro materijal -> Spojke i vezice"
"Dom & Vrt","Graditeljstvo","Elektro materijal","2565","Prekidači, tipkala i utičnice","Dom & Vrt -> Graditeljstvo -> Elektro materijal -> Prekidači, tipkala i utičnice"
"Dom & Vrt","Graditeljstvo","Elektro materijal","2566","Podno grijanje","Dom & Vrt -> Graditeljstvo -> Elektro materijal -> Podno grijanje"
"Dom & Vrt","Graditeljstvo","Elektro materijal","2567","Osigurači","Dom & Vrt -> Graditeljstvo -> Elektro materijal -> Osigurači"
"Dom & Vrt","Graditeljstvo","Elektro materijal","2568","Elektro oprema i pribor","Dom & Vrt -> Graditeljstvo -> Elektro materijal -> Elektro oprema i pribor"
"Dom & Vrt","Graditeljstvo","Elektrotehničke komponente","2569","Aktivne komponente","Dom & Vrt -> Graditeljstvo -> Elektrotehničke komponente -> Aktivne komponente"
"Dom & Vrt","Graditeljstvo","Elektrotehničke komponente","2570","Akumulatori i baterije","Dom & Vrt -> Graditeljstvo -> Elektrotehničke komponente -> Akumulatori i baterije"
"Dom & Vrt","Graditeljstvo","Elektrotehničke komponente","2571","Automatizacija","Dom & Vrt -> Graditeljstvo -> Elektrotehničke komponente -> Automatizacija"
"Dom & Vrt","Graditeljstvo","Elektrotehničke komponente","2572","Elektromehanika","Dom & Vrt -> Graditeljstvo -> Elektrotehničke komponente -> Elektromehanika"
"Dom & Vrt","Graditeljstvo","Elektrotehničke komponente","2573","Izrada zvučnika","Dom & Vrt -> Graditeljstvo -> Elektrotehničke komponente -> Izrada zvučnika"
"Dom & Vrt","Graditeljstvo","Elektrotehničke komponente","2574","Kabeli","Dom & Vrt -> Graditeljstvo -> Elektrotehničke komponente -> Kabeli"
"Dom & Vrt","Graditeljstvo","Elektrotehničke komponente","2575","Setovi za sklapanje i moduli","Dom & Vrt -> Graditeljstvo -> Elektrotehničke komponente -> Setovi za sklapanje i moduli"
"Dom & Vrt","Graditeljstvo","Elektrotehničke komponente","2576","Konektori","Dom & Vrt -> Graditeljstvo -> Elektrotehničke komponente -> Konektori"
"Dom & Vrt","Graditeljstvo","Elektrotehničke komponente","2577","Mjerni instrumenti i laboratorijska oprema","Dom & Vrt -> Graditeljstvo -> Elektrotehničke komponente -> Mjerni instrumenti i laboratorijska oprema"
"Dom & Vrt","Graditeljstvo","Elektrotehničke komponente","2578","Napajanja","Dom & Vrt -> Graditeljstvo -> Elektrotehničke komponente -> Napajanja"
"Dom & Vrt","Graditeljstvo","Elektrotehničke komponente","2579","Kućišta","Dom & Vrt -> Graditeljstvo -> Elektrotehničke komponente -> Kućišta"
"Dom & Vrt","Graditeljstvo","Elektrotehničke komponente","2580","Optoelektronika","Dom & Vrt -> Graditeljstvo -> Elektrotehničke komponente -> Optoelektronika"
"Dom & Vrt","Graditeljstvo","Elektrotehničke komponente","2581","Pasivne komponente","Dom & Vrt -> Graditeljstvo -> Elektrotehničke komponente -> Pasivne komponente"
"Dom & Vrt","Graditeljstvo","Elektrotehničke komponente","2582","Gume i fluidi","Dom & Vrt -> Graditeljstvo -> Elektrotehničke komponente -> Gume i fluidi"
"Dom & Vrt","Graditeljstvo","Elektrotehničke komponente","2583","Senzori","Dom & Vrt -> Graditeljstvo -> Elektrotehničke komponente -> Senzori"
"Dom & Vrt","Graditeljstvo","Elektrotehničke komponente","2584","Prekidači i sklopke","Dom & Vrt -> Graditeljstvo -> Elektrotehničke komponente -> Prekidači i sklopke"
